Object ID,Geographic Identifier - FIPS Code,Tract Name,Area of Land (Square Meters),Area of Water (Square Meters),State Name,County Name,Total Population,Population 65 Years and Over,Population 65 Years and Over - Margin of Error,Percent of Population that is 65 Years and Over,Object ID,Join_Count,TARGET_FID,National Risk Index ID,State Name,State Name Abbreviation,State FIPS Code,County Name,County Type,County FIPS Code,State-County FIPS Code,Census Tract,Census Tract FIPS Code,Population (2020),Building Value ($),Agriculture Value ($),Area (sq mi),Heat Wave - Number of Events,Heat Wave - Annualized Frequency,Heat Wave - Exposure - Impacted Area (sq mi),Heat Wave - Exposure - Building Value,Heat Wave - Exposure - Population,Heat Wave - Exposure - Population Equivalence,Heat Wave - Exposure - Agriculture Value,Heat Wave - Exposure - Total,Inland Flooding - Number of Events,Inland Flooding - Annualized Frequency,Inland Flooding - Exposure - Impacted Area (sq mi),Inland Flooding - Exposure - Building Value,Inland Flooding - Exposure - Population,Inland Flooding - Exposure - Population Equivalence,Inland Flooding - Exposure - Agriculture Value,Inland Flooding - Exposure - Total,Inland Flooding - Historic Loss Ratio - Buildings,Inland Flooding - Historic Loss Ratio - Population,Inland Flooding - Historic Loss Ratio - Agriculture,Inland Flooding - Historic Loss Ratio - Total Rating,Inland Flooding - Expected Annual Loss - Building Value,Inland Flooding - Expected Annual Loss - Population,Inland Flooding - Expected Annual Loss - Population Equivalence,Inland Flooding - Expected Annual Loss - Agriculture Value,Inland Flooding - Expected Annual Loss - Total,Inland Flooding - Expected Annual Loss Score,Inland Flooding - Expected Annual Loss Rating,Inland Flooding - Expected Annual Loss Rate - Building,Inland Flooding - Expected Annual Loss Rate - Population,Inland Flooding - Expected Annual Loss Rate - Agriculture,Inland Flooding - Expected Annual Loss Rate - National Percentile,Inland Flooding - Hazard Type Risk Index Value,Inland Flooding - Hazard Type Risk Index Score,Inland Flooding - Hazard Type Risk Index Rating,Strong Wind - Number of Events,Tsunami - Number of Events,Tsunami - Annualized Frequency,Tsunami - Exposure - Impacted Area (sq mi),Tsunami - Exposure - Building Value,Tsunami - Exposure - Population,Tsunami - Exposure - Population Equivalence,Tsunami - Exposure - Total,Tsunami - Historic Loss Ratio - Buildings,Tsunami - Historic Loss Ratio - Population,Tsunami - Historic Loss Ratio - Total Rating,Tsunami - Expected Annual Loss - Building Value,Tsunami - Expected Annual Loss - Population,Tsunami - Expected Annual Loss - Population Equivalence,Tsunami - Expected Annual Loss - Total,Tsunami - Expected Annual Loss Score,Tsunami - Expected Annual Loss Rating,Tsunami - Expected Annual Loss Rate - Building,Tsunami - Expected Annual Loss Rate - Population,Tsunami - Expected Annual Loss Rate - National Percentile,Tsunami - Hazard Type Risk Index Value,Tsunami - Hazard Type Risk Index Score,Tsunami - Hazard Type Risk Index Rating,Wildfire - Number of Events,Wildfire - Annualized Frequency,Wildfire - Exposure - Impacted Area (sq mi),Wildfire - Exposure - Building Value,Wildfire - Exposure - Population,Wildfire - Exposure - Population Equivalence,Wildfire - Exposure - Agriculture Value,Wildfire - Exposure - Total,Wildfire - Historic Loss Ratio - Buildings,Wildfire - Historic Loss Ratio - Population,Wildfire - Historic Loss Ratio - Agriculture,Wildfire - Historic Loss Ratio - Total Rating,Wildfire - Expected Annual Loss - Building Value,Wildfire - Expected Annual Loss - Population,Wildfire - Expected Annual Loss - Population Equivalence,Wildfire - Expected Annual Loss - Agriculture Value,Wildfire - Expected Annual Loss - Total,Wildfire - Expected Annual Loss Score,Wildfire - Expected Annual Loss Rating,Wildfire - Expected Annual Loss Rate - Building,Wildfire - Expected Annual Loss Rate - Population,Wildfire - Expected Annual Loss Rate - Agriculture,Wildfire - Expected Annual Loss Rate - National Percentile,Wildfire - Hazard Type Risk Index Value,Wildfire - Hazard Type Risk Index Score,Wildfire - Hazard Type Risk Index Rating,National Risk Index Version,Shape_Length,Shape_Area
1,06085500100,Census Tract 5001,1922120,0,California,Santa Clara County,8285,929,306,11.2,1,3,20476,T06085500100,California,CA,06,Santa Clara,County,085,06085,500100,06085500100,7969,1465033102,0,0.7496268,111,8.526315789,0.749624932,1465033102,7969,1.09175E+11,0,1.1064E+11,58,2.071428571,0.612344953,1465032760,266.4684248,3650617419,0,5115650179,0.001080384,1.09048E-06,0.014568827,Relatively Moderate,3278651.562,0.000601913,8246.202372,0,3286897.764,98.84209785,Very High,0.002237937,7.55318E-08,0,96.0166287,2494716.493,95.86767032,Very High,2,,,,,,,,,,Not Applicable,,,,,,Not Applicable,,,,,,Not Applicable,,1E-05,0.008804838,14228742.42,102.5460193,1404880464,0,1419109207,0.3,0.000206506,0.002785553,Very Low,42.68622617,2.11764E-07,2.901162378,0,45.58738855,31.64948331,Very Low,2.91367E-08,2.65734E-11,0,30.81944989,34.60028825,28.50058863,Very Low,December 2025,7616.390304,3047738.133
2,06085500200,Census Tract 5002,1680335,0,California,Santa Clara County,5439,343,125,6.3,2,5,20477,T06085500100,California,CA,06,Santa Clara,County,085,06085,500100,06085500100,7969,1465033102,0,0.7496268,111,8.526315789,0.749624932,1465033102,7969,1.09175E+11,0,1.1064E+11,58,2.071428571,0.612344953,1465032760,266.4684248,3650617419,0,5115650179,0.001080384,1.09048E-06,0.014568827,Relatively Moderate,3278651.562,0.000601913,8246.202372,0,3286897.764,98.84209785,Very High,0.002237937,7.55318E-08,0,96.0166287,2494716.493,95.86767032,Very High,2,,,,,,,,,,Not Applicable,,,,,,Not Applicable,,,,,,Not Applicable,,1E-05,0.008804838,14228742.42,102.5460193,1404880464,0,1419109207,0.3,0.000206506,0.002785553,Very Low,42.68622617,2.11764E-07,2.901162378,0,45.58738855,31.64948331,Very Low,2.91367E-08,2.65734E-11,0,30.81944989,34.60028825,28.50058863,Very Low,December 2025,7896.996105,2663771.576
3,06085500300,Census Tract 5003,2883346,0,California,Santa Clara County,4195,450,246,10.7,3,4,20478,T06085500200,California,CA,06,Santa Clara,County,085,06085,500200,06085500200,5281,1399841144,0,0.65533065,111,8.526315789,0.65533065,1399841144,5281,72349700000,0,73749541144,58,2.071428571,0.453351018,1399840882,92.9352379,1273212759,0,2673053641,0.000944176,1.09048E-06,0.014568827,Relatively High,2737798.862,0.000209927,2875.99846,0,2740674.861,97.90497217,Very High,0.001955793,3.97514E-08,0,94.28682152,3375856.13,98.19723401,Very High,2,,,,,,,,,,Not Applicable,,,,,,Not Applicable,,,,,,Not Applicable,,1E-05,0.0133995,30122880.95,16.29648972,223261909.1,0,253384790.1,0.3,0.000206506,0.002785553,Relatively Low,90.36864058,3.36532E-08,0.461049226,0,90.8296898,38.54066331,Very Low,6.45564E-08,6.37251E-12,0,39.64777092,111.8804604,39.95219578,Very Low,December 2025,12121.72783,4569600.244
4,06085500400,Census Tract 5004,1005370,0,California,Santa Clara County,2678,318,114,11.9,4,3,20479,T06085500300,California,CA,06,Santa Clara,County,085,06085,500300,06085500300,4654,1565469400,79762,1.12450455,111,8.526315789,1.12450455,1565469400,4654,63759800000,79762,65325349162,58,2.071428571,0.521855993,1565469031,270.7215227,3708884861,0,5274353892,0.000795729,1.09048E-06,0.014568827,Relatively Moderate,2580355.763,0.00061152,8377.819867,0,2588733.583,97.55971534,Very High,0.001648295,1.31397E-07,0,90.69450642,2730784.656,96.72267608,Very High,2,,,,,,,,,,Not Applicable,,,,,,Not Applicable,,,,,,Not Applicable,,9.41019E-06,0.008001171,8890535.217,67.70999714,927626960.8,0,936517496,0.3,0.000206506,0.002785553,Very Low,24.07175599,1.39825E-07,1.915605283,0,25.98736127,27.23889028,Very Low,1.53767E-08,3.00441E-11,0,27.62061051,27.41336068,26.90949306,Very Low,December 2025,5135.634469,1593357.98
5,06085500500,Census Tract 5005,2130403,0,California,Santa Clara County,5185,887,196,17.1,5,6,20480,T06085500400,California,CA,06,Santa Clara,County,085,06085,500400,06085500400,2476,609483912,0,0.3920943,111,8.526315789,0.392093844,609483912,2476,33921200000,0,34530683912,58,2.071428571,0.312845868,609483787.3,0,0,0,609483787.3,0.001211032,1.09048E-06,0.014568827,Very High,1528930.482,0,0,0,1528930.482,90.30814759,Relatively High,0.002508566,0,0,97.43523499,1160440.137,77.94584567,Relatively Moderate,2,,,,,,,,,,Not Applicable,,,,,,Not Applicable,,,,,,Not Applicable,,0,0,0,0,0,0,0,0.3,0.000206506,0.002785553,No Rating,0,0,0,0,0,0,No Expected Annual Losses,0,0,0,0,0,0,No Rating,December 2025,8604.137967,3375458.821
6,06085500600,Census Tract 5006,1339632,0,California,Santa Clara County,5748,609,182,10.6,6,4,20481,T06085500300,California,CA,06,Santa Clara,County,085,06085,500300,06085500300,4654,1565469400,79762,1.12450455,111,8.526315789,1.12450455,1565469400,4654,63759800000,79762,65325349162,58,2.071428571,0.521855993,1565469031,270.7215227,3708884861,0,5274353892,0.000795729,1.09048E-06,0.014568827,Relatively Moderate,2580355.763,0.00061152,8377.819867,0,2588733.583,97.55971534,Very High,0.001648295,1.31397E-07,0,90.69450642,2730784.656,96.72267608,Very High,2,,,,,,,,,,Not Applicable,,,,,,Not Applicable,,,,,,Not Applicable,,9.41019E-06,0.008001171,8890535.217,67.70999714,927626960.8,0,936517496,0.3,0.000206506,0.002785553,Very Low,24.07175599,1.39825E-07,1.915605283,0,25.98736127,27.23889028,Very Low,1.53767E-08,3.00441E-11,0,27.62061051,27.41336068,26.90949306,Very Low,December 2025,6728.081843,2122738.369
7,06085500800,Census Tract 5008,1723696,0,California,Santa Clara County,4834,416,182,8.6,7,6,20482,T06085500200,California,CA,06,Santa Clara,County,085,06085,500200,06085500200,5281,1399841144,0,0.65533065,111,8.526315789,0.65533065,1399841144,5281,72349700000,0,73749541144,58,2.071428571,0.453351018,1399840882,92.9352379,1273212759,0,2673053641,0.000944176,1.09048E-06,0.014568827,Relatively High,2737798.862,0.000209927,2875.99846,0,2740674.861,97.90497217,Very High,0.001955793,3.97514E-08,0,94.28682152,3375856.13,98.19723401,Very High,2,,,,,,,,,,Not Applicable,,,,,,Not Applicable,,,,,,Not Applicable,,1E-05,0.0133995,30122880.95,16.29648972,223261909.1,0,253384790.1,0.3,0.000206506,0.002785553,Relatively Low,90.36864058,3.36532E-08,0.461049226,0,90.8296898,38.54066331,Very Low,6.45564E-08,6.37251E-12,0,39.64777092,111.8804604,39.95219578,Very Low,December 2025,9204.324867,2731129.196
8,06085500901,Census Tract 5009.01,720807,0,California,Santa Clara County,4298,513,209,11.9,8,4,20483,T06085500901,California,CA,06,Santa Clara,County,085,06085,500901,06085500901,4011,3905849284,0,0.28111473,111,8.526315789,0.28111473,3905849284,4011,54950700000,0,58856549284,58,2.071428571,0.243421317,3905848496,0,0,0,3905848496,0.00057006,1.09048E-06,0.014568827,Relatively High,4612174.958,0,0,0,4612174.958,99.61129248,Very High,0.001180838,0,0,79.29398502,6637098.644,99.77881631,Very High,2,,,,,,,,,,Not Applicable,,,,,,Not Applicable,,,,,,Not Applicable,,0,0,0,0,0,0,0,0.3,0.000206506,0.002785553,No Rating,0,0,0,0,0,0,No Expected Annual Losses,0,0,0,0,0,0,No Rating,December 2025,4946.045083,1142225.167
9,06085500902,Census Tract 5009.02,242522,0,California,Santa Clara County,5377,24,65,0.4,9,4,20484,T06085500902,California,CA,06,Santa Clara,County,085,06085,500902,06085500902,4957,341121155,0,0.09458358,111,8.526315789,0.09458358,341121155,4957,67910900000,0,68252021155,58,2.071428571,0.086740881,341121103.1,0,0,0,341121103.1,0.001031367,1.09048E-06,0.014568827,Very High,728772.4393,0,0,0,728772.4393,62.52084459,Relatively Moderate,0.002136404,0,0,95.64905935,770586.9656,59.22490576,Relatively Moderate,2,,,,,,,,,,Not Applicable,,,,,,Not Applicable,,,,,,Not Applicable,,0,0,0,0,0,0,0,0.3,0.000206506,0.002785553,No Rating,0,0,0,0,0,0,No Expected Annual Losses,0,0,0,0,0,0,No Rating,December 2025,2597.256411,384290.2875
10,06085501000,Census Tract 5010,802667,0,California,Santa Clara County,4928,714,222,14.5,10,5,20485,T06085500901,California,CA,06,Santa Clara,County,085,06085,500901,06085500901,4011,3905849284,0,0.28111473,111,8.526315789,0.28111473,3905849284,4011,54950700000,0,58856549284,58,2.071428571,0.243421317,3905848496,0,0,0,3905848496,0.00057006,1.09048E-06,0.014568827,Relatively High,4612174.958,0,0,0,4612174.958,99.61129248,Very High,0.001180838,0,0,79.29398502,6637098.644,99.77881631,Very High,2,,,,,,,,,,Not Applicable,,,,,,Not Applicable,,,,,,Not Applicable,,0,0,0,0,0,0,0,0.3,0.000206506,0.002785553,No Rating,0,0,0,0,0,0,No Expected Annual Losses,0,0,0,0,0,0,No Rating,December 2025,4553.585864,1272159.192
11,06085501101,Census Tract 5011.01,656885,0,California,Santa Clara County,3929,631,174,16.1,11,4,20486,T06085501000,California,CA,06,Santa Clara,County,085,06085,501000,06085501000,5468,1035793041,0,0.31304013,111,8.526315789,0.31304013,1035793041,5468,74911600000,0,75947393041,58,2.071428571,0.268668108,1035792850,0,0,0,1035792850,0.001023143,1.09048E-06,0.014568827,Very High,2195224.964,0,0,0,2195224.964,96.12584259,Very High,0.002119366,0,0,95.53749677,3406769.406,98.2448004,Very High,2,,,,,,,,,,Not Applicable,,,,,,Not Applicable,,,,,,Not Applicable,,0,0,0,0,0,0,0,0.3,0.000206506,0.002785553,No Rating,0,0,0,0,0,0,No Expected Annual Losses,0,0,0,0,0,0,No Rating,December 2025,4732.202478,1041285.054
12,06085501102,Census Tract 5011.02,1225148,0,California,Santa Clara County,4273,439,151,10.3,12,4,20487,T06085501102,California,CA,06,Santa Clara,County,085,06085,501102,06085501102,4437,536649664,141796,0.47780772,111,8.526315789,0.477807474,536649664,4437,60786900000,141796,61323691460,58,2.071428571,0.358830552,536649545.1,14.41114902,197432741.5,0,734082286.7,0.001317122,1.09048E-06,0.014568827,Very High,1464153.585,3.25526E-05,445.9712302,0,1464599.556,89.2394955,Relatively High,0.002728323,7.33663E-09,0,98.02123212,1453819.604,85.61830354,Relatively High,2,,,,,,,,,,Not Applicable,,,,,,Not Applicable,,,,,,Not Applicable,,0,0,0,0,0,0,0,0.3,0.000206506,0.002785553,No Rating,0,0,0,0,0,0,No Expected Annual Losses,0,0,0,0,0,0,No Rating,December 2025,5829.096207,1942386.148
13,06085501200,Census Tract 5012,831245,0,California,Santa Clara County,4163,378,126,9.1,13,4,20488,T06085501200,California,CA,06,Santa Clara,County,085,06085,501200,06085501200,4129,512087141,0,0.32418555,111,8.526315789,0.32418555,512087141,4129,56567300000,0,57079387141,58,2.071428571,0.28514474,512087059.4,43.00310728,589142569.8,0,1101229629,0.001244657,1.09048E-06,0.014568827,Relatively High,1320272.606,9.71376E-05,1330.785535,0,1321603.391,86.56669094,Relatively High,0.002578219,2.35257E-08,0,97.57967917,1275866.676,81.40511101,Relatively High,2,,,,,,,,,,Not Applicable,,,,,,Not Applicable,,,,,,Not Applicable,,0,0,0,0,0,0,0,0.3,0.000206506,0.002785553,No Rating,0,0,0,0,0,0,No Expected Annual Losses,0,0,0,0,0,0,No Rating,December 2025,4767.656685,1317623.496
14,06085501300,Census Tract 5013,747097,0,California,Santa Clara County,3932,524,235,13.3,14,4,20489,T06085501300,California,CA,06,Santa Clara,County,085,06085,501300,06085501300,3786,1058436792,0,0.29136783,111,8.526315789,0.29136783,1058436792,3786,51868200000,0,52926636792,58,2.071428571,0.262318079,1058436530,146.0001195,2000201637,0,3058638167,0.000961758,1.09048E-06,0.014568827,Relatively High,2108630.689,0.000329793,4518.158325,0,2113148.847,95.70307913,Very High,0.001992212,8.71084E-08,0,94.507598,2659604.536,96.47414172,Very High,2,,,,,,,,,,Not Applicable,,,,,,Not Applicable,,,,,,Not Applicable,,8E-05,0.000189309,313741.2354,1.005563681,13776222.44,0,14089963.67,0.3,0.000206506,0.002785553,Very Low,0.941223682,3.11482E-08,0.426730909,0,1.367954591,19.87085727,Very Low,8.89258E-10,8.22722E-12,0,22.47511683,1.721704669,19.97550331,Very Low,December 2025,4416.322434,1183994.109
15,06085501401,Census Tract 5014.01,998598,0,California,Santa Clara County,2902,494,240,17,15,4,20490,T06085501401,California,CA,06,Santa Clara,County,085,06085,501401,06085501401,3496,569065280,0,0.38945361,111,8.526315789,0.389453002,569065280,3496,47895200000,0,48464265280,58,2.071428571,0.236176683,569065190.9,2237.93883,30659761969,0,31228827160,0.000916563,1.09048E-06,0.014568827,Very Low,1080424.035,0.005055171,69255.84712,0,1149679.882,82.2462832,Relatively High,0.001898594,1.44599E-06,0,88.65937008,872593.4204,65.45729133,Relatively Moderate,2,,,,,,,,,,Not Applicable,,,,,,Not Applicable,,,,,,Not Applicable,,0,0,0,0,0,0,0,0.3,0.000206506,0.002785553,No Rating,0,0,0,0,0,0,No Expected Annual Losses,0,0,0,0,0,0,No Rating,December 2025,5764.90853,1583099.766
16,06085501402,Census Tract 5014.02,522619,0,California,Santa Clara County,2703,518,186,19.2,16,5,20491,T06085501300,California,CA,06,Santa Clara,County,085,06085,501300,06085501300,3786,1058436792,0,0.29136783,111,8.526315789,0.29136783,1058436792,3786,51868200000,0,52926636792,58,2.071428571,0.262318079,1058436530,146.0001195,2000201637,0,3058638167,0.000961758,1.09048E-06,0.014568827,Relatively High,2108630.689,0.000329793,4518.158325,0,2113148.847,95.70307913,Very High,0.001992212,8.71084E-08,0,94.507598,2659604.536,96.47414172,Very High,2,,,,,,,,,,Not Applicable,,,,,,Not Applicable,,,,,,Not Applicable,,8E-05,0.000189309,313741.2354,1.005563681,13776222.44,0,14089963.67,0.3,0.000206506,0.002785553,Very Low,0.941223682,3.11482E-08,0.426730909,0,1.367954591,19.87085727,Very Low,8.89258E-10,8.22722E-12,0,22.47511683,1.721704669,19.97550331,Very Low,December 2025,4298.788257,828389.4109
17,06085501501,Census Tract 5015.01,623555,0,California,Santa Clara County,4403,589,197,13.4,17,3,20492,T06085501501,California,CA,06,Santa Clara,County,085,06085,501501,06085501501,4392,316933809,0,0.24318645,111,8.526315789,0.24318645,316933809,4392,60170400000,0,60487333809,58,2.071428571,0.189098236,316933753.4,2.674829862,36645169.11,0,353578922.5,0.00133741,1.09048E-06,0.014568827,Very High,878017.2646,6.04204E-06,82.77599258,0,878100.0406,71.50691688,Relatively Moderate,0.002770349,1.37569E-09,0,98.12105127,1024618.755,72.87526905,Relatively Moderate,2,,,,,,,,,,Not Applicable,,,,,,Not Applicable,,,,,,Not Applicable,,0,0,0,0,0,0,0,0.3,0.000206506,0.002785553,No Rating,0,0,0,0,0,0,No Expected Annual Losses,0,0,0,0,0,0,No Rating,December 2025,4165.442465,988281.5739
18,06085501502,Census Tract 5015.02,888547,0,California,Santa Clara County,4350,512,230,11.8,18,6,20493,T06085501300,California,CA,06,Santa Clara,County,085,06085,501300,06085501300,3786,1058436792,0,0.29136783,111,8.526315789,0.29136783,1058436792,3786,51868200000,0,52926636792,58,2.071428571,0.262318079,1058436530,146.0001195,2000201637,0,3058638167,0.000961758,1.09048E-06,0.014568827,Relatively High,2108630.689,0.000329793,4518.158325,0,2113148.847,95.70307913,Very High,0.001992212,8.71084E-08,0,94.507598,2659604.536,96.47414172,Very High,2,,,,,,,,,,Not Applicable,,,,,,Not Applicable,,,,,,Not Applicable,,8E-05,0.000189309,313741.2354,1.005563681,13776222.44,0,14089963.67,0.3,0.000206506,0.002785553,Very Low,0.941223682,3.11482E-08,0.426730909,0,1.367954591,19.87085727,Very Low,8.89258E-10,8.22722E-12,0,22.47511683,1.721704669,19.97550331,Very Low,December 2025,5528.044403,1408118.605
19,06085501601,Census Tract 5016.01,781837,0,California,Santa Clara County,3558,318,108,8.9,19,4,20494,T06085501502,California,CA,06,Santa Clara,County,085,06085,501502,06085501502,4734,483301014,98057,0.34653333,111,8.526315789,0.34653333,483301014,4734,64855800000,98057,65339199071,58,2.071428571,0.256537124,483300886.6,2424.164577,33211054701,98056.56876,33694453644,0.001253185,1.09048E-06,0.014568827,Very Low,1254592.946,0.005475828,75018.83836,2959.179029,1332570.963,86.7898161,Relatively High,0.002595883,1.1567E-06,0.030178152,92.92106067,1011405.586,72.34728218,Relatively Moderate,2,,,,,,,,,,Not Applicable,,,,,,Not Applicable,,,,,,Not Applicable,,0.000121243,0.002872944,1741664.193,6.038215729,82723555.48,26892.90256,84492112.58,0.3,0.000206506,0.002785553,Very Low,5.224992447,1.87039E-07,2.562436704,0.011236741,7.798665893,22.10290987,Very Low,1.08111E-08,3.95098E-11,1.14594E-07,22.71889456,5.919095092,21.34898267,Very Low,December 2025,6571.437161,1238751.136
20,06085501602,Census Tract 5016.02,436247,0,California,Santa Clara County,2911,281,145,9.7,20,2,20495,T06085501601,California,CA,06,Santa Clara,County,085,06085,501601,06085501601,3728,661881186,3860,0.30491643,111,8.526315789,0.30491643,661881186,3728,51073600000,3860,51735485046,58,2.071428571,0.230465479,661881017.6,68.23795674,934860007.4,3859.355181,1596744884,0.001067504,1.09048E-06,0.014568827,Relatively High,1463590.202,0.000154139,2111.709863,116.4687186,1465818.381,89.26533105,Relatively High,0.002211258,4.13464E-08,0.030173243,95.97670104,1886020.913,91.75555635,Relatively High,2,,,,,,,,,,Not Applicable,,,,,,Not Applicable,,,,,,Not Applicable,,8.38329E-05,0.002944226,3060656.359,18.16718259,248890401.5,3859.353091,251954917.2,0.3,0.000206506,0.002785553,Very Low,9.181968844,5.62745E-07,7.709604553,0.001612565,16.89318596,24.76305995,Very Low,1.38725E-08,1.50951E-10,4.17763E-07,22.24085239,21.73591382,25.50509555,Very Low,December 2025,3742.16651,691188.447
21,06085501700,Census Tract 5017,1115706,0,California,Santa Clara County,4871,287,118,5.9,21,8,20496,T06085500800,California,CA,06,Santa Clara,County,085,06085,500800,06085500800,4641,2163225090,0,0.67224144,111,8.526315789,0.67224144,2163225090,4641,63581700000,0,65744925090,58,2.071428571,0.386682809,2163224609,8.748345663,119852335.6,0,2283076945,0.000637188,1.09048E-06,0.014568827,Relatively High,2855217.266,1.97612E-05,270.7286194,0,2855487.995,98.14218945,Very High,0.001319889,4.25796E-09,0,84.1052681,3021615.041,97.49206236,Very High,2,,,,,,,,,,Not Applicable,,,,,,Not Applicable,,,,,,Not Applicable,,0,0,0,0,0,0,0,0.3,0.000206506,0.002785553,No Rating,0,0,0,0,0,0,No Expected Annual Losses,0,0,0,0,0,0,No Rating,December 2025,5967.319428,1767425.785
22,06085501800,Census Tract 5018,1428662,0,California,Santa Clara County,4786,665,317,13.9,22,3,20497,T06085501700,California,CA,06,Santa Clara,County,085,06085,501700,06085501700,5147,993264501,0,0.43512534,111,8.526315789,0.435123608,993264501,5147,70513900000,0,71507164501,58,2.071428571,0.300075663,993264297.7,2119.957138,29043412791,0,30036677089,0.000857415,1.09048E-06,0.014568827,Very Low,1764110.805,0.004788668,65604.75447,0,1829715.56,93.67851187,Relatively High,0.001776074,9.3038E-07,0,89.54130164,1627083.299,88.579311,Relatively High,2,,,,,,,,,,Not Applicable,,,,,,Not Applicable,,,,,,Not Applicable,,0,0,0,0,0,0,0,0.3,0.000206506,0.002785553,No Rating,0,0,0,0,0,0,No Expected Annual Losses,0,0,0,0,0,0,No Rating,December 2025,6047.374784,2262794.55
23,06085501901,Census Tract 5019.01,597771,0,California,Santa Clara County,3126,368,125,11.8,23,4,20498,T06085500300,California,CA,06,Santa Clara,County,085,06085,500300,06085500300,4654,1565469400,79762,1.12450455,111,8.526315789,1.12450455,1565469400,4654,63759800000,79762,65325349162,58,2.071428571,0.521855993,1565469031,270.7215227,3708884861,0,5274353892,0.000795729,1.09048E-06,0.014568827,Relatively Moderate,2580355.763,0.00061152,8377.819867,0,2588733.583,97.55971534,Very High,0.001648295,1.31397E-07,0,90.69450642,2730784.656,96.72267608,Very High,2,,,,,,,,,,Not Applicable,,,,,,Not Applicable,,,,,,Not Applicable,,9.41019E-06,0.008001171,8890535.217,67.70999714,927626960.8,0,936517496,0.3,0.000206506,0.002785553,Very Low,24.07175599,1.39825E-07,1.915605283,0,25.98736127,27.23889028,Very Low,1.53767E-08,3.00441E-11,0,27.62061051,27.41336068,26.90949306,Very Low,December 2025,4298.470352,946964.8776
24,06085501902,Census Tract 5019.02,1064609,0,California,Santa Clara County,3619,138,85,3.8,24,4,20499,T06085500800,California,CA,06,Santa Clara,County,085,06085,500800,06085500800,4641,2163225090,0,0.67224144,111,8.526315789,0.67224144,2163225090,4641,63581700000,0,65744925090,58,2.071428571,0.386682809,2163224609,8.748345663,119852335.6,0,2283076945,0.000637188,1.09048E-06,0.014568827,Relatively High,2855217.266,1.97612E-05,270.7286194,0,2855487.995,98.14218945,Very High,0.001319889,4.25796E-09,0,84.1052681,3021615.041,97.49206236,Very High,2,,,,,,,,,,Not Applicable,,,,,,Not Applicable,,,,,,Not Applicable,,0,0,0,0,0,0,0,0.3,0.000206506,0.002785553,No Rating,0,0,0,0,0,0,No Expected Annual Losses,0,0,0,0,0,0,No Rating,December 2025,5268.378768,1686179.002
25,06085502001,Census Tract 5020.01,1333694,0,California,Santa Clara County,4956,586,175,11.8,25,5,20500,T06085500500,California,CA,06,Santa Clara,County,085,06085,500500,06085500500,5472,1653104398,88623,0.83085717,111,8.526315789,0.83085717,1653104398,5472,74966400000,88623,76619593021,58,2.071428571,0.67304407,1653104088,1.415400064,19390980.87,0,1672495069,0.001241099,1.09048E-06,0.014568827,Very High,4249880.859,3.19718E-06,43.80134484,0,4249924.661,99.50325293,Very High,0.002570848,5.8428E-10,0,97.62782723,3225642.507,97.92491646,Very High,2,,,,,,,,,,Not Applicable,,,,,,Not Applicable,,,,,,Not Applicable,,0,0,0,0,0,0,0,0.3,0.000206506,0.002785553,No Rating,0,0,0,0,0,0,No Expected Annual Losses,0,0,0,0,0,0,No Rating,December 2025,6797.143506,2112722.676
26,06085502002,Census Tract 5020.02,900022,0,California,Santa Clara County,4985,307,114,6.2,26,5,20501,T06085501901,California,CA,06,Santa Clara,County,085,06085,501901,06085501901,2918,704965362,0,0.23313108,111,8.526315789,0.233130686,704965362,2918,39976600000,0,40681565362,58,2.071428571,0.192281188,704965234.7,15.35529388,210367526.1,0,915332760.8,0.000956154,1.09048E-06,0.014568827,Very High,1396257.08,3.46853E-05,475.1889868,0,1396732.269,88.05223477,Relatively High,0.001980604,1.18867E-08,0,94.55457172,1060103.257,74.29750395,Relatively Moderate,2,,,,,,,,,,Not Applicable,,,,,,Not Applicable,,,,,,Not Applicable,,0,0,0,0,0,0,0,0.3,0.000206506,0.002785553,No Rating,0,0,0,0,0,0,No Expected Annual Losses,0,0,0,0,0,0,No Rating,December 2025,6070.72417,1425614.86
27,06085502101,Census Tract 5021.01,1914543,0,California,Santa Clara County,5361,1225,297,22.9,27,7,20502,T06085502101,California,CA,06,Santa Clara,County,085,06085,502101,06085502101,5101,2071825979,0,0.74667138,111,8.526315789,0.74667138,2071825979,5101,69883700000,0,71955525979,58,2.071428571,0.604625842,2069695807,0,0,0,2069695807,0.000823044,1.09048E-06,0.014568827,Very High,3528577.809,0,0,0,3528577.809,99.07109472,Very High,0.001703125,0,0,91.70561571,3309745.801,98.07356141,Very High,2,,,,,,,,,,Not Applicable,,,,,,Not Applicable,,,,,,Not Applicable,,0,0,0,0,0,0,0,0.3,0.000206506,0.002785553,No Rating,0,0,0,0,0,0,No Expected Annual Losses,0,0,0,0,0,0,No Rating,December 2025,8069.081888,3031528.501
28,06085502103,Census Tract 5021.03,1029808,0,California,Santa Clara County,4225,473,215,11.2,28,5,20503,T06085501902,California,CA,06,Santa Clara,County,085,06085,501902,06085501902,4176,860643975,0,0.41519751,111,8.526315789,0.41519751,860643975,4176,57211200000,0,58071843975,58,2.071428571,0.273005137,860643835.7,9.925212266,135975408,0,996619243.7,0.000655133,1.09048E-06,0.014568827,Relatively High,1167945.653,2.24196E-05,307.1482447,0,1168252.801,82.77591188,Relatively High,0.00135706,5.36867E-09,0,85.1386899,886690.0464,66.26591987,Relatively Moderate,2,,,,,,,,,,Not Applicable,,,,,,Not Applicable,,,,,,Not Applicable,,0,0,0,0,0,0,0,0.3,0.000206506,0.002785553,No Rating,0,0,0,0,0,0,No Expected Annual Losses,0,0,0,0,0,0,No Rating,December 2025,5758.829231,1630931.508
29,06085502104,Census Tract 5021.04,770515,0,California,Santa Clara County,2459,361,103,14.7,29,4,20504,T06085502103,California,CA,06,Santa Clara,County,085,06085,502103,06085502103,4449,662461105,0,0.40162512,111,8.526315789,0.401624114,662461105,4449,60951300000,0,61613761105,58,2.071428571,0.301724615,662460981.4,0,0,0,662460981.4,0.00109991,1.09048E-06,0.014568827,Very High,1509340.621,0,0,0,1509340.621,89.97580854,Relatively High,0.002278384,0,0,96.43586913,1993934.764,92.76158539,Relatively High,2,,,,,,,,,,Not Applicable,,,,,,Not Applicable,,,,,,Not Applicable,,0,0,0,0,0,0,0,0.3,0.000206506,0.002785553,No Rating,0,0,0,0,0,0,No Expected Annual Losses,0,0,0,0,0,0,No Rating,December 2025,4931.265742,1220059.605
30,06085502202,Census Tract 5022.02,1115394,0,California,Santa Clara County,3150,564,126,17.9,30,6,20505,T06085502202,California,CA,06,Santa Clara,County,085,06085,502202,06085502202,3018,825646178,0,0.43500366,111,8.526315789,0.43500366,825646178,3018,41346600000,0,42172246178,58,2.071428571,0.353415007,813342411.7,28.45053546,389772335.8,0,1203114747,0.00091391,1.09048E-06,0.014568827,Relatively High,1539737.496,6.42655E-05,880.4377975,0,1540617.934,90.48899641,Relatively High,0.001864888,2.12941E-08,0,93.5481598,1379647.23,84.03077545,Relatively High,2,,,,,,,,,,Not Applicable,,,,,,Not Applicable,,,,,,Not Applicable,,0,0,0,0,0,0,0,0.3,0.000206506,0.002785553,No Rating,0,0,0,0,0,0,No Expected Annual Losses,0,0,0,0,0,0,No Rating,December 2025,6808.805681,1765770.723
31,06085502203,Census Tract 5022.03,643887,0,California,Santa Clara County,3875,672,190,17.3,31,4,20506,T06085501902,California,CA,06,Santa Clara,County,085,06085,501902,06085501902,4176,860643975,0,0.41519751,111,8.526315789,0.41519751,860643975,4176,57211200000,0,58071843975,58,2.071428571,0.273005137,860643835.7,9.925212266,135975408,0,996619243.7,0.000655133,1.09048E-06,0.014568827,Relatively High,1167945.653,2.24196E-05,307.1482447,0,1168252.801,82.77591188,Relatively High,0.00135706,5.36867E-09,0,85.1386899,886690.0464,66.26591987,Relatively Moderate,2,,,,,,,,,,Not Applicable,,,,,,Not Applicable,,,,,,Not Applicable,,0,0,0,0,0,0,0,0.3,0.000206506,0.002785553,No Rating,0,0,0,0,0,0,No Expected Annual Losses,0,0,0,0,0,0,No Rating,December 2025,4650.968695,1019549.978
32,06085502204,Census Tract 5022.04,331145,0,California,Santa Clara County,3394,293,143,8.6,32,3,20507,T06085502202,California,CA,06,Santa Clara,County,085,06085,502202,06085502202,3018,825646178,0,0.43500366,111,8.526315789,0.43500366,825646178,3018,41346600000,0,42172246178,58,2.071428571,0.353415007,813342411.7,28.45053546,389772335.8,0,1203114747,0.00091391,1.09048E-06,0.014568827,Relatively High,1539737.496,6.42655E-05,880.4377975,0,1540617.934,90.48899641,Relatively High,0.001864888,2.12941E-08,0,93.5481598,1379647.23,84.03077545,Relatively High,2,,,,,,,,,,Not Applicable,,,,,,Not Applicable,,,,,,Not Applicable,,0,0,0,0,0,0,0,0.3,0.000206506,0.002785553,No Rating,0,0,0,0,0,0,No Expected Annual Losses,0,0,0,0,0,0,No Rating,December 2025,3909.159867,524270.6929
33,06085502301,Census Tract 5023.01,1227223,0,California,Santa Clara County,3021,540,136,17.9,33,3,20508,T06085502301,California,CA,06,Santa Clara,County,085,06085,502301,06085502301,3338,846879028,0,0.47861697,111,8.526315789,0.47861697,846879028,3338,45730600000,0,46577479028,58,2.071428571,0.415735619,846878861.6,0,0,0,846878861.6,0.000785777,1.09048E-06,0.014568827,Very High,1378448.057,0,0,0,1378448.057,87.70110623,Relatively High,0.00162768,0,0,90.64048665,1046225.757,73.76000381,Relatively Moderate,2,,,,,,,,,,Not Applicable,,,,,,Not Applicable,,,,,,Not Applicable,,8E-06,0.016529754,25406887.24,102.3881835,1402718114,0,1428125001,0.3,0.000206506,0.002785553,Very Low,60.97652923,1.6915E-07,2.317357649,0,63.29388688,34.7627032,Very Low,7.20015E-08,5.06741E-11,0,39.57523218,48.03931087,31.23684492,Very Low,December 2025,6613.408192,1942967.069
34,06085502302,Census Tract 5023.02,674195,0,California,Santa Clara County,3261,491,182,15.1,34,4,20509,T06085501800,California,CA,06,Santa Clara,County,085,06085,501800,06085501800,4852,733571315,0,0.55717818,111,8.526315789,0.55717818,733571315,4852,66472400000,0,67205971315,58,2.071428571,0.443914094,733571144.6,1776.278325,24335013059,0,25068584204,0.001580866,1.09048E-06,0.014568827,Very Low,2402189.869,0.004012349,54969.17901,0,2457159.048,97.18275125,Very High,0.003274651,8.26947E-07,0,97.26260657,1864954.63,91.56291249,Relatively High,2,,,,,,,,,,Not Applicable,,,,,,Not Applicable,,,,,,Not Applicable,,0,0,0,0,0,0,0,0.3,0.000206506,0.002785553,No Rating,0,0,0,0,0,0,No Expected Annual Losses,0,0,0,0,0,0,No Rating,December 2025,4416.294989,1067603.197
35,06085502400,Census Tract 5024,2679680,0,California,Santa Clara County,7107,1385,330,19.5,35,6,20510,T06085501800,California,CA,06,Santa Clara,County,085,06085,501800,06085501800,4852,733571315,0,0.55717818,111,8.526315789,0.55717818,733571315,4852,66472400000,0,67205971315,58,2.071428571,0.443914094,733571144.6,1776.278325,24335013059,0,25068584204,0.001580866,1.09048E-06,0.014568827,Very Low,2402189.869,0.004012349,54969.17901,0,2457159.048,97.18275125,Very High,0.003274651,8.26947E-07,0,97.26260657,1864954.63,91.56291249,Relatively High,2,,,,,,,,,,Not Applicable,,,,,,Not Applicable,,,,,,Not Applicable,,0,0,0,0,0,0,0,0.3,0.000206506,0.002785553,No Rating,0,0,0,0,0,0,No Expected Annual Losses,0,0,0,0,0,0,No Rating,December 2025,10207.34648,4242914.061
36,06085502500,Census Tract 5025,2496645,0,California,Santa Clara County,6748,962,269,14.3,36,4,20511,T06085502500,California,CA,06,Santa Clara,County,085,06085,502500,06085502500,6540,1695395073,0,0.97369155,111,8.526315789,0.97369155,1695395073,6540,89598000000,0,91293395073,58,2.071428571,0.834745312,1695394709,1546.81804,21191407144,0,22886801853,0.001211474,1.09048E-06,0.014568827,Relatively Low,4254561.196,0.003494032,47868.2403,0,4302429.436,99.52791413,Very High,0.002509481,5.34256E-07,0,96.52277051,3265493.01,97.99864436,Very High,2,,,,,,,,,,Not Applicable,,,,,,Not Applicable,,,,,,Not Applicable,,0,0,0,0,0,0,0,0.3,0.000206506,0.002785553,No Rating,0,0,0,0,0,0,No Expected Annual Losses,0,0,0,0,0,0,No Rating,December 2025,8981.714772,3951911.559
37,06085502601,Census Tract 5026.01,1410422,0,California,Santa Clara County,3329,866,186,26,37,6,20512,T06085502301,California,CA,06,Santa Clara,County,085,06085,502301,06085502301,3338,846879028,0,0.47861697,111,8.526315789,0.47861697,846879028,3338,45730600000,0,46577479028,58,2.071428571,0.415735619,846878861.6,0,0,0,846878861.6,0.000785777,1.09048E-06,0.014568827,Very High,1378448.057,0,0,0,1378448.057,87.70110623,Relatively High,0.00162768,0,0,90.64048665,1046225.757,73.76000381,Relatively Moderate,2,,,,,,,,,,Not Applicable,,,,,,Not Applicable,,,,,,Not Applicable,,8E-06,0.016529754,25406887.24,102.3881835,1402718114,0,1428125001,0.3,0.000206506,0.002785553,Very Low,60.97652923,1.6915E-07,2.317357649,0,63.29388688,34.7627032,Very Low,7.20015E-08,5.06741E-11,0,39.57523218,48.03931087,31.23684492,Very Low,December 2025,6824.514631,2232361.435
38,06085502603,Census Tract 5026.03,1220490,0,California,Santa Clara County,2816,589,148,20.9,38,4,20513,T06085502601,California,CA,06,Santa Clara,County,085,06085,502601,06085502601,2831,929751292,0,0.55006458,111,8.526315789,0.55006387,929751292,2831,38784700000,0,39714451292,58,2.071428571,0.475147311,929751099.8,0,0,0,929751099.8,0.000356985,1.09048E-06,0.014568827,Relatively High,687522.9832,0,0,0,687522.9832,59.56267468,Relatively Moderate,0.00073947,0,0,49.48916081,710815.991,54.94036365,Relatively Moderate,2,,,,,,,,,,Not Applicable,,,,,,Not Applicable,,,,,,Not Applicable,,1E-05,0.018148118,33806903.22,139.8270569,1915630680,0,1949437583,0.3,0.000206506,0.002785553,Very Low,101.4207071,2.88751E-07,3.955892192,0,105.3765993,40.2637556,Very Low,1.09084E-07,1.01996E-10,0,44.52689284,108.9467169,39.66085168,Very Low,December 2025,6018.719946,1931611.937
39,06085502604,Census Tract 5026.04,1281240,0,California,Santa Clara County,4112,470,153,11.4,39,4,20514,T06085502603,California,CA,06,Santa Clara,County,085,06085,502603,06085502603,2655,716739280,0,0.4759911,111,8.526315789,0.475990952,716739280,2655,36373500000,0,37090239280,58,2.071428571,0.411117393,716739128.4,0,0,0,716739128.4,0.001043391,1.09048E-06,0.014568827,Very High,1549095.028,0,0,0,1549095.028,90.60055899,Relatively High,0.002161309,0,0,95.79467788,1175744.788,78.4072396,Relatively Moderate,2,,,,,,,,,,Not Applicable,,,,,,Not Applicable,,,,,,Not Applicable,,0,0,0,0,0,0,0,0.3,0.000206506,0.002785553,No Rating,0,0,0,0,0,0,No Expected Annual Losses,0,0,0,0,0,0,No Rating,December 2025,9457.952246,2027552.762
40,06085502701,Census Tract 5027.01,1729302,15380,California,Santa Clara County,5691,619,147,10.9,40,7,20515,T06085502603,California,CA,06,Santa Clara,County,085,06085,502603,06085502603,2655,716739280,0,0.4759911,111,8.526315789,0.475990952,716739280,2655,36373500000,0,37090239280,58,2.071428571,0.411117393,716739128.4,0,0,0,716739128.4,0.001043391,1.09048E-06,0.014568827,Very High,1549095.028,0,0,0,1549095.028,90.60055899,Relatively High,0.002161309,0,0,95.79467788,1175744.788,78.4072396,Relatively Moderate,2,,,,,,,,,,Not Applicable,,,,,,Not Applicable,,,,,,Not Applicable,,0,0,0,0,0,0,0,0.3,0.000206506,0.002785553,No Rating,0,0,0,0,0,0,No Expected Annual Losses,0,0,0,0,0,0,No Rating,December 2025,7579.824692,2760016.13
41,06085502703,Census Tract 5027.03,1398937,0,California,Santa Clara County,4296,643,169,15,41,5,20516,T06085502604,California,CA,06,Santa Clara,County,085,06085,502604,06085502604,4494,1292929055,0,0.4996836,111,8.526315789,0.499682617,1292929055,4494,61567800000,0,62860729055,58,2.071428571,0.367971503,1285249881,9.486411439,129963836.7,0,1415213718,0.000674937,1.09048E-06,0.014568827,Relatively High,1796886.479,2.14284E-05,293.5689982,0,1797180.048,93.3814031,Relatively High,0.00138978,4.76822E-09,0,86.00183198,1364038.381,83.65856849,Relatively High,2,,,,,,,,,,Not Applicable,,,,,,Not Applicable,,,,,,Not Applicable,,0,0,0,0,0,0,0,0.3,0.000206506,0.002785553,No Rating,0,0,0,0,0,0,No Expected Annual Losses,0,0,0,0,0,0,No Rating,December 2025,7410.051621,2212530.262
42,06085502704,Census Tract 5027.04,1631371,0,California,Santa Clara County,4265,747,180,17.5,42,5,20517,T06085502703,California,CA,06,Santa Clara,County,085,06085,502703,06085502703,4744,1064926704,0,0.54558543,111,8.526315789,0.54558543,1064926704,4744,64992800000,0,66057726704,58,2.071428571,0.454405868,1064926524,0,0,0,1064926524,0.000634168,1.09048E-06,0.014568827,Relatively High,1398922.908,0,0,0,1398922.908,88.09216244,Relatively High,0.001313633,0,0,83.88449163,1537933.051,87.15707609,Relatively High,2,,,,,,,,,,Not Applicable,,,,,,Not Applicable,,,,,,Not Applicable,,8E-06,0.019751073,52135341.23,264.5834859,3624793757,0,3676929099,0.3,0.000206506,0.002785553,Very Low,125.1248186,4.37105E-07,5.988333262,0,131.1131519,42.70391115,Very Low,1.17496E-07,9.21384E-11,0,45.17141736,144.1417883,42.91914904,Very Low,December 2025,7944.48676,2579684.815
43,06085502800,Census Tract 5028,1756146,0,California,Santa Clara County,4236,630,138,14.9,43,5,20518,T06085502800,California,CA,06,Santa Clara,County,085,06085,502800,06085502800,4422,847276959,0,0.68489733,111,8.526315789,0.68489733,847276959,4422,60581400000,0,61428676959,58,2.071428571,0.58139194,847276740,0,0,0,847276740,0.000777272,1.09048E-06,0.014568827,Very High,1364169.96,0,0,0,1364169.96,87.40869484,Relatively High,0.001610064,0,0,90.36216737,1035388.85,73.34023046,Relatively Moderate,2,,,,,,,,,,Not Applicable,,,,,,Not Applicable,,,,,,Not Applicable,,0,0,0,0,0,0,0,0.3,0.000206506,0.002785553,No Rating,0,0,0,0,0,0,No Expected Annual Losses,0,0,0,0,0,0,No Rating,December 2025,6965.726956,2777042.101
44,06085502901,Census Tract 5029.01,1882495,0,California,Santa Clara County,6044,683,189,11.3,44,4,20519,T06085502603,California,CA,06,Santa Clara,County,085,06085,502603,06085502603,2655,716739280,0,0.4759911,111,8.526315789,0.475990952,716739280,2655,36373500000,0,37090239280,58,2.071428571,0.411117393,716739128.4,0,0,0,716739128.4,0.001043391,1.09048E-06,0.014568827,Very High,1549095.028,0,0,0,1549095.028,90.60055899,Relatively High,0.002161309,0,0,95.79467788,1175744.788,78.4072396,Relatively Moderate,2,,,,,,,,,,Not Applicable,,,,,,Not Applicable,,,,,,Not Applicable,,0,0,0,0,0,0,0,0.3,0.000206506,0.002785553,No Rating,0,0,0,0,0,0,No Expected Annual Losses,0,0,0,0,0,0,No Rating,December 2025,8095.376819,2978064.829
45,06085502902,Census Tract 5029.02,2628380,0,California,Santa Clara County,9050,1305,308,14.4,45,5,20520,T06085502800,California,CA,06,Santa Clara,County,085,06085,502800,06085502800,4422,847276959,0,0.68489733,111,8.526315789,0.68489733,847276959,4422,60581400000,0,61428676959,58,2.071428571,0.58139194,847276740,0,0,0,847276740,0.000777272,1.09048E-06,0.014568827,Very High,1364169.96,0,0,0,1364169.96,87.40869484,Relatively High,0.001610064,0,0,90.36216737,1035388.85,73.34023046,Relatively Moderate,2,,,,,,,,,,Not Applicable,,,,,,Not Applicable,,,,,,Not Applicable,,0,0,0,0,0,0,0,0.3,0.000206506,0.002785553,No Rating,0,0,0,0,0,0,No Expected Annual Losses,0,0,0,0,0,0,No Rating,December 2025,9321.410255,4158270.299
46,06085502903,Census Tract 5029.03,1882830,0,California,Santa Clara County,5318,910,161,17.1,46,6,20521,T06085502500,California,CA,06,Santa Clara,County,085,06085,502500,06085502500,6540,1695395073,0,0.97369155,111,8.526315789,0.97369155,1695395073,6540,89598000000,0,91293395073,58,2.071428571,0.834745312,1695394709,1546.81804,21191407144,0,22886801853,0.001211474,1.09048E-06,0.014568827,Relatively Low,4254561.196,0.003494032,47868.2403,0,4302429.436,99.52791413,Very High,0.002509481,5.34256E-07,0,96.52277051,3265493.01,97.99864436,Very High,2,,,,,,,,,,Not Applicable,,,,,,Not Applicable,,,,,,Not Applicable,,0,0,0,0,0,0,0,0.3,0.000206506,0.002785553,No Rating,0,0,0,0,0,0,No Expected Annual Losses,0,0,0,0,0,0,No Rating,December 2025,7637.460736,2979115.591
47,06085502906,Census Tract 5029.06,1544298,0,California,Santa Clara County,5021,618,153,12.3,47,5,20522,T06085502906,California,CA,06,Santa Clara,County,085,06085,502906,06085502906,4848,847181625,0,0.60227622,111,8.526315789,0.602275822,847181625,4848,66417600000,0,67264781625,58,2.071428571,0.453783445,847181444,0,0,0,847181444,0.000722394,1.09048E-06,0.014568827,Very High,1267712.424,0,0,0,1267712.424,85.36181506,Relatively High,0.001496388,0,0,88.37517909,1630871.813,88.63757982,Relatively High,2,,,,,,,,,,Not Applicable,,,,,,Not Applicable,,,,,,Not Applicable,,1E-05,0.004209251,9763946.592,51.16323362,700936300.6,0,710700247.2,0.3,0.000206506,0.002785553,Very Low,29.29183904,1.05655E-07,1.44747548,0,30.73931452,28.39594259,Very Low,3.45756E-08,2.17936E-11,0,32.41292379,39.54515286,29.56726481,Very Low,December 2025,6320.002658,2441527.717
48,06085502907,Census Tract 5029.07,1251551,0,California,Santa Clara County,3822,678,217,17.7,48,3,20523,T06085502907,California,CA,06,Santa Clara,County,085,06085,502907,06085502907,3857,737563935,0,0.48810489,111,8.526315789,0.48810489,737563935,3857,52840900000,0,53578463935,58,2.071428571,0.424008819,737563785.5,20.57810465,281920033.7,0,1019483819,0.000891366,1.09048E-06,0.014568827,Relatively High,1361838.714,4.64829E-05,636.815471,0,1362475.529,87.36759283,Relatively High,0.001846401,1.20516E-08,0,93.34264979,1034102.798,73.2890966,Relatively Moderate,2,,,,,,,,,,Not Applicable,,,,,,Not Applicable,,,,,,Not Applicable,,0,0,0,0,0,0,0,0.3,0.000206506,0.002785553,No Rating,0,0,0,0,0,0,No Expected Annual Losses,0,0,0,0,0,0,No Rating,December 2025,5785.577185,1979506.922
49,06085502908,Census Tract 5029.08,2079484,0,California,Santa Clara County,6561,844,225,12.9,49,5,20524,T06085502800,California,CA,06,Santa Clara,County,085,06085,502800,06085502800,4422,847276959,0,0.68489733,111,8.526315789,0.68489733,847276959,4422,60581400000,0,61428676959,58,2.071428571,0.58139194,847276740,0,0,0,847276740,0.000777272,1.09048E-06,0.014568827,Very High,1364169.96,0,0,0,1364169.96,87.40869484,Relatively High,0.001610064,0,0,90.36216737,1035388.85,73.34023046,Relatively Moderate,2,,,,,,,,,,Not Applicable,,,,,,Not Applicable,,,,,,Not Applicable,,0,0,0,0,0,0,0,0.3,0.000206506,0.002785553,No Rating,0,0,0,0,0,0,No Expected Annual Losses,0,0,0,0,0,0,No Rating,December 2025,7367.561286,3288652.019
50,06085502909,Census Tract 5029.09,1290798,0,California,Santa Clara County,4812,699,213,14.5,50,3,20525,T06085502909,California,CA,06,Santa Clara,County,085,06085,502909,06085502909,5324,799504057,0,0.50341122,111,8.526315789,0.503410643,799504057,5324,72938800000,0,73738304057,58,2.071428571,0.416732337,799503903.3,0,0,0,799503903.3,0.00105052,1.09048E-06,0.014568827,Very High,1739782.968,0,0,0,1739782.968,92.84707706,Relatively High,0.002176078,0,0,95.8991944,2651719.674,96.45392601,Very High,2,,,,,,,,,,Not Applicable,,,,,,Not Applicable,,,,,,Not Applicable,,0,0,0,0,0,0,0,0.3,0.000206506,0.002785553,No Rating,0,0,0,0,0,0,No Expected Annual Losses,0,0,0,0,0,0,No Rating,December 2025,6895.516386,2041212.912
51,06085502910,Census Tract 5029.10,1186791,0,California,Santa Clara County,3785,462,123,12.2,51,5,20526,T06085502910,California,CA,06,Santa Clara,County,085,06085,502910,06085502910,3908,779721830,0,0.46284849,111,8.526315789,0.46284849,779721830,3908,53539600000,0,54319321830,58,2.071428571,0.333345701,779721659.4,0,0,0,779721659.4,0.000938682,1.09048E-06,0.014568827,Very High,1516100.133,0,0,0,1516100.133,90.08384809,Relatively High,0.001944412,0,0,94.26098598,1471533.202,85.96553815,Relatively High,2,,,,,,,,,,Not Applicable,,,,,,Not Applicable,,,,,,Not Applicable,,0,0,0,0,0,0,0,0.3,0.000206506,0.002785553,No Rating,0,0,0,0,0,0,No Expected Annual Losses,0,0,0,0,0,0,No Rating,December 2025,7035.880907,1876495.255
52,06085503001,Census Tract 5030.01,1727835,0,California,Santa Clara County,4430,1047,251,23.6,52,4,20527,T06085503001,California,CA,06,Santa Clara,County,085,06085,503001,06085503001,4430,1048460330,0,0.67385565,111,8.526315789,0.67385565,1048460330,4430,60691000000,0,61739460330,58,2.071428571,0.590382164,1048460121,807.9505467,11068922489,0,12117382611,0.000546442,1.09048E-06,0.014568827,Very Low,1186769.021,0.00182504,25003.05138,0,1211772.072,83.90328111,Relatively High,0.001131916,4.11973E-07,0,75.58423562,919720.658,68.05917258,Relatively Moderate,2,,,,,,,,,,Not Applicable,,,,,,Not Applicable,,,,,,Not Applicable,,8E-06,0.0216868,35913748.8,180.9693854,2479280580,0,2515194329,0.3,0.000206506,0.002785553,Very Low,86.19299691,2.9897E-07,4.095890513,0,90.28888742,38.48358365,Very Low,8.22091E-08,6.74876E-11,0,40.76558096,68.52819671,34.64259808,Very Low,December 2025,7550.738659,2734308.201
53,06085503002,Census Tract 5030.02,1353951,0,California,Santa Clara County,3635,940,187,25.9,53,5,20528,T06085503002,California,CA,06,Santa Clara,County,085,06085,503002,06085503002,3600,841285666,0,0.52804089,111,8.526315789,0.52804089,841285666,3600,49320000000,0,50161285666,58,2.071428571,0.429911062,841285463.5,998.0801958,13673698683,0,14514984146,0.000556681,1.09048E-06,0.014568827,Very Low,970106.6669,0.002254515,30886.8538,0,1000993.521,77.04746694,Relatively Moderate,0.001153124,6.26254E-07,0,75.74042323,1608774.836,88.28558857,Relatively High,2,,,,,,,,,,Not Applicable,,,,,,Not Applicable,,,,,,Not Applicable,,0,0,0,0,0,0,0,0.3,0.000206506,0.002785553,No Rating,0,0,0,0,0,0,No Expected Annual Losses,0,0,0,0,0,0,No Rating,December 2025,6294.801572,2142230.292
54,06085503003,Census Tract 5030.03,1938825,0,California,Santa Clara County,5027,648,146,12.9,54,4,20529,T06085502909,California,CA,06,Santa Clara,County,085,06085,502909,06085502909,5324,799504057,0,0.50341122,111,8.526315789,0.503410643,799504057,5324,72938800000,0,73738304057,58,2.071428571,0.416732337,799503903.3,0,0,0,799503903.3,0.00105052,1.09048E-06,0.014568827,Very High,1739782.968,0,0,0,1739782.968,92.84707706,Relatively High,0.002176078,0,0,95.8991944,2651719.674,96.45392601,Very High,2,,,,,,,,,,Not Applicable,,,,,,Not Applicable,,,,,,Not Applicable,,0,0,0,0,0,0,0,0.3,0.000206506,0.002785553,No Rating,0,0,0,0,0,0,No Expected Annual Losses,0,0,0,0,0,0,No Rating,December 2025,7437.181829,3066861.243
55,06085503105,Census Tract 5031.05,1757118,0,California,Santa Clara County,2012,391,102,19.4,55,6,20530,T06085503105,California,CA,06,Santa Clara,County,085,06085,503105,06085503105,2417,635093999,84191,0.68527602,111,8.526315789,0.68527602,635093999,2417,33112900000,84191,33748078190,58,2.071428571,0.278562654,635093920.8,672.3136806,9210697425,18895.2788,9845810241,0.000739882,1.09048E-06,0.014568827,Very Low,973353.1492,0.001518657,20805.59704,570.2270994,994728.9733,76.78441412,Relatively Moderate,0.001532613,6.28323E-07,0.006773017,87.33353689,1299063.43,82.01039326,Relatively High,2,,,,,,,,,,Not Applicable,,,,,,Not Applicable,,,,,,Not Applicable,,1E-05,0.020955,17257177.47,151.6627092,2077779117,61910.83319,2095098205,0.3,0.000206506,0.002785553,Very Low,51.77153111,3.13193E-07,4.290738434,0.001724559,56.06399411,33.5521387,Very Low,8.15179E-08,1.29579E-10,2.04839E-08,39.33383278,73.21661119,35.32636486,Very Low,December 2025,7727.47683,2783742.799
56,06085503110,Census Tract 5031.10,765474,0,California,Santa Clara County,3617,224,100,6.2,56,4,20531,T06085503110,California,CA,06,Santa Clara,County,085,06085,503110,06085503110,4407,475101591,0,0.29853486,111,8.526315789,0.29853486,475101591,4407,60375900000,0,60851001591,58,2.071428571,0.221855086,475101496.4,0,0,0,475101496.4,0.000902819,1.09048E-06,0.014568827,Very High,888498.9206,0,0,0,888498.9206,72.02127909,Relatively Moderate,0.001870124,0,0,93.64328158,1290447.838,81.77731797,Relatively High,2,,,,,,,,,,Not Applicable,,,,,,Not Applicable,,,,,,Not Applicable,,0,0,0,0,0,0,0,0.3,0.000206506,0.002785553,No Rating,0,0,0,0,0,0,No Expected Annual Losses,0,0,0,0,0,0,No Rating,December 2025,5422.887962,1212936.21
57,06085503111,Census Tract 5031.11,905170,0,California,Santa Clara County,5418,839,258,15.5,57,6,20532,T06085503110,California,CA,06,Santa Clara,County,085,06085,503110,06085503110,4407,475101591,0,0.29853486,111,8.526315789,0.29853486,475101591,4407,60375900000,0,60851001591,58,2.071428571,0.221855086,475101496.4,0,0,0,475101496.4,0.000902819,1.09048E-06,0.014568827,Very High,888498.9206,0,0,0,888498.9206,72.02127909,Relatively Moderate,0.001870124,0,0,93.64328158,1290447.838,81.77731797,Relatively High,2,,,,,,,,,,Not Applicable,,,,,,Not Applicable,,,,,,Not Applicable,,0,0,0,0,0,0,0,0.3,0.000206506,0.002785553,No Rating,0,0,0,0,0,0,No Expected Annual Losses,0,0,0,0,0,0,No Rating,December 2025,5841.451083,1433889.622
58,06085503112,Census Tract 5031.12,1136977,0,California,Santa Clara County,3978,497,140,12.5,58,3,20533,T06085503105,California,CA,06,Santa Clara,County,085,06085,503105,06085503105,2417,635093999,84191,0.68527602,111,8.526315789,0.68527602,635093999,2417,33112900000,84191,33748078190,58,2.071428571,0.278562654,635093920.8,672.3136806,9210697425,18895.2788,9845810241,0.000739882,1.09048E-06,0.014568827,Very Low,973353.1492,0.001518657,20805.59704,570.2270994,994728.9733,76.78441412,Relatively Moderate,0.001532613,6.28323E-07,0.006773017,87.33353689,1299063.43,82.01039326,Relatively High,2,,,,,,,,,,Not Applicable,,,,,,Not Applicable,,,,,,Not Applicable,,1E-05,0.020955,17257177.47,151.6627092,2077779117,61910.83319,2095098205,0.3,0.000206506,0.002785553,Very Low,51.77153111,3.13193E-07,4.290738434,0.001724559,56.06399411,33.5521387,Very Low,8.15179E-08,1.29579E-10,2.04839E-08,39.33383278,73.21661119,35.32636486,Very Low,December 2025,5517.302329,1801092.532
59,06085503113,Census Tract 5031.13,728344,0,California,Santa Clara County,4028,504,234,12.5,59,4,20534,T06085503112,California,CA,06,Santa Clara,County,085,06085,503112,06085503112,4357,660101444,0,0.44342103,111,8.526315789,0.44342103,660101444,4357,59690900000,0,60351001444,58,2.071428571,0.308292074,660101309.5,136.3291587,1867709474,0,2527810783,0.000947064,1.09048E-06,0.014568827,Relatively Moderate,1294970.817,0.000307947,4218.878213,0,1299189.695,86.07229255,Relatively High,0.001961775,7.06788E-08,0,94.15999248,2108203.722,93.70221065,Relatively High,2,,,,,,,,,,Not Applicable,,,,,,Not Applicable,,,,,,Not Applicable,,8E-06,0.019668526,4904272.518,20.65231961,282936778.7,0,287841051.2,0.3,0.000206506,0.002785553,Very Low,11.77025401,3.41186E-08,0.467425138,0,12.23767915,23.41098546,Very Low,1.7831E-08,7.83076E-12,0,29.13203239,19.858163,25.01278347,Very Low,December 2025,4384.930043,1153569.737
60,06085503116,Census Tract 5031.16,1141518,0,California,Santa Clara County,6396,1175,421,18.4,60,5,20535,T06085503116,California,CA,06,Santa Clara,County,085,06085,503116,06085503116,5785,1158465232,0,0.44519202,111,8.526315789,0.44519202,1158465232,5785,79254500000,0,80412965232,58,2.071428571,0.36860997,1158465026,29.43512667,403261235.4,0,1561726262,0.001599444,1.09048E-06,0.014568827,Very High,3838150.202,6.64896E-05,910.9072176,0,3839061.109,99.31770674,Very High,0.003313134,1.14934E-08,0,98.96422951,5980133.587,99.69795346,Very High,2,,,,,,,,,,Not Applicable,,,,,,Not Applicable,,,,,,Not Applicable,,0,0,0,0,0,0,0,0.3,0.000206506,0.002785553,No Rating,0,0,0,0,0,0,No Expected Annual Losses,0,0,0,0,0,0,No Rating,December 2025,6003.132178,1806148.739
61,06085503117,Census Tract 5031.17,501958,0,California,Santa Clara County,2602,425,133,16.3,61,4,20536,T06085503110,California,CA,06,Santa Clara,County,085,06085,503110,06085503110,4407,475101591,0,0.29853486,111,8.526315789,0.29853486,475101591,4407,60375900000,0,60851001591,58,2.071428571,0.221855086,475101496.4,0,0,0,475101496.4,0.000902819,1.09048E-06,0.014568827,Very High,888498.9206,0,0,0,888498.9206,72.02127909,Relatively Moderate,0.001870124,0,0,93.64328158,1290447.838,81.77731797,Relatively High,2,,,,,,,,,,Not Applicable,,,,,,Not Applicable,,,,,,Not Applicable,,0,0,0,0,0,0,0,0.3,0.000206506,0.002785553,No Rating,0,0,0,0,0,0,No Expected Annual Losses,0,0,0,0,0,0,No Rating,December 2025,3987.828992,795258.0464
62,06085503118,Census Tract 5031.18,566063,0,California,Santa Clara County,4955,275,103,5.5,62,3,20537,T06085503111,California,CA,06,Santa Clara,County,085,06085,503111,06085503111,4739,431779517,0,0.3530163,111,8.526315789,0.353015774,431779517,4739,64924300000,0,65356079517,58,2.071428571,0.296649401,431779433.5,0,0,0,431779433.5,0.000882785,1.09048E-06,0.014568827,Very High,789563.5202,0,0,0,789563.5202,66.5946403,Relatively Moderate,0.001828627,0,0,93.20172863,988561.8513,71.29725423,Relatively Moderate,2,,,,,,,,,,Not Applicable,,,,,,Not Applicable,,,,,,Not Applicable,,0,0,0,0,0,0,0,0.3,0.000206506,0.002785553,No Rating,0,0,0,0,0,0,No Expected Annual Losses,0,0,0,0,0,0,No Rating,December 2025,4396.318335,896614.7744
63,06085503121,Census Tract 5031.21,2146016,0,California,Santa Clara County,5073,611,176,12,63,4,20538,T06085503121,California,CA,06,Santa Clara,County,085,06085,503121,06085503121,4758,1590077196,0,0.83694624,111,8.526315789,0.83694624,1590077196,4758,65184600000,0,66774677196,58,2.071428571,0.628085782,1590076868,939.8277938,12875640776,0,14465717644,0.00065916,1.09048E-06,0.014568827,Relatively Low,2171095.668,0.002122931,29084.15956,0,2200179.828,96.15520116,Very High,0.001365403,4.46181E-07,0,84.27672217,3010101.243,97.46352253,Very High,2,,,,,,,,,,Not Applicable,,,,,,Not Applicable,,,,,,Not Applicable,,0,0,0,0,0,0,0,0.3,0.000206506,0.002785553,No Rating,0,0,0,0,0,0,No Expected Annual Losses,0,0,0,0,0,0,No Rating,December 2025,7900.933142,3398065.069
64,06085503122,Census Tract 5031.22,3644757,0,California,Santa Clara County,3345,584,176,17.5,64,7,20539,T06085503105,California,CA,06,Santa Clara,County,085,06085,503105,06085503105,2417,635093999,84191,0.68527602,111,8.526315789,0.68527602,635093999,2417,33112900000,84191,33748078190,58,2.071428571,0.278562654,635093920.8,672.3136806,9210697425,18895.2788,9845810241,0.000739882,1.09048E-06,0.014568827,Very Low,973353.1492,0.001518657,20805.59704,570.2270994,994728.9733,76.78441412,Relatively Moderate,0.001532613,6.28323E-07,0.006773017,87.33353689,1299063.43,82.01039326,Relatively High,2,,,,,,,,,,Not Applicable,,,,,,Not Applicable,,,,,,Not Applicable,,1E-05,0.020955,17257177.47,151.6627092,2077779117,61910.83319,2095098205,0.3,0.000206506,0.002785553,Very Low,51.77153111,3.13193E-07,4.290738434,0.001724559,56.06399411,33.5521387,Very Low,8.15179E-08,1.29579E-10,2.04839E-08,39.33383278,73.21661119,35.32636486,Very Low,December 2025,10840.37229,5772174.856
65,06085503123,Census Tract 5031.23,689066,0,California,Santa Clara County,3872,511,136,13.2,65,5,20540,T06085502500,California,CA,06,Santa Clara,County,085,06085,502500,06085502500,6540,1695395073,0,0.97369155,111,8.526315789,0.97369155,1695395073,6540,89598000000,0,91293395073,58,2.071428571,0.834745312,1695394709,1546.81804,21191407144,0,22886801853,0.001211474,1.09048E-06,0.014568827,Relatively Low,4254561.196,0.003494032,47868.2403,0,4302429.436,99.52791413,Very High,0.002509481,5.34256E-07,0,96.52277051,3265493.01,97.99864436,Very High,2,,,,,,,,,,Not Applicable,,,,,,Not Applicable,,,,,,Not Applicable,,0,0,0,0,0,0,0,0.3,0.000206506,0.002785553,No Rating,0,0,0,0,0,0,No Expected Annual Losses,0,0,0,0,0,0,No Rating,December 2025,4749.264994,1090842.688
66,06085503124,Census Tract 5031.24,1572583,0,California,Santa Clara County,6075,644,161,10.6,66,5,20541,T06085503116,California,CA,06,Santa Clara,County,085,06085,503116,06085503116,5785,1158465232,0,0.44519202,111,8.526315789,0.44519202,1158465232,5785,79254500000,0,80412965232,58,2.071428571,0.36860997,1158465026,29.43512667,403261235.4,0,1561726262,0.001599444,1.09048E-06,0.014568827,Very High,3838150.202,6.64896E-05,910.9072176,0,3839061.109,99.31770674,Very High,0.003313134,1.14934E-08,0,98.96422951,5980133.587,99.69795346,Very High,2,,,,,,,,,,Not Applicable,,,,,,Not Applicable,,,,,,Not Applicable,,0,0,0,0,0,0,0,0.3,0.000206506,0.002785553,No Rating,0,0,0,0,0,0,No Expected Annual Losses,0,0,0,0,0,0,No Rating,December 2025,9508.098709,2488602.791
67,06085503125,Census Tract 5031.25,742589,0,California,Santa Clara County,4082,238,101,5.8,67,2,20542,T06085503124,California,CA,06,Santa Clara,County,085,06085,503124,06085503124,4723,733815465,0,0.61330737,111,8.526315789,0.61330737,733815465,4723,64705100000,0,65438915465,58,2.071428571,0.323077776,733815320.8,431.722694,5914600907,0,6648416228,0.001321738,1.09048E-06,0.014568827,Relatively Low,2009103.313,0.000975197,13360.20471,0,2022463.518,95.17814783,Relatively High,0.002737886,2.06478E-07,0,97.57145877,2165731.005,94.08274173,Relatively High,2,,,,,,,,,,Not Applicable,,,,,,Not Applicable,,,,,,Not Applicable,,8E-06,4.45908E-14,6.94422E-05,2.61387E-10,0.003581,0,0.003650442,0.3,0.000206506,0.002785553,Very Low,1.66661E-10,4.31824E-19,5.91598E-12,0,1.72577E-10,18.77445209,Very Low,2.27116E-19,9.14299E-23,0,24.8320312,1.84802E-10,18.77207378,Very Low,December 2025,4618.736508,1175129.615
68,06085503126,Census Tract 5031.26,1545159,0,California,Santa Clara County,3964,335,110,8.5,68,7,20543,T06085503122,California,CA,06,Santa Clara,County,085,06085,503122,06085503122,4108,2363988310,0,1.42145523,111,8.526315789,1.421454871,2363988310,4108,56279600000,0,58643588310,58,2.071428571,0.923440469,2363987928,132.6818275,1817741037,0,4181728966,0.000462778,1.09048E-06,0.014568827,Relatively Moderate,2266147.47,0.000299709,4106.006939,0,2270253.477,96.46757639,Very High,0.000958612,7.29573E-08,0,67.59165747,3527672.27,98.43863342,Very High,2,,,,,,,,,,Not Applicable,,,,,,Not Applicable,,,,,,Not Applicable,,1E-05,0.004405709,4967627.162,13.09320333,179376885.6,0,184344512.8,0.3,0.000206506,0.002785553,Very Low,14.90288111,2.70382E-08,0.370424022,0,15.27330513,24.29215274,Very Low,6.30413E-09,6.58185E-12,0,26.92495214,23.73268692,26.00929923,Very Low,December 2025,8081.276308,2445949.775
69,06085503127,Census Tract 5031.27,2926721,0,California,Santa Clara County,5300,682,190,12.9,69,6,20544,T06085503116,California,CA,06,Santa Clara,County,085,06085,503116,06085503116,5785,1158465232,0,0.44519202,111,8.526315789,0.44519202,1158465232,5785,79254500000,0,80412965232,58,2.071428571,0.36860997,1158465026,29.43512667,403261235.4,0,1561726262,0.001599444,1.09048E-06,0.014568827,Very High,3838150.202,6.64896E-05,910.9072176,0,3839061.109,99.31770674,Very High,0.003313134,1.14934E-08,0,98.96422951,5980133.587,99.69795346,Very High,2,,,,,,,,,,Not Applicable,,,,,,Not Applicable,,,,,,Not Applicable,,0,0,0,0,0,0,0,0.3,0.000206506,0.002785553,No Rating,0,0,0,0,0,0,No Expected Annual Losses,0,0,0,0,0,0,No Rating,December 2025,10622.0595,4631773.536
70,06085503207,Census Tract 5032.07,1290000,0,California,Santa Clara County,3446,823,156,23.9,70,6,20545,T06085503207,California,CA,06,Santa Clara,County,085,06085,503207,06085503207,4109,518692434,0,0.5031,111,8.526315789,0.503099984,518692434,4109,56293300000,0,56811992434,58,2.071428571,0.340321931,518692338.5,35.54943249,487027225.1,0,1005719564,0.000657845,1.09048E-06,0.014568827,Relatively High,706810.9396,8.03009E-05,1100.122143,0,707911.0617,61.09871527,Relatively Moderate,0.001362678,1.95427E-08,0,85.18918665,681304.1374,52.66550129,Relatively Moderate,2,,,,,,,,,,Not Applicable,,,,,,Not Applicable,,,,,,Not Applicable,,8E-06,0.007120493,10270246.31,80.04310685,1096590564,0,1106860810,0.3,0.000206506,0.002785553,Very Low,24.64859109,1.32235E-07,1.811620243,0,26.46021133,27.341158,Very Low,4.75206E-08,3.21818E-11,0,34.26325616,25.46570103,26.44215333,Very Low,December 2025,7379.904694,2041993.102
71,06085503208,Census Tract 5032.08,1106314,18008,California,Santa Clara County,3182,423,96,13.3,71,4,20546,T06085503208,California,CA,06,Santa Clara,County,085,06085,503208,06085503208,3737,352757025,151995,0.43848558,111,8.526315789,0.438484952,352757025,3737,51196900000,151995,51549809020,58,2.071428571,0.25783868,352756947.3,0,0,151986.5399,352908933.8,0.001305072,1.09048E-06,0.014568827,Very High,953630.0396,0,0,4586.693041,958216.7326,75.27538342,Relatively Moderate,0.002703362,0,0.030176605,97.98835052,974164.5896,70.64559476,Relatively Moderate,2,,,,,,,,,,Not Applicable,,,,,,Not Applicable,,,,,,Not Applicable,,1E-04,0.003272841,1445909.477,12.75844856,174790745.3,26076.17184,176262731,0.3,0.000206506,0.002785553,Relatively Low,43.37728321,2.6347E-07,3.609533674,0.007263656,46.99408054,31.89920683,Very Low,1.22966E-07,7.0503E-11,4.77888E-08,44.34614058,47.77621557,31.17976526,Very Low,December 2025,6286.882127,1779082.758
72,06085503210,Census Tract 5032.10,1595929,0,California,Santa Clara County,4067,525,114,12.9,72,3,20547,T06085503207,California,CA,06,Santa Clara,County,085,06085,503207,06085503207,4109,518692434,0,0.5031,111,8.526315789,0.503099984,518692434,4109,56293300000,0,56811992434,58,2.071428571,0.340321931,518692338.5,35.54943249,487027225.1,0,1005719564,0.000657845,1.09048E-06,0.014568827,Relatively High,706810.9396,8.03009E-05,1100.122143,0,707911.0617,61.09871527,Relatively Moderate,0.001362678,1.95427E-08,0,85.18918665,681304.1374,52.66550129,Relatively Moderate,2,,,,,,,,,,Not Applicable,,,,,,Not Applicable,,,,,,Not Applicable,,8E-06,0.007120493,10270246.31,80.04310685,1096590564,0,1106860810,0.3,0.000206506,0.002785553,Very Low,24.64859109,1.32235E-07,1.811620243,0,26.46021133,27.341158,Very Low,4.75206E-08,3.21818E-11,0,34.26325616,25.46570103,26.44215333,Very Low,December 2025,7130.561867,2525993.655
73,06085503211,Census Tract 5032.11,1058985,0,California,Santa Clara County,4651,802,192,17.2,73,3,20548,T06085503211,California,CA,06,Santa Clara,County,085,06085,503211,06085503211,4731,548924802,0,0.41300415,111,8.526315789,0.41300415,548924802,4731,64814700000,0,65363624802,58,2.071428571,0.368068018,548924687.9,0,0,0,548924687.9,0.000641595,1.09048E-06,0.014568827,Relatively High,729530.458,0,0,0,729530.458,62.58425911,Relatively Moderate,0.001329017,0,0,84.37419264,852505.0706,64.29904986,Relatively Moderate,2,,,,,,,,,,Not Applicable,,,,,,Not Applicable,,,,,,Not Applicable,,1E-05,0.000485072,953738.4959,7.641650559,104690612.7,0,105644351.2,0.3,0.000206506,0.002785553,Very Low,2.861215415,1.57805E-08,0.216192391,0,3.077407807,20.62478446,Very Low,5.2124E-09,3.33555E-12,0,25.48250152,3.596156584,20.67235085,Very Low,December 2025,5323.702321,1677080.462
74,06085503212,Census Tract 5032.12,1671358,0,California,Santa Clara County,4226,780,149,18.5,74,7,20549,T06085503207,California,CA,06,Santa Clara,County,085,06085,503207,06085503207,4109,518692434,0,0.5031,111,8.526315789,0.503099984,518692434,4109,56293300000,0,56811992434,58,2.071428571,0.340321931,518692338.5,35.54943249,487027225.1,0,1005719564,0.000657845,1.09048E-06,0.014568827,Relatively High,706810.9396,8.03009E-05,1100.122143,0,707911.0617,61.09871527,Relatively Moderate,0.001362678,1.95427E-08,0,85.18918665,681304.1374,52.66550129,Relatively Moderate,2,,,,,,,,,,Not Applicable,,,,,,Not Applicable,,,,,,Not Applicable,,8E-06,0.007120493,10270246.31,80.04310685,1096590564,0,1106860810,0.3,0.000206506,0.002785553,Very Low,24.64859109,1.32235E-07,1.811620243,0,26.46021133,27.341158,Very Low,4.75206E-08,3.21818E-11,0,34.26325616,25.46570103,26.44215333,Very Low,December 2025,8822.489317,2646367.423
75,06085503213,Census Tract 5032.13,1099444,0,California,Santa Clara County,4920,645,203,13.1,75,3,20550,T06085503210,California,CA,06,Santa Clara,County,085,06085,503210,06085503210,4114,457311786,0,0.62241231,111,8.526315789,0.62241231,457311786,4114,56361800000,0,56819111786,58,2.071428571,0.324474787,457311704,0,0,0,457311704,0.001234939,1.09048E-06,0.014568827,Very High,1169843.746,0,0,0,1169843.746,82.81701388,Relatively High,0.002558088,0,0,97.59611997,1289755.123,81.76661553,Relatively High,2,,,,,,,,,,Not Applicable,,,,,,Not Applicable,,,,,,Not Applicable,,8E-06,0.000653406,578279.0054,6.614241003,90615101.75,0,91193380.75,0.3,0.000206506,0.002785553,Very Low,1.387869609,1.0927E-08,0.149700497,0,1.537570107,19.95766592,Very Low,3.03484E-09,2.65606E-12,0,24.53830878,1.695174188,19.96242256,Very Low,December 2025,7466.507023,1740688.133
76,06085503217,Census Tract 5032.17,601903,0,California,Santa Clara County,3669,397,141,10.8,76,4,20551,T06085503208,California,CA,06,Santa Clara,County,085,06085,503208,06085503208,3737,352757025,151995,0.43848558,111,8.526315789,0.438484952,352757025,3737,51196900000,151995,51549809020,58,2.071428571,0.25783868,352756947.3,0,0,151986.5399,352908933.8,0.001305072,1.09048E-06,0.014568827,Very High,953630.0396,0,0,4586.693041,958216.7326,75.27538342,Relatively Moderate,0.002703362,0,0.030176605,97.98835052,974164.5896,70.64559476,Relatively Moderate,2,,,,,,,,,,Not Applicable,,,,,,Not Applicable,,,,,,Not Applicable,,1E-04,0.003272841,1445909.477,12.75844856,174790745.3,26076.17184,176262731,0.3,0.000206506,0.002785553,Relatively Low,43.37728321,2.6347E-07,3.609533674,0.007263656,46.99408054,31.89920683,Very Low,1.22966E-07,7.0503E-11,4.77888E-08,44.34614058,47.77621557,31.17976526,Very Low,December 2025,4490.075879,952583.6624
77,06085503218,Census Tract 5032.18,590505,0,California,Santa Clara County,4227,518,154,12.3,77,4,20552,T06085503208,California,CA,06,Santa Clara,County,085,06085,503208,06085503208,3737,352757025,151995,0.43848558,111,8.526315789,0.438484952,352757025,3737,51196900000,151995,51549809020,58,2.071428571,0.25783868,352756947.3,0,0,151986.5399,352908933.8,0.001305072,1.09048E-06,0.014568827,Very High,953630.0396,0,0,4586.693041,958216.7326,75.27538342,Relatively Moderate,0.002703362,0,0.030176605,97.98835052,974164.5896,70.64559476,Relatively Moderate,2,,,,,,,,,,Not Applicable,,,,,,Not Applicable,,,,,,Not Applicable,,1E-04,0.003272841,1445909.477,12.75844856,174790745.3,26076.17184,176262731,0.3,0.000206506,0.002785553,Relatively Low,43.37728321,2.6347E-07,3.609533674,0.007263656,46.99408054,31.89920683,Very Low,1.22966E-07,7.0503E-11,4.77888E-08,44.34614058,47.77621557,31.17976526,Very Low,December 2025,4185.003735,934393.0237
78,06085503219,Census Tract 5032.19,484157,0,California,Santa Clara County,2738,332,112,12.1,78,3,20553,T06085503213,California,CA,06,Santa Clara,County,085,06085,503213,06085503213,4769,570982776,0,0.42878316,111,8.526315789,0.42878316,570982776,4769,65335300000,0,65906282776,58,2.071428571,0.24048204,570982664.2,15.46386105,211854896.4,0,782837560.6,0.001187962,1.09048E-06,0.014568827,Very High,1405061.678,3.49306E-05,478.5487353,0,1405540.227,88.20137633,Relatively High,0.002460778,7.32451E-09,0,97.24851446,1835939.116,91.24065023,Relatively High,2,,,,,,,,,,Not Applicable,,,,,,Not Applicable,,,,,,Not Applicable,,0.000125707,0.034639457,5730091.902,724.1260485,9920526865,0,9926256957,0.3,0.000206506,0.002785553,Very Low,257.8541478,1.87075E-05,256.2921445,0,514.1462923,59.50792575,Very Low,4.51597E-07,3.92272E-09,0,34.78291891,671.5861072,61.87197508,Very Low,December 2025,4143.999597,766349.451
79,06085503220,Census Tract 5032.20,949951,0,California,Santa Clara County,4691,530,151,11.3,79,5,20554,T06085503210,California,CA,06,Santa Clara,County,085,06085,503210,06085503210,4114,457311786,0,0.62241231,111,8.526315789,0.62241231,457311786,4114,56361800000,0,56819111786,58,2.071428571,0.324474787,457311704,0,0,0,457311704,0.001234939,1.09048E-06,0.014568827,Very High,1169843.746,0,0,0,1169843.746,82.81701388,Relatively High,0.002558088,0,0,97.59611997,1289755.123,81.76661553,Relatively High,2,,,,,,,,,,Not Applicable,,,,,,Not Applicable,,,,,,Not Applicable,,8E-06,0.000653406,578279.0054,6.614241003,90615101.75,0,91193380.75,0.3,0.000206506,0.002785553,Very Low,1.387869609,1.0927E-08,0.149700497,0,1.537570107,19.95766592,Very Low,3.03484E-09,2.65606E-12,0,24.53830878,1.695174188,19.96242256,Very Low,December 2025,5333.493228,1503437.609
80,06085503221,Census Tract 5032.21,1054979,0,California,Santa Clara County,2433,613,148,25.2,80,3,20555,T06085503213,California,CA,06,Santa Clara,County,085,06085,503213,06085503213,4769,570982776,0,0.42878316,111,8.526315789,0.42878316,570982776,4769,65335300000,0,65906282776,58,2.071428571,0.24048204,570982664.2,15.46386105,211854896.4,0,782837560.6,0.001187962,1.09048E-06,0.014568827,Very High,1405061.678,3.49306E-05,478.5487353,0,1405540.227,88.20137633,Relatively High,0.002460778,7.32451E-09,0,97.24851446,1835939.116,91.24065023,Relatively High,2,,,,,,,,,,Not Applicable,,,,,,Not Applicable,,,,,,Not Applicable,,0.000125707,0.034639457,5730091.902,724.1260485,9920526865,0,9926256957,0.3,0.000206506,0.002785553,Very Low,257.8541478,1.87075E-05,256.2921445,0,514.1462923,59.50792575,Very Low,4.51597E-07,3.92272E-09,0,34.78291891,671.5861072,61.87197508,Very Low,December 2025,5299.552077,1670268.367
81,06085503222,Census Tract 5032.22,751197,0,California,Santa Clara County,5434,598,255,11,81,3,20556,T06085503213,California,CA,06,Santa Clara,County,085,06085,503213,06085503213,4769,570982776,0,0.42878316,111,8.526315789,0.42878316,570982776,4769,65335300000,0,65906282776,58,2.071428571,0.24048204,570982664.2,15.46386105,211854896.4,0,782837560.6,0.001187962,1.09048E-06,0.014568827,Very High,1405061.678,3.49306E-05,478.5487353,0,1405540.227,88.20137633,Relatively High,0.002460778,7.32451E-09,0,97.24851446,1835939.116,91.24065023,Relatively High,2,,,,,,,,,,Not Applicable,,,,,,Not Applicable,,,,,,Not Applicable,,0.000125707,0.034639457,5730091.902,724.1260485,9920526865,0,9926256957,0.3,0.000206506,0.002785553,Very Low,257.8541478,1.87075E-05,256.2921445,0,514.1462923,59.50792575,Very Low,4.51597E-07,3.92272E-09,0,34.78291891,671.5861072,61.87197508,Very Low,December 2025,4662.309919,1189151.555
82,06085503304,Census Tract 5033.04,1487588,0,California,Santa Clara County,6566,1592,386,24.2,82,4,20557,T06085503304,California,CA,06,Santa Clara,County,085,06085,503304,06085503304,6537,966721641,0,0.58015932,111,8.526315789,0.580159293,966721641,6537,89556900000,0,90523621641,58,2.071428571,0.438229912,966721449,0,0,0,966721449,0.001196621,1.09048E-06,0.014568827,Very High,2396226.478,0,0,0,2396226.478,96.97958992,Very High,0.002478714,0,0,97.34950795,2642793.652,96.42062954,Very High,2,,,,,,,,,,Not Applicable,,,,,,Not Applicable,,,,,,Not Applicable,,1E-05,0.017524629,31050583.48,146.2641799,2003819264,0,2034869848,0.3,0.000206506,0.002785553,Very Low,93.15174809,3.02044E-07,4.138006905,0,97.28975499,39.31242791,Very Low,9.63584E-08,4.62053E-11,0,42.72174854,107.3006868,39.50269345,Very Low,December 2025,7188.369733,2355890.183
83,06085503305,Census Tract 5033.05,2324266,0,California,Santa Clara County,5874,1230,254,20.9,83,4,20558,T06085503305,California,CA,06,Santa Clara,County,085,06085,503305,06085503305,6333,1018293532,0,0.90646374,111,8.526315789,0.90646374,1018293532,6333,86762100000,0,87780393532,58,2.071428571,0.532886698,1018293313,2.217633952,30381585.14,0,1048674898,0.000340514,1.09048E-06,0.014568827,Relatively High,718253.4693,5.00931E-06,68.627487,0,718322.0968,61.81741316,Relatively Moderate,0.00070535,7.90985E-10,0,45.93677338,994733.3584,71.56005851,Relatively Moderate,2,,,,,,,,,,Not Applicable,,,,,,Not Applicable,,,,,,Not Applicable,,1E-05,1.47828E-14,3.27917E-05,0,0,0,3.27917E-05,0.3,0.000206506,0.002785553,Relatively Low,9.8375E-11,0,0,0,9.8375E-11,18.73520983,Very Low,9.66077E-20,0,0,25.42304354,1.3623E-10,18.74947974,Very Low,December 2025,8209.724532,3681641.839
84,06085503306,Census Tract 5033.06,1667566,0,California,Santa Clara County,3852,554,117,14.4,84,5,20559,T06085503305,California,CA,06,Santa Clara,County,085,06085,503305,06085503305,6333,1018293532,0,0.90646374,111,8.526315789,0.90646374,1018293532,6333,86762100000,0,87780393532,58,2.071428571,0.532886698,1018293313,2.217633952,30381585.14,0,1048674898,0.000340514,1.09048E-06,0.014568827,Relatively High,718253.4693,5.00931E-06,68.627487,0,718322.0968,61.81741316,Relatively Moderate,0.00070535,7.90985E-10,0,45.93677338,994733.3584,71.56005851,Relatively Moderate,2,,,,,,,,,,Not Applicable,,,,,,Not Applicable,,,,,,Not Applicable,,1E-05,1.47828E-14,3.27917E-05,0,0,0,3.27917E-05,0.3,0.000206506,0.002785553,Relatively Low,9.8375E-11,0,0,0,9.8375E-11,18.73520983,Very Low,9.66077E-20,0,0,25.42304354,1.3623E-10,18.74947974,Very Low,December 2025,7479.010419,2642229.465
85,06085503312,Census Tract 5033.12,15066853,0,California,Santa Clara County,3550,619,142,17.4,85,7,20560,T06085503312,California,CA,06,Santa Clara,County,085,06085,503312,06085503312,3562,681689222,0,5.87607267,108.0786881,8.527599248,5.87607267,681689222,3562,48799400000,0,49481089222,58,2.071428571,0.770146422,681689081.3,0,0,0,681689081.3,0.000447126,1.09048E-06,0.014568827,Relatively High,631373.2725,0,0,0,631373.2725,55.14949386,Relatively Moderate,0.000926189,0,0,65.47784015,588477.8475,44.91931552,Relatively Low,2,,,,,,,,,,Not Applicable,,,,,,Not Applicable,,,,,,Not Applicable,,0.008249084,0.281578912,48624419.03,534.7791202,7326473947,0,7375098366,0.3,0.000206506,0.002785553,Relatively Moderate,128204.7012,0.000849895,11643.55805,0,139848.2593,95.6738373,Relatively Moderate,0.000188069,2.386E-07,0,95.15893118,130346.9852,95.09471656,Relatively Moderate,December 2025,30630.36095,23884175.19
86,06085503313,Census Tract 5033.13,1606057,0,California,Santa Clara County,4449,920,164,20.7,86,3,20561,T06085503312,California,CA,06,Santa Clara,County,085,06085,503312,06085503312,3562,681689222,0,5.87607267,108.0786881,8.527599248,5.87607267,681689222,3562,48799400000,0,49481089222,58,2.071428571,0.770146422,681689081.3,0,0,0,681689081.3,0.000447126,1.09048E-06,0.014568827,Relatively High,631373.2725,0,0,0,631373.2725,55.14949386,Relatively Moderate,0.000926189,0,0,65.47784015,588477.8475,44.91931552,Relatively Low,2,,,,,,,,,,Not Applicable,,,,,,Not Applicable,,,,,,Not Applicable,,0.008249084,0.281578912,48624419.03,534.7791202,7326473947,0,7375098366,0.3,0.000206506,0.002785553,Relatively Moderate,128204.7012,0.000849895,11643.55805,0,139848.2593,95.6738373,Relatively Moderate,0.000188069,2.386E-07,0,95.15893118,130346.9852,95.09471656,Relatively Moderate,December 2025,7633.234548,2544759.85
87,06085503315,Census Tract 5033.15,1647150,0,California,Santa Clara County,7822,1144,229,14.6,87,5,20562,T06085503315,California,CA,06,Santa Clara,County,085,06085,503315,06085503315,7722,898956551,0,0.6423885,111,8.526315789,0.6423885,898956551,7722,1.05791E+11,0,1.0669E+11,58,2.071428571,0.505079295,898956359,48.37157929,662690636.3,0,1561646995,0.000817824,1.09048E-06,0.014568827,Relatively High,1522890.141,0.000109264,1496.919691,0,1524387.06,90.2318153,Relatively High,0.001694064,1.41497E-08,0,91.49071095,1770545.292,90.46531816,Relatively High,2,,,,,,,,,,Not Applicable,,,,,,Not Applicable,,,,,,Not Applicable,,0,0,0,0,0,0,0,0.3,0.000206506,0.002785553,No Rating,0,0,0,0,0,0,No Expected Annual Losses,0,0,0,0,0,0,No Rating,December 2025,6600.142351,2608988.159
88,06085503321,Census Tract 5033.21,1753664,246839,California,Santa Clara County,4351,982,201,22.6,88,6,20563,T06085503315,California,CA,06,Santa Clara,County,085,06085,503315,06085503315,7722,898956551,0,0.6423885,111,8.526315789,0.6423885,898956551,7722,1.05791E+11,0,1.0669E+11,58,2.071428571,0.505079295,898956359,48.37157929,662690636.3,0,1561646995,0.000817824,1.09048E-06,0.014568827,Relatively High,1522890.141,0.000109264,1496.919691,0,1524387.06,90.2318153,Relatively High,0.001694064,1.41497E-08,0,91.49071095,1770545.292,90.46531816,Relatively High,2,,,,,,,,,,Not Applicable,,,,,,Not Applicable,,,,,,Not Applicable,,0,0,0,0,0,0,0,0.3,0.000206506,0.002785553,No Rating,0,0,0,0,0,0,No Expected Annual Losses,0,0,0,0,0,0,No Rating,December 2025,7477.629275,3169868.42
89,06085503322,Census Tract 5033.22,1443922,0,California,Santa Clara County,4506,796,206,17.7,89,5,20564,T06085503312,California,CA,06,Santa Clara,County,085,06085,503312,06085503312,3562,681689222,0,5.87607267,108.0786881,8.527599248,5.87607267,681689222,3562,48799400000,0,49481089222,58,2.071428571,0.770146422,681689081.3,0,0,0,681689081.3,0.000447126,1.09048E-06,0.014568827,Relatively High,631373.2725,0,0,0,631373.2725,55.14949386,Relatively Moderate,0.000926189,0,0,65.47784015,588477.8475,44.91931552,Relatively Low,2,,,,,,,,,,Not Applicable,,,,,,Not Applicable,,,,,,Not Applicable,,0.008249084,0.281578912,48624419.03,534.7791202,7326473947,0,7375098366,0.3,0.000206506,0.002785553,Relatively Moderate,128204.7012,0.000849895,11643.55805,0,139848.2593,95.6738373,Relatively Moderate,0.000188069,2.386E-07,0,95.15893118,130346.9852,95.09471656,Relatively Moderate,December 2025,7143.063223,2288470.952
90,06085503323,Census Tract 5033.23,1131863,0,California,Santa Clara County,3809,637,146,16.7,90,3,20565,T06085503313,California,CA,06,Santa Clara,County,085,06085,503313,06085503313,4600,928770514,0,0.62636223,111,8.526315789,0.626361645,928770514,4600,63020000000,0,63948770514,58,2.071428571,0.522110237,928770320.8,0,0,0,928770320.8,0.000508037,1.09048E-06,0.014568827,Relatively High,977402.9842,0,0,0,977402.9842,76.10094652,Relatively Moderate,0.001052362,0,0,73.24024708,941614.5441,69.09136313,Relatively Moderate,2,,,,,,,,,,Not Applicable,,,,,,Not Applicable,,,,,,Not Applicable,,0.004896,0.002568758,4505067.126,21.30414984,291866852.8,0,296371919.9,0.3,0.000206506,0.002785553,Relatively Moderate,6617.042633,2.15396E-05,295.0929685,0,6912.135601,81.75115646,Relatively Low,7.12452E-06,4.68253E-09,0,88.69228116,6659.041888,80.62621146,Relatively Low,December 2025,5555.782175,1793526.544
91,06085503324,Census Tract 5033.24,827970,0,California,Santa Clara County,3333,693,131,20.8,91,4,20566,T06085503313,California,CA,06,Santa Clara,County,085,06085,503313,06085503313,4600,928770514,0,0.62636223,111,8.526315789,0.626361645,928770514,4600,63020000000,0,63948770514,58,2.071428571,0.522110237,928770320.8,0,0,0,928770320.8,0.000508037,1.09048E-06,0.014568827,Relatively High,977402.9842,0,0,0,977402.9842,76.10094652,Relatively Moderate,0.001052362,0,0,73.24024708,941614.5441,69.09136313,Relatively Moderate,2,,,,,,,,,,Not Applicable,,,,,,Not Applicable,,,,,,Not Applicable,,0.004896,0.002568758,4505067.126,21.30414984,291866852.8,0,296371919.9,0.3,0.000206506,0.002785553,Relatively Moderate,6617.042633,2.15396E-05,295.0929685,0,6912.135601,81.75115646,Relatively Low,7.12452E-06,4.68253E-09,0,88.69228116,6659.041888,80.62621146,Relatively Low,December 2025,4926.683265,1311769.587
92,06085503325,Census Tract 5033.25,1138412,0,California,Santa Clara County,4478,655,157,14.6,92,3,20567,T06085503325,California,CA,06,Santa Clara,County,085,06085,503325,06085503325,4449,664655946,0,0.44398068,111,8.526315789,0.443980122,664655946,4449,60951300000,0,61615955946,58,2.071428571,0.367280619,664655811.6,0,0,0,664655811.6,0.000986286,1.09048E-06,0.014568827,Very High,1357905.17,0,0,0,1357905.17,87.27599408,Relatively High,0.00204302,0,0,95.03722667,1615953.639,88.41045033,Relatively High,2,,,,,,,,,,Not Applicable,,,,,,Not Applicable,,,,,,Not Applicable,,0,0,0,0,0,0,0,0.3,0.000206506,0.002785553,No Rating,0,0,0,0,0,0,No Expected Annual Losses,0,0,0,0,0,0,No Rating,December 2025,6142.139603,1803282.004
93,06085503326,Census Tract 5033.26,4260151,0,California,Santa Clara County,6829,1056,306,15.5,93,5,20568,T06085503312,California,CA,06,Santa Clara,County,085,06085,503312,06085503312,3562,681689222,0,5.87607267,108.0786881,8.527599248,5.87607267,681689222,3562,48799400000,0,49481089222,58,2.071428571,0.770146422,681689081.3,0,0,0,681689081.3,0.000447126,1.09048E-06,0.014568827,Relatively High,631373.2725,0,0,0,631373.2725,55.14949386,Relatively Moderate,0.000926189,0,0,65.47784015,588477.8475,44.91931552,Relatively Low,2,,,,,,,,,,Not Applicable,,,,,,Not Applicable,,,,,,Not Applicable,,0.008249084,0.281578912,48624419.03,534.7791202,7326473947,0,7375098366,0.3,0.000206506,0.002785553,Relatively Moderate,128204.7012,0.000849895,11643.55805,0,139848.2593,95.6738373,Relatively Moderate,0.000188069,2.386E-07,0,95.15893118,130346.9852,95.09471656,Relatively Moderate,December 2025,17337.33511,6748984.687
94,06085503327,Census Tract 5033.27,1440282,0,California,Santa Clara County,4434,962,210,21.7,94,6,20569,T06085503327,California,CA,06,Santa Clara,County,085,06085,503327,06085503327,4856,706486985,0,0.56170998,111,8.526315789,0.56170998,706486985,4856,66527200000,0,67233686985,58,2.071428571,0.455867035,706486838.8,62.77057981,859956943.4,0,1566443782,0.00151963,1.09048E-06,0.014568827,Relatively High,2223882.654,0.000141789,1942.51497,0,2225825.169,96.2738098,Very High,0.003147804,2.91988E-08,0,98.70235103,2294593.008,94.89255943,Relatively High,2,,,,,,,,,,Not Applicable,,,,,,Not Applicable,,,,,,Not Applicable,,8E-06,0.01280221,18959735.6,148.119477,2029236835,0,2048196571,0.3,0.000206506,0.002785553,Very Low,45.50336532,2.447E-07,3.352396647,0,48.85576197,32.23336068,Very Low,6.44079E-08,5.03914E-11,0,37.18383219,50.36518204,31.66018575,Very Low,December 2025,9873.582103,2280698.354
95,06085503329,Census Tract 5033.29,1164082,0,California,Santa Clara County,3294,573,140,17.4,95,3,20570,T06085503327,California,CA,06,Santa Clara,County,085,06085,503327,06085503327,4856,706486985,0,0.56170998,111,8.526315789,0.56170998,706486985,4856,66527200000,0,67233686985,58,2.071428571,0.455867035,706486838.8,62.77057981,859956943.4,0,1566443782,0.00151963,1.09048E-06,0.014568827,Relatively High,2223882.654,0.000141789,1942.51497,0,2225825.169,96.2738098,Very High,0.003147804,2.91988E-08,0,98.70235103,2294593.008,94.89255943,Relatively High,2,,,,,,,,,,Not Applicable,,,,,,Not Applicable,,,,,,Not Applicable,,8E-06,0.01280221,18959735.6,148.119477,2029236835,0,2048196571,0.3,0.000206506,0.002785553,Very Low,45.50336532,2.447E-07,3.352396647,0,48.85576197,32.23336068,Very Low,6.44079E-08,5.03914E-11,0,37.18383219,50.36518204,31.66018575,Very Low,December 2025,6102.313097,1843503.606
96,06085503330,Census Tract 5033.30,17811691,0,California,Santa Clara County,6550,1135,274,17.3,96,7,20571,T06085503312,California,CA,06,Santa Clara,County,085,06085,503312,06085503312,3562,681689222,0,5.87607267,108.0786881,8.527599248,5.87607267,681689222,3562,48799400000,0,49481089222,58,2.071428571,0.770146422,681689081.3,0,0,0,681689081.3,0.000447126,1.09048E-06,0.014568827,Relatively High,631373.2725,0,0,0,631373.2725,55.14949386,Relatively Moderate,0.000926189,0,0,65.47784015,588477.8475,44.91931552,Relatively Low,2,,,,,,,,,,Not Applicable,,,,,,Not Applicable,,,,,,Not Applicable,,0.008249084,0.281578912,48624419.03,534.7791202,7326473947,0,7375098366,0.3,0.000206506,0.002785553,Relatively Moderate,128204.7012,0.000849895,11643.55805,0,139848.2593,95.6738373,Relatively Moderate,0.000188069,2.386E-07,0,95.15893118,130346.9852,95.09471656,Relatively Moderate,December 2025,27790.21937,28205567.41
97,06085503331,Census Tract 5033.31,1365613,0,California,Santa Clara County,3481,1477,386,42.4,97,3,20572,T06085503330,California,CA,06,Santa Clara,County,085,06085,503330,06085503330,7319,2002864439,0,6.93289155,108.3157873,8.521662412,6.93289155,2002864439,7319,1.0027E+11,0,1.02273E+11,58,2.071428571,0.812694792,2002864019,0,0,0,2002864019,0.00056802,1.09048E-06,0.014568827,Relatively High,2356593.949,0,0,0,2356593.949,96.84101745,Very High,0.001176612,0,0,79.12840266,1788626.91,90.6674753,Relatively High,2,,,,,,,,,,Not Applicable,,,,,,Not Applicable,,,,,,Not Applicable,,0.004957773,0.10444298,125260465.2,379.5172121,5199385805,0,5324646270,0.3,0.000206506,0.002785553,Relatively Moderate,102589.261,0.000268502,3678.47972,0,106267.7407,94.92704506,Relatively Moderate,5.12213E-05,3.66856E-08,0,95.53708394,80655.95719,93.60113208,Relatively Moderate,December 2025,7518.339968,2161706.91
98,06085503332,Census Tract 5033.32,7849296,0,California,Santa Clara County,5897,2916,461,49.4,98,6,20573,T06085503330,California,CA,06,Santa Clara,County,085,06085,503330,06085503330,7319,2002864439,0,6.93289155,108.3157873,8.521662412,6.93289155,2002864439,7319,1.0027E+11,0,1.02273E+11,58,2.071428571,0.812694792,2002864019,0,0,0,2002864019,0.00056802,1.09048E-06,0.014568827,Relatively High,2356593.949,0,0,0,2356593.949,96.84101745,Very High,0.001176612,0,0,79.12840266,1788626.91,90.6674753,Relatively High,2,,,,,,,,,,Not Applicable,,,,,,Not Applicable,,,,,,Not Applicable,,0.004957773,0.10444298,125260465.2,379.5172121,5199385805,0,5324646270,0.3,0.000206506,0.002785553,Relatively Moderate,102589.261,0.000268502,3678.47972,0,106267.7407,94.92704506,Relatively Moderate,5.12213E-05,3.66856E-08,0,95.53708394,80655.95719,93.60113208,Relatively Moderate,December 2025,16460.62664,12420734.82
99,06085503333,Census Tract 5033.33,2082713,0,California,Santa Clara County,4590,734,173,16,99,5,20574,T06085503327,California,CA,06,Santa Clara,County,085,06085,503327,06085503327,4856,706486985,0,0.56170998,111,8.526315789,0.56170998,706486985,4856,66527200000,0,67233686985,58,2.071428571,0.455867035,706486838.8,62.77057981,859956943.4,0,1566443782,0.00151963,1.09048E-06,0.014568827,Relatively High,2223882.654,0.000141789,1942.51497,0,2225825.169,96.2738098,Very High,0.003147804,2.91988E-08,0,98.70235103,2294593.008,94.89255943,Relatively High,2,,,,,,,,,,Not Applicable,,,,,,Not Applicable,,,,,,Not Applicable,,8E-06,0.01280221,18959735.6,148.119477,2029236835,0,2048196571,0.3,0.000206506,0.002785553,Very Low,45.50336532,2.447E-07,3.352396647,0,48.85576197,32.23336068,Very Low,6.44079E-08,5.03914E-11,0,37.18383219,50.36518204,31.66018575,Very Low,December 2025,9613.565245,3297390.074
100,06085503336,Census Tract 5033.36,905462,0,California,Santa Clara County,2861,502,127,17.5,100,4,20575,T06085503327,California,CA,06,Santa Clara,County,085,06085,503327,06085503327,4856,706486985,0,0.56170998,111,8.526315789,0.56170998,706486985,4856,66527200000,0,67233686985,58,2.071428571,0.455867035,706486838.8,62.77057981,859956943.4,0,1566443782,0.00151963,1.09048E-06,0.014568827,Relatively High,2223882.654,0.000141789,1942.51497,0,2225825.169,96.2738098,Very High,0.003147804,2.91988E-08,0,98.70235103,2294593.008,94.89255943,Relatively High,2,,,,,,,,,,Not Applicable,,,,,,Not Applicable,,,,,,Not Applicable,,8E-06,0.01280221,18959735.6,148.119477,2029236835,0,2048196571,0.3,0.000206506,0.002785553,Very Low,45.50336532,2.447E-07,3.352396647,0,48.85576197,32.23336068,Very Low,6.44079E-08,5.03914E-11,0,37.18383219,50.36518204,31.66018575,Very Low,December 2025,5265.155417,1433754.575
101,06085503337,Census Tract 5033.37,765975,0,California,Santa Clara County,4409,649,153,14.7,101,3,20576,T06085503336,California,CA,06,Santa Clara,County,085,06085,503336,06085503336,3370,494237242,0,0.35313018,111,8.526315789,0.353129724,494237242,3370,46169000000,0,46663237242,58,2.071428571,0.259365214,494237153.2,25.86506849,354351438.3,0,848588591.4,0.00081364,1.09048E-06,0.014568827,Relatively High,832985.7279,5.84253E-05,800.4272526,0,833786.1552,69.14883623,Relatively Moderate,0.001685397,1.73369E-08,0,91.38971745,861973.1624,64.86152236,Relatively Moderate,2,,,,,,,,,,Not Applicable,,,,,,Not Applicable,,,,,,Not Applicable,,8E-06,0.016146,61087517.97,46.007406,630301462.2,0,691388980.2,0.3,0.000206506,0.002785553,Relatively Low,146.6100427,7.60064E-08,1.041288267,0,147.651331,44.051229,Very Low,2.96639E-07,2.25538E-11,0,61.93737885,152.6428377,43.63383397,Very Low,December 2025,4760.261786,1212700.606
102,06085503338,Census Tract 5033.38,9400706,0,California,Santa Clara County,3972,648,175,16.3,102,6,20577,T06085503332,California,CA,06,Santa Clara,County,085,06085,503332,06085503332,5435,1475900748,0,3.07489182,108.3771353,8.519859564,3.07489182,1475900748,5435,74459500000,0,75935400748,58,2.071428571,1.078636054,1475900450,18.15181874,248679916.7,0,1724580367,0.000532188,1.09048E-06,0.014568827,Relatively High,1627016.806,4.10023E-05,561.7309852,0,1627578.537,91.59640181,Relatively High,0.001102389,7.54411E-09,0,75.82849895,2114377.392,93.73550712,Relatively High,2,,,,,,,,,,Not Applicable,,,,,,Not Applicable,,,,,,Not Applicable,,0.003263581,0.180007667,92487919.46,909.9483474,12466292359,0,12558780279,0.3,0.000206506,0.002785553,Relatively Moderate,107724.5644,0.000590126,8084.726631,0,115809.291,95.17676858,Relatively Moderate,7.2989E-05,1.08579E-07,0,94.40857146,150447.1465,95.51924655,Relatively Moderate,December 2025,26832.71009,14873860.16
103,06085503339,Census Tract 5033.39,3752155,0,California,Santa Clara County,3827,531,127,13.9,103,4,20578,T06085503331,California,CA,06,Santa Clara,County,085,06085,503331,06085503331,3273,587634450,0,0.53258907,111,8.526315789,0.532588832,587634450,3273,44840100000,0,45427734450,58,2.071428571,0.381849631,587634320.1,0.279162669,3824528.564,0,591458848.7,0.000851526,1.09048E-06,0.014568827,Very High,1036513.784,6.30587E-07,8.63904181,0,1036522.423,78.38621791,Relatively High,0.001763875,1.92663E-10,0,92.49947155,1294262.153,81.90455805,Relatively High,2,,,,,,,,,,Not Applicable,,,,,,Not Applicable,,,,,,Not Applicable,,0.005600549,0.037647115,7601853.133,272.5732797,3734253932,0,3741855785,0.3,0.000206506,0.002785553,Relatively Moderate,13823.3872,0.000311545,4268.164256,0,18091.55146,87.66009061,Relatively Low,2.35238E-05,9.51863E-08,0,79.25511041,22590.16287,87.9550022,Relatively Low,December 2025,13310.07406,5937948.764
104,06085503401,Census Tract 5034.01,902364,0,California,Santa Clara County,4073,631,155,15.5,104,4,20579,T06085503306,California,CA,06,Santa Clara,County,085,06085,503306,06085503306,4069,542971399,0,0.65035074,111,8.526315789,0.650350487,542971399,4069,55745300000,0,56288271399,58,2.071428571,0.334330749,542971283,0,0,0,542971283,0.001396213,1.09048E-06,0.014568827,Very High,1570356.936,0,0,0,1570356.936,90.88122695,Relatively High,0.002892154,0,0,98.37353501,1591563.163,88.0227843,Relatively High,2,,,,,,,,,,Not Applicable,,,,,,Not Applicable,,,,,,Not Applicable,,9.65617E-06,0.008035569,15395499.91,51.21978327,701711030.8,0,717106530.7,0.3,0.000206506,0.002785553,Very Low,45.38550418,1.02057E-07,1.398177266,0,46.78368145,31.86234288,Very Low,8.35873E-08,2.50815E-11,0,41.60512766,47.41545207,31.11911812,Very Low,December 2025,5742.684238,1429845.384
105,06085503402,Census Tract 5034.02,728586,0,California,Santa Clara County,4279,648,185,15.1,105,5,20580,T06085503304,California,CA,06,Santa Clara,County,085,06085,503304,06085503304,6537,966721641,0,0.58015932,111,8.526315789,0.580159293,966721641,6537,89556900000,0,90523621641,58,2.071428571,0.438229912,966721449,0,0,0,966721449,0.001196621,1.09048E-06,0.014568827,Very High,2396226.478,0,0,0,2396226.478,96.97958992,Very High,0.002478714,0,0,97.34950795,2642793.652,96.42062954,Very High,2,,,,,,,,,,Not Applicable,,,,,,Not Applicable,,,,,,Not Applicable,,1E-05,0.017524629,31050583.48,146.2641799,2003819264,0,2034869848,0.3,0.000206506,0.002785553,Very Low,93.15174809,3.02044E-07,4.138006905,0,97.28975499,39.31242791,Very Low,9.63584E-08,4.62053E-11,0,42.72174854,107.3006868,39.50269345,Very Low,December 2025,4775.365499,1154216.279
106,06085503504,Census Tract 5035.04,1121554,0,California,Santa Clara County,5526,581,159,10.5,106,3,20581,T06085503306,California,CA,06,Santa Clara,County,085,06085,503306,06085503306,4069,542971399,0,0.65035074,111,8.526315789,0.650350487,542971399,4069,55745300000,0,56288271399,58,2.071428571,0.334330749,542971283,0,0,0,542971283,0.001396213,1.09048E-06,0.014568827,Very High,1570356.936,0,0,0,1570356.936,90.88122695,Relatively High,0.002892154,0,0,98.37353501,1591563.163,88.0227843,Relatively High,2,,,,,,,,,,Not Applicable,,,,,,Not Applicable,,,,,,Not Applicable,,9.65617E-06,0.008035569,15395499.91,51.21978327,701711030.8,0,717106530.7,0.3,0.000206506,0.002785553,Very Low,45.38550418,1.02057E-07,1.398177266,0,46.78368145,31.86234288,Very Low,8.35873E-08,2.50815E-11,0,41.60512766,47.41545207,31.11911812,Very Low,December 2025,6345.727107,1777288.913
107,06085503506,Census Tract 5035.06,999855,0,California,Santa Clara County,6220,1019,308,16.4,107,4,20582,T06085503306,California,CA,06,Santa Clara,County,085,06085,503306,06085503306,4069,542971399,0,0.65035074,111,8.526315789,0.650350487,542971399,4069,55745300000,0,56288271399,58,2.071428571,0.334330749,542971283,0,0,0,542971283,0.001396213,1.09048E-06,0.014568827,Very High,1570356.936,0,0,0,1570356.936,90.88122695,Relatively High,0.002892154,0,0,98.37353501,1591563.163,88.0227843,Relatively High,2,,,,,,,,,,Not Applicable,,,,,,Not Applicable,,,,,,Not Applicable,,9.65617E-06,0.008035569,15395499.91,51.21978327,701711030.8,0,717106530.7,0.3,0.000206506,0.002785553,Very Low,45.38550418,1.02057E-07,1.398177266,0,46.78368145,31.86234288,Very Low,8.35873E-08,2.50815E-11,0,41.60512766,47.41545207,31.11911812,Very Low,December 2025,5211.157177,1584769.951
108,06085503507,Census Tract 5035.07,388539,0,California,Santa Clara County,2290,348,126,15.2,108,4,20583,T06085503306,California,CA,06,Santa Clara,County,085,06085,503306,06085503306,4069,542971399,0,0.65035074,111,8.526315789,0.650350487,542971399,4069,55745300000,0,56288271399,58,2.071428571,0.334330749,542971283,0,0,0,542971283,0.001396213,1.09048E-06,0.014568827,Very High,1570356.936,0,0,0,1570356.936,90.88122695,Relatively High,0.002892154,0,0,98.37353501,1591563.163,88.0227843,Relatively High,2,,,,,,,,,,Not Applicable,,,,,,Not Applicable,,,,,,Not Applicable,,9.65617E-06,0.008035569,15395499.91,51.21978327,701711030.8,0,717106530.7,0.3,0.000206506,0.002785553,Very Low,45.38550418,1.02057E-07,1.398177266,0,46.78368145,31.86234288,Very Low,8.35873E-08,2.50815E-11,0,41.60512766,47.41545207,31.11911812,Very Low,December 2025,3901.153953,615778.5131
109,06085503508,Census Tract 5035.08,1008144,0,California,Santa Clara County,5979,786,182,13.1,109,3,20584,T06085503508,California,CA,06,Santa Clara,County,085,06085,503508,06085503508,6172,428199938,0,0.39317616,111,8.526315789,0.39317616,428199938,6172,84556400000,0,84984599938,58,2.071428571,0.344907257,428199852.5,858.9246221,11767267323,0,12195467175,0.000603833,1.09048E-06,0.014568827,Very Low,535591.4617,0.001940183,26580.5086,0,562171.9703,49.10515067,Relatively Moderate,0.001250798,3.14352E-07,0,78.07736571,512137.9257,37.74154805,Relatively Low,2,,,,,,,,,,Not Applicable,,,,,,Not Applicable,,,,,,Not Applicable,,0,0,0,0,0,0,0,0.3,0.000206506,0.002785553,No Rating,0,0,0,0,0,0,No Expected Annual Losses,0,0,0,0,0,0,No Rating,December 2025,5108.303765,1598364.382
110,06085503509,Census Tract 5035.09,1078698,0,California,Santa Clara County,3990,533,163,13.4,110,3,20585,T06085503312,California,CA,06,Santa Clara,County,085,06085,503312,06085503312,3562,681689222,0,5.87607267,108.0786881,8.527599248,5.87607267,681689222,3562,48799400000,0,49481089222,58,2.071428571,0.770146422,681689081.3,0,0,0,681689081.3,0.000447126,1.09048E-06,0.014568827,Relatively High,631373.2725,0,0,0,631373.2725,55.14949386,Relatively Moderate,0.000926189,0,0,65.47784015,588477.8475,44.91931552,Relatively Low,2,,,,,,,,,,Not Applicable,,,,,,Not Applicable,,,,,,Not Applicable,,0.008249084,0.281578912,48624419.03,534.7791202,7326473947,0,7375098366,0.3,0.000206506,0.002785553,Relatively Moderate,128204.7012,0.000849895,11643.55805,0,139848.2593,95.6738373,Relatively Moderate,0.000188069,2.386E-07,0,95.15893118,130346.9852,95.09471656,Relatively Moderate,December 2025,6640.396413,1709960.26
111,06085503510,Census Tract 5035.10,1032932,0,California,Santa Clara County,4270,444,145,10.4,111,4,20586,T06085503508,California,CA,06,Santa Clara,County,085,06085,503508,06085503508,6172,428199938,0,0.39317616,111,8.526315789,0.39317616,428199938,6172,84556400000,0,84984599938,58,2.071428571,0.344907257,428199852.5,858.9246221,11767267323,0,12195467175,0.000603833,1.09048E-06,0.014568827,Very Low,535591.4617,0.001940183,26580.5086,0,562171.9703,49.10515067,Relatively Moderate,0.001250798,3.14352E-07,0,78.07736571,512137.9257,37.74154805,Relatively Low,2,,,,,,,,,,Not Applicable,,,,,,Not Applicable,,,,,,Not Applicable,,0,0,0,0,0,0,0,0.3,0.000206506,0.002785553,No Rating,0,0,0,0,0,0,No Expected Annual Losses,0,0,0,0,0,0,No Rating,December 2025,5657.402806,1637441.105
112,06085503511,Census Tract 5035.11,829161,0,California,Santa Clara County,3560,624,108,17.5,112,5,20587,T06085503321,California,CA,06,Santa Clara,County,085,06085,503321,06085503321,4571,790364898,0,0.78019578,111,8.526315789,0.78019578,790364898,4571,62622700000,0,63413064898,58,2.071428571,0.361218708,790364756.1,53.00131154,726117968.2,0,1516482724,0.00100258,1.09048E-06,0.014568827,Relatively High,1641407.774,0.000119722,1640.19261,0,1643047.967,91.77255326,Relatively High,0.002076772,2.61917E-08,0,95.19341428,1803612.309,90.84822756,Relatively High,2,,,,,,,,,,Not Applicable,,,,,,Not Applicable,,,,,,Not Applicable,,0,0,0,0,0,0,0,0.3,0.000206506,0.002785553,No Rating,0,0,0,0,0,0,No Expected Annual Losses,0,0,0,0,0,0,No Rating,December 2025,5140.015574,1314182.138
113,06085503601,Census Tract 5036.01,1372315,0,California,Santa Clara County,3524,403,124,11.4,113,6,20588,T06085501102,California,CA,06,Santa Clara,County,085,06085,501102,06085501102,4437,536649664,141796,0.47780772,111,8.526315789,0.477807474,536649664,4437,60786900000,141796,61323691460,58,2.071428571,0.358830552,536649545.1,14.41114902,197432741.5,0,734082286.7,0.001317122,1.09048E-06,0.014568827,Very High,1464153.585,3.25526E-05,445.9712302,0,1464599.556,89.2394955,Relatively High,0.002728323,7.33663E-09,0,98.02123212,1453819.604,85.61830354,Relatively High,2,,,,,,,,,,Not Applicable,,,,,,Not Applicable,,,,,,Not Applicable,,0,0,0,0,0,0,0,0.3,0.000206506,0.002785553,No Rating,0,0,0,0,0,0,No Expected Annual Losses,0,0,0,0,0,0,No Rating,December 2025,6928.604764,2175956.383
114,06085503602,Census Tract 5036.02,1223265,0,California,Santa Clara County,4876,862,206,17.7,114,6,20589,T06085503401,California,CA,06,Santa Clara,County,085,06085,503401,06085503401,4910,337215179,0,0.35192196,111,8.526315789,0.35192196,337215179,4910,67267000000,0,67604215179,58,2.071428571,0.274125171,337215102.5,0,0,0,337215102.5,0.001257704,1.09048E-06,0.014568827,Very High,878527.9469,0,0,0,878527.9469,71.521009,Relatively Moderate,0.002605244,0,0,97.73704113,849815.1867,64.12305424,Relatively Moderate,2,,,,,,,,,,Not Applicable,,,,,,Not Applicable,,,,,,Not Applicable,,1E-05,0.000901225,1028748.55,21.16243407,289925346.7,0,290954095.3,0.3,0.000206506,0.002785553,Very Low,3.086245572,4.37017E-08,0.598713221,0,3.684958793,20.82337412,Very Low,9.15215E-09,8.90055E-12,0,24.31831425,3.564523992,20.66045925,Very Low,December 2025,6362.07537,1938905.001
115,06085503703,Census Tract 5037.03,655029,0,California,Santa Clara County,3858,447,104,11.6,115,5,20590,T06085503504,California,CA,06,Santa Clara,County,085,06085,503504,06085503504,5888,577510697,0,0.43740606,111,8.526315789,0.43740551,577510697,5888,80665600000,0,81243110697,58,2.071428571,0.355838316,577510589,0,0,0,577510589,0.00113496,1.09048E-06,0.014568827,Very High,1357720.313,0,0,0,1357720.313,87.27247105,Relatively High,0.002350987,0,0,96.78464899,1030493.645,73.12023593,Relatively Moderate,2,,,,,,,,,,Not Applicable,,,,,,Not Applicable,,,,,,Not Applicable,,1E-05,0.034543026,90105972.85,265.8453169,3642080842,0,3732186815,0.3,0.000206506,0.002785553,Very Low,270.3179117,5.48987E-07,7.521115273,0,277.839027,51.68801208,Very Low,4.68074E-07,9.32382E-11,0,68.07106418,210.8765324,47.61632954,Very Low,December 2025,4725.979011,1038273.295
116,06085503707,Census Tract 5037.07,754113,0,California,Santa Clara County,4665,632,181,13.5,116,3,20591,T06085503707,California,CA,06,Santa Clara,County,085,06085,503707,06085503707,5406,469217060,0,0.29410407,111,8.526315789,0.29410407,469217060,5406,74062200000,0,74531417060,58,2.071428571,0.24920985,469216969.1,109.2360146,1496533400,0,1965750369,0.001217226,1.09048E-06,0.014568827,Relatively Moderate,1183082.45,0.000246748,3380.446608,0,1186462.896,83.21863917,Relatively High,0.002521397,4.56433E-08,0,97.25321183,1483087.405,86.19266764,Relatively High,2,,,,,,,,,,Not Applicable,,,,,,Not Applicable,,,,,,Not Applicable,,1E-05,0.003021862,7852649.164,101.5677205,1391477771,0,1399330420,0.3,0.000206506,0.002785553,Very Low,23.5579469,2.09743E-07,2.873485013,0,26.43143191,27.33521221,Very Low,5.02069E-08,3.87983E-11,0,33.35711653,33.03948559,28.15573234,Very Low,December 2025,4362.519717,1195715.748
117,06085503708,Census Tract 5037.08,1219639,0,California,Santa Clara County,2530,434,102,17.2,117,5,20592,T06085503707,California,CA,06,Santa Clara,County,085,06085,503707,06085503707,5406,469217060,0,0.29410407,111,8.526315789,0.29410407,469217060,5406,74062200000,0,74531417060,58,2.071428571,0.24920985,469216969.1,109.2360146,1496533400,0,1965750369,0.001217226,1.09048E-06,0.014568827,Relatively Moderate,1183082.45,0.000246748,3380.446608,0,1186462.896,83.21863917,Relatively High,0.002521397,4.56433E-08,0,97.25321183,1483087.405,86.19266764,Relatively High,2,,,,,,,,,,Not Applicable,,,,,,Not Applicable,,,,,,Not Applicable,,1E-05,0.003021862,7852649.164,101.5677205,1391477771,0,1399330420,0.3,0.000206506,0.002785553,Very Low,23.5579469,2.09743E-07,2.873485013,0,26.43143191,27.33521221,Very Low,5.02069E-08,3.87983E-11,0,33.35711653,33.03948559,28.15573234,Very Low,December 2025,5656.035823,1934442.367
118,06085503709,Census Tract 5037.09,884967,0,California,Santa Clara County,5862,1295,309,22.1,118,3,20593,T06085503707,California,CA,06,Santa Clara,County,085,06085,503707,06085503707,5406,469217060,0,0.29410407,111,8.526315789,0.29410407,469217060,5406,74062200000,0,74531417060,58,2.071428571,0.24920985,469216969.1,109.2360146,1496533400,0,1965750369,0.001217226,1.09048E-06,0.014568827,Relatively Moderate,1183082.45,0.000246748,3380.446608,0,1186462.896,83.21863917,Relatively High,0.002521397,4.56433E-08,0,97.25321183,1483087.405,86.19266764,Relatively High,2,,,,,,,,,,Not Applicable,,,,,,Not Applicable,,,,,,Not Applicable,,1E-05,0.003021862,7852649.164,101.5677205,1391477771,0,1399330420,0.3,0.000206506,0.002785553,Very Low,23.5579469,2.09743E-07,2.873485013,0,26.43143191,27.33521221,Very Low,5.02069E-08,3.87983E-11,0,33.35711653,33.03948559,28.15573234,Very Low,December 2025,4902.965268,1403444.457
119,06085503710,Census Tract 5037.10,601268,0,California,Santa Clara County,3046,633,172,20.8,119,3,20594,T06085503710,California,CA,06,Santa Clara,County,085,06085,503710,06085503710,3836,335921328,0,0.23449452,111,8.526315789,0.234494099,335921328,3836,52553200000,0,52889121328,58,2.071428571,0.191461896,335921270.9,100.0372093,1370509767,0,1706431038,0.001164858,1.09048E-06,0.014568827,Relatively Moderate,810550.8825,0.000225969,3095.777945,0,813646.6604,68.00737487,Relatively Moderate,0.002412919,5.89075E-08,0,96.75176739,1148344.653,77.53677476,Relatively Moderate,2,,,,,,,,,,Not Applicable,,,,,,Not Applicable,,,,,,Not Applicable,,0,0,0,0,0,0,0,0.3,0.000206506,0.002785553,No Rating,0,0,0,0,0,0,No Expected Annual Losses,0,0,0,0,0,0,No Rating,December 2025,4819.66273,953283.5171
120,06085503711,Census Tract 5037.11,965822,0,California,Santa Clara County,4023,453,145,11.3,120,3,20595,T06085503703,California,CA,06,Santa Clara,County,085,06085,503703,06085503703,3927,310752772,0,0.25546131,111,8.526315789,0.25546131,310752772,3927,53799900000,0,54110652772,58,2.071428571,0.2025686,310752717.8,4.176292252,57215203.85,0,367967921.7,0.001097157,1.09048E-06,0.014568827,Very High,706242.0357,9.43362E-06,129.2406449,0,706371.2763,60.98010663,Relatively Moderate,0.002272681,2.40225E-09,0,96.3912441,1088824.89,75.38320669,Relatively Moderate,2,,,,,,,,,,Not Applicable,,,,,,Not Applicable,,,,,,Not Applicable,,0,0,0,0,0,0,0,0.3,0.000206506,0.002785553,No Rating,0,0,0,0,0,0,No Expected Annual Losses,0,0,0,0,0,0,No Rating,December 2025,5071.778176,1531075.753
121,06085503712,Census Tract 5037.12,664170,0,California,Santa Clara County,3770,1030,221,27.3,121,4,20596,T06085503710,California,CA,06,Santa Clara,County,085,06085,503710,06085503710,3836,335921328,0,0.23449452,111,8.526315789,0.234494099,335921328,3836,52553200000,0,52889121328,58,2.071428571,0.191461896,335921270.9,100.0372093,1370509767,0,1706431038,0.001164858,1.09048E-06,0.014568827,Relatively Moderate,810550.8825,0.000225969,3095.777945,0,813646.6604,68.00737487,Relatively Moderate,0.002412919,5.89075E-08,0,96.75176739,1148344.653,77.53677476,Relatively Moderate,2,,,,,,,,,,Not Applicable,,,,,,Not Applicable,,,,,,Not Applicable,,0,0,0,0,0,0,0,0.3,0.000206506,0.002785553,No Rating,0,0,0,0,0,0,No Expected Annual Losses,0,0,0,0,0,0,No Rating,December 2025,4201.06745,1053226.735
122,06085503713,Census Tract 5037.13,487667,0,California,Santa Clara County,3082,389,123,12.6,122,4,20597,T06085503713,California,CA,06,Santa Clara,County,085,06085,503713,06085503713,3014,291978075,0,0.19019013,111,8.526315789,0.190190083,291978075,3014,41291800000,0,41583778075,58,2.071428571,0.108475374,291978038.3,8.819617426,120828758.7,0,412806797.1,0.000535369,1.09048E-06,0.014568827,Relatively High,323797.5842,1.99222E-05,272.9342143,0,324070.5184,23.4293163,Relatively Low,0.001108979,6.60989E-09,0,76.10094652,518090.7451,38.32780374,Relatively Low,2,,,,,,,,,,Not Applicable,,,,,,Not Applicable,,,,,,Not Applicable,,8E-06,0.013966966,16568468.51,207.4416324,2841950364,0,2858518833,0.3,0.000206506,0.002785553,Very Low,39.76432432,3.42704E-07,4.695038403,0,44.45936273,31.45089365,Very Low,1.36189E-07,1.13704E-10,0,44.39013949,71.07707444,35.05285815,Very Low,December 2025,3895.90349,773380.4326
123,06085503802,Census Tract 5038.02,1674998,0,California,Santa Clara County,7647,1278,259,16.7,123,3,20598,T06085503802,California,CA,06,Santa Clara,County,085,06085,503802,06085503802,8208,954647478,57606,0.65324922,111,8.526315789,0.65324922,954647478,8208,1.1245E+11,57606,1.13404E+11,58,2.071428571,0.567341449,954647298,34.61113313,474172523.9,0,1428819822,0.00047861,1.09048E-06,0.014568827,Relatively Moderate,946443.5587,7.81814E-05,1071.085283,0,947514.644,74.83030744,Relatively Moderate,0.000991406,9.52503E-09,0,69.70664913,1539888.828,87.19394004,Relatively High,2,,,,,,,,,,Not Applicable,,,,,,Not Applicable,,,,,,Not Applicable,,0,0,0,0,0,0,0,0.3,0.000206506,0.002785553,No Rating,0,0,0,0,0,0,No Expected Annual Losses,0,0,0,0,0,0,No Rating,December 2025,6586.619954,2657719.172
124,06085503803,Census Tract 5038.03,1052669,0,California,Santa Clara County,5388,809,180,15,124,3,20599,T06085503802,California,CA,06,Santa Clara,County,085,06085,503802,06085503802,8208,954647478,57606,0.65324922,111,8.526315789,0.65324922,954647478,8208,1.1245E+11,57606,1.13404E+11,58,2.071428571,0.567341449,954647298,34.61113313,474172523.9,0,1428819822,0.00047861,1.09048E-06,0.014568827,Relatively Moderate,946443.5587,7.81814E-05,1071.085283,0,947514.644,74.83030744,Relatively Moderate,0.000991406,9.52503E-09,0,69.70664913,1539888.828,87.19394004,Relatively High,2,,,,,,,,,,Not Applicable,,,,,,Not Applicable,,,,,,Not Applicable,,0,0,0,0,0,0,0,0.3,0.000206506,0.002785553,No Rating,0,0,0,0,0,0,No Expected Annual Losses,0,0,0,0,0,0,No Rating,December 2025,5912.087936,1670242.889
125,06085503804,Census Tract 5038.04,1509505,0,California,Santa Clara County,6231,1071,223,17.2,125,5,20600,T06085503713,California,CA,06,Santa Clara,County,085,06085,503713,06085503713,3014,291978075,0,0.19019013,111,8.526315789,0.190190083,291978075,3014,41291800000,0,41583778075,58,2.071428571,0.108475374,291978038.3,8.819617426,120828758.7,0,412806797.1,0.000535369,1.09048E-06,0.014568827,Relatively High,323797.5842,1.99222E-05,272.9342143,0,324070.5184,23.4293163,Relatively Low,0.001108979,6.60989E-09,0,76.10094652,518090.7451,38.32780374,Relatively Low,2,,,,,,,,,,Not Applicable,,,,,,Not Applicable,,,,,,Not Applicable,,8E-06,0.013966966,16568468.51,207.4416324,2841950364,0,2858518833,0.3,0.000206506,0.002785553,Very Low,39.76432432,3.42704E-07,4.695038403,0,44.45936273,31.45089365,Very Low,1.36189E-07,1.13704E-10,0,44.39013949,71.07707444,35.05285815,Very Low,December 2025,6244.008267,2394602.564
126,06085503902,Census Tract 5039.02,1025952,0,California,Santa Clara County,6187,788,182,12.7,126,3,20601,T06085503902,California,CA,06,Santa Clara,County,085,06085,503902,06085503902,6023,576152901,0,0.40012128,111,8.526315789,0.400121042,576152901,6023,82515100000,0,83091252901,58,2.071428571,0.368678465,576152764.1,0,0,0,576152764.1,0.000439243,1.09048E-06,0.014568827,Relatively High,524218.8444,0,0,0,524218.8444,45.49287174,Relatively Low,0.000909861,0,0,64.3445992,515353.1426,38.04478375,Relatively Low,2,,,,,,,,,,Not Applicable,,,,,,Not Applicable,,,,,,Not Applicable,,0,0,0,0,0,0,0,0.3,0.000206506,0.002785553,No Rating,0,0,0,0,0,0,No Expected Annual Losses,0,0,0,0,0,0,No Rating,December 2025,5292.669966,1627412.84
127,06085503903,Census Tract 5039.03,927239,0,California,Santa Clara County,2911,490,112,16.8,127,4,20602,T06085503902,California,CA,06,Santa Clara,County,085,06085,503902,06085503902,6023,576152901,0,0.40012128,111,8.526315789,0.400121042,576152901,6023,82515100000,0,83091252901,58,2.071428571,0.368678465,576152764.1,0,0,0,576152764.1,0.000439243,1.09048E-06,0.014568827,Relatively High,524218.8444,0,0,0,524218.8444,45.49287174,Relatively Low,0.000909861,0,0,64.3445992,515353.1426,38.04478375,Relatively Low,2,,,,,,,,,,Not Applicable,,,,,,Not Applicable,,,,,,Not Applicable,,0,0,0,0,0,0,0,0.3,0.000206506,0.002785553,No Rating,0,0,0,0,0,0,No Expected Annual Losses,0,0,0,0,0,0,No Rating,December 2025,4988.228495,1470635.552
128,06085504001,Census Tract 5040.01,1137359,0,California,Santa Clara County,4873,782,184,16,128,5,20603,T06085503508,California,CA,06,Santa Clara,County,085,06085,503508,06085503508,6172,428199938,0,0.39317616,111,8.526315789,0.39317616,428199938,6172,84556400000,0,84984599938,58,2.071428571,0.344907257,428199852.5,858.9246221,11767267323,0,12195467175,0.000603833,1.09048E-06,0.014568827,Very Low,535591.4617,0.001940183,26580.5086,0,562171.9703,49.10515067,Relatively Moderate,0.001250798,3.14352E-07,0,78.07736571,512137.9257,37.74154805,Relatively Low,2,,,,,,,,,,Not Applicable,,,,,,Not Applicable,,,,,,Not Applicable,,0,0,0,0,0,0,0,0.3,0.000206506,0.002785553,No Rating,0,0,0,0,0,0,No Expected Annual Losses,0,0,0,0,0,0,No Rating,December 2025,5657.422947,1803421.765
129,06085504002,Census Tract 5040.02,1026358,0,California,Santa Clara County,6376,666,149,10.4,129,4,20604,T06085503506,California,CA,06,Santa Clara,County,085,06085,503506,06085503506,6160,457985033,48743,0.38994345,111,8.526315789,0.38994345,457985033,6160,84392000000,48743,84850033776,58,2.071428571,0.315054024,457984943.4,0,0,0,457984943.4,0.001150862,1.09048E-06,0.014568827,Very High,1091803.566,0,0,0,1091803.566,80.34971933,Relatively High,0.002383928,0,0,96.96314912,1441128.364,85.35431011,Relatively High,2,,,,,,,,,,Not Applicable,,,,,,Not Applicable,,,,,,Not Applicable,,8E-06,0.005599818,4598133.253,78.03154148,1069032118,8965.903249,1073639217,0.3,0.000206506,0.002785553,Very Low,11.03551978,1.28912E-07,1.766092369,0.0001998,12.80181195,23.58103528,Very Low,2.40958E-08,2.09272E-11,4.09905E-09,27.5563959,16.89777804,24.26123459,Very Low,December 2025,5511.579299,1627250.878
130,06085504101,Census Tract 5041.01,992972,0,California,Santa Clara County,3628,768,209,21.2,130,3,20605,T06085504101,California,CA,06,Santa Clara,County,085,06085,504101,06085504101,4217,400339541,0,0.38725947,111,8.526315789,0.38725947,400339541,4217,57772900000,0,58173239541,58,2.071428571,0.335874287,400339458.9,0,0,0,400339458.9,0.000401432,1.09048E-06,0.014568827,Relatively High,332897.3782,0,0,0,332897.3782,24.44159992,Relatively Low,0.000831538,0,0,58.0841769,324594.1027,18.35230043,Relatively Low,2,,,,,,,,,,Not Applicable,,,,,,Not Applicable,,,,,,Not Applicable,,0,0,0,0,0,0,0,0.3,0.000206506,0.002785553,No Rating,0,0,0,0,0,0,No Expected Annual Losses,0,0,0,0,0,0,No Rating,December 2025,5514.678668,1574927.524
131,06085504102,Census Tract 5041.02,1342538,0,California,Santa Clara County,5273,929,195,17.6,131,4,20606,T06085503508,California,CA,06,Santa Clara,County,085,06085,503508,06085503508,6172,428199938,0,0.39317616,111,8.526315789,0.39317616,428199938,6172,84556400000,0,84984599938,58,2.071428571,0.344907257,428199852.5,858.9246221,11767267323,0,12195467175,0.000603833,1.09048E-06,0.014568827,Very Low,535591.4617,0.001940183,26580.5086,0,562171.9703,49.10515067,Relatively Moderate,0.001250798,3.14352E-07,0,78.07736571,512137.9257,37.74154805,Relatively Low,2,,,,,,,,,,Not Applicable,,,,,,Not Applicable,,,,,,Not Applicable,,0,0,0,0,0,0,0,0.3,0.000206506,0.002785553,No Rating,0,0,0,0,0,0,No Expected Annual Losses,0,0,0,0,0,0,No Rating,December 2025,6368.302587,2129076.621
132,06085504201,Census Tract 5042.01,2991958,0,California,Santa Clara County,6020,999,223,16.6,132,6,20607,T06085503902,California,CA,06,Santa Clara,County,085,06085,503902,06085503902,6023,576152901,0,0.40012128,111,8.526315789,0.400121042,576152901,6023,82515100000,0,83091252901,58,2.071428571,0.368678465,576152764.1,0,0,0,576152764.1,0.000439243,1.09048E-06,0.014568827,Relatively High,524218.8444,0,0,0,524218.8444,45.49287174,Relatively Low,0.000909861,0,0,64.3445992,515353.1426,38.04478375,Relatively Low,2,,,,,,,,,,Not Applicable,,,,,,Not Applicable,,,,,,Not Applicable,,0,0,0,0,0,0,0,0.3,0.000206506,0.002785553,No Rating,0,0,0,0,0,0,No Expected Annual Losses,0,0,0,0,0,0,No Rating,December 2025,13616.85231,4747373.955
133,06085504202,Census Tract 5042.02,15506825,0,California,Santa Clara County,4151,917,173,22.1,133,8,20608,T06085503312,California,CA,06,Santa Clara,County,085,06085,503312,06085503312,3562,681689222,0,5.87607267,108.0786881,8.527599248,5.87607267,681689222,3562,48799400000,0,49481089222,58,2.071428571,0.770146422,681689081.3,0,0,0,681689081.3,0.000447126,1.09048E-06,0.014568827,Relatively High,631373.2725,0,0,0,631373.2725,55.14949386,Relatively Moderate,0.000926189,0,0,65.47784015,588477.8475,44.91931552,Relatively Low,2,,,,,,,,,,Not Applicable,,,,,,Not Applicable,,,,,,Not Applicable,,0.008249084,0.281578912,48624419.03,534.7791202,7326473947,0,7375098366,0.3,0.000206506,0.002785553,Relatively Moderate,128204.7012,0.000849895,11643.55805,0,139848.2593,95.6738373,Relatively Moderate,0.000188069,2.386E-07,0,95.15893118,130346.9852,95.09471656,Relatively Moderate,December 2025,33893.87672,24599578.81
134,06085504307,Census Tract 5043.07,1690301,0,California,Santa Clara County,5716,982,222,17.2,134,4,20609,T06085503802,California,CA,06,Santa Clara,County,085,06085,503802,06085503802,8208,954647478,57606,0.65324922,111,8.526315789,0.65324922,954647478,8208,1.1245E+11,57606,1.13404E+11,58,2.071428571,0.567341449,954647298,34.61113313,474172523.9,0,1428819822,0.00047861,1.09048E-06,0.014568827,Relatively Moderate,946443.5587,7.81814E-05,1071.085283,0,947514.644,74.83030744,Relatively Moderate,0.000991406,9.52503E-09,0,69.70664913,1539888.828,87.19394004,Relatively High,2,,,,,,,,,,Not Applicable,,,,,,Not Applicable,,,,,,Not Applicable,,0,0,0,0,0,0,0,0.3,0.000206506,0.002785553,No Rating,0,0,0,0,0,0,No Expected Annual Losses,0,0,0,0,0,0,No Rating,December 2025,8064.342781,2682456.735
135,06085504308,Census Tract 5043.08,18611790,1413,California,Santa Clara County,4898,920,171,18.8,135,6,20610,T06085503802,California,CA,06,Santa Clara,County,085,06085,503802,06085503802,8208,954647478,57606,0.65324922,111,8.526315789,0.65324922,954647478,8208,1.1245E+11,57606,1.13404E+11,58,2.071428571,0.567341449,954647298,34.61113313,474172523.9,0,1428819822,0.00047861,1.09048E-06,0.014568827,Relatively Moderate,946443.5587,7.81814E-05,1071.085283,0,947514.644,74.83030744,Relatively Moderate,0.000991406,9.52503E-09,0,69.70664913,1539888.828,87.19394004,Relatively High,2,,,,,,,,,,Not Applicable,,,,,,Not Applicable,,,,,,Not Applicable,,0,0,0,0,0,0,0,0.3,0.000206506,0.002785553,No Rating,0,0,0,0,0,0,No Expected Annual Losses,0,0,0,0,0,0,No Rating,December 2025,26627.85589,29555122.94
136,06085504311,Census Tract 5043.11,2176514,0,California,Santa Clara County,8850,1224,290,13.8,136,4,20611,T06085504311,California,CA,06,Santa Clara,County,085,06085,504311,06085504311,8308,1501343305,0,0.84884046,111,8.526315789,0.84884046,1501343305,8308,1.1382E+11,0,1.15321E+11,58,2.071428571,0.484352479,1501342924,199.0907486,2727543256,0,4228886181,0.000791281,1.09048E-06,0.014568827,Relatively Moderate,2460823.032,0.000449716,6161.114981,0,2466984.147,97.22620194,Very High,0.001639081,5.41305E-08,0,90.61230242,3012412.43,97.46946833,Very High,2,,,,,,,,,,Not Applicable,,,,,,Not Applicable,,,,,,Not Applicable,,1E-05,0.017848183,47439776.79,279.196968,3824998462,0,3872438238,0.3,0.000206506,0.002785553,Very Low,142.3193268,5.76558E-07,7.898851124,0,150.2181779,44.25695361,Very Low,9.47947E-08,6.9398E-11,0,42.08435898,183.4300828,45.88966977,Very Low,December 2025,7920.349609,3452861.684
137,06085504314,Census Tract 5043.14,1475544,0,California,Santa Clara County,4425,930,212,21,137,3,20612,T06085504307,California,CA,06,Santa Clara,County,085,06085,504307,06085504307,5722,910016092,0,0.65921739,111,8.526315789,0.65921709,910016092,5722,78391400000,0,79301416092,58,2.071428571,0.474114929,910015931.2,1155.96804,15836762144,0,16746778075,0.000643655,1.09048E-06,0.014568827,Very Low,1213310.694,0.00261116,35772.89279,0,1249083.587,84.9143904,Relatively High,0.001333285,4.56337E-07,0,82.08774691,1219805.954,79.76050325,Relatively High,2,,,,,,,,,,Not Applicable,,,,,,Not Applicable,,,,,,Not Applicable,,0,0,0,0,0,0,0,0.3,0.000206506,0.002785553,No Rating,0,0,0,0,0,0,No Expected Annual Losses,0,0,0,0,0,0,No Rating,December 2025,6681.197567,2342331.177
138,06085504315,Census Tract 5043.15,1586749,0,California,Santa Clara County,6475,891,215,13.8,138,3,20613,T06085504308,California,CA,06,Santa Clara,County,085,06085,504308,06085504308,4598,953704290,115210,7.25914917,108.2288943,8.526968492,7.25914917,953704290,4598,62992600000,115210,63946419500,58,2.071428571,0.871714541,953704106.2,25.12957138,344275127.9,47452.51407,1298026687,0.000604439,1.09048E-06,0.014568827,Relatively High,1194088.069,5.6764E-05,777.6663645,1432.03547,1196297.77,83.5145736,Relatively High,0.001252053,1.23454E-08,0.012429784,81.91394415,1241082.255,80.4276218,Relatively High,2,,,,,,,,,,Not Applicable,,,,,,Not Applicable,,,,,,Not Applicable,,0.007218239,0.20119382,49478123.33,553.9589999,7589238299,0,7638716422,0.3,0.000206506,0.002785553,Relatively Moderate,88126.2361,0.000715268,9799.172291,0,97925.40839,94.68802397,Relatively Moderate,9.24042E-05,1.55561E-07,0,93.31811209,101591.3343,94.39311239,Relatively Moderate,December 2025,6818.910003,2519364.189
139,06085504316,Census Tract 5043.16,1128524,0,California,Santa Clara County,5403,816,167,15.1,139,5,20614,T06085504307,California,CA,06,Santa Clara,County,085,06085,504307,06085504307,5722,910016092,0,0.65921739,111,8.526315789,0.65921709,910016092,5722,78391400000,0,79301416092,58,2.071428571,0.474114929,910015931.2,1155.96804,15836762144,0,16746778075,0.000643655,1.09048E-06,0.014568827,Very Low,1213310.694,0.00261116,35772.89279,0,1249083.587,84.9143904,Relatively High,0.001333285,4.56337E-07,0,82.08774691,1219805.954,79.76050325,Relatively High,2,,,,,,,,,,Not Applicable,,,,,,Not Applicable,,,,,,Not Applicable,,0,0,0,0,0,0,0,0.3,0.000206506,0.002785553,No Rating,0,0,0,0,0,0,No Expected Annual Losses,0,0,0,0,0,0,No Rating,December 2025,6338.660582,1790752.49
140,06085504317,Census Tract 5043.17,1191011,0,California,Santa Clara County,3639,934,213,25.7,140,3,20615,T06085504316,California,CA,06,Santa Clara,County,085,06085,504316,06085504316,4902,559904018,88623,0.44012436,111,8.526315789,0.44012436,559904018,4902,67157400000,88623,67717392641,58,2.071428571,0.340410188,559903889.3,76.21797912,1044186314,0,1604090203,0.000915021,1.09048E-06,0.014568827,Relatively Moderate,1061241.76,0.000172165,2358.661747,0,1063600.421,79.37149165,Relatively High,0.001895399,3.51214E-08,0,93.70082439,807260.1289,61.54495618,Relatively Moderate,2,,,,,,,,,,Not Applicable,,,,,,Not Applicable,,,,,,Not Applicable,,0,0,0,0,0,0,0,0.3,0.000206506,0.002785553,No Rating,0,0,0,0,0,0,No Expected Annual Losses,0,0,0,0,0,0,No Rating,December 2025,6524.898535,1889709.412
141,06085504318,Census Tract 5043.18,4364443,0,California,Santa Clara County,7989,948,226,11.9,141,7,20616,T06085500100,California,CA,06,Santa Clara,County,085,06085,500100,06085500100,7969,1465033102,0,0.7496268,111,8.526315789,0.749624932,1465033102,7969,1.09175E+11,0,1.1064E+11,58,2.071428571,0.612344953,1465032760,266.4684248,3650617419,0,5115650179,0.001080384,1.09048E-06,0.014568827,Relatively Moderate,3278651.562,0.000601913,8246.202372,0,3286897.764,98.84209785,Very High,0.002237937,7.55318E-08,0,96.0166287,2494716.493,95.86767032,Very High,2,,,,,,,,,,Not Applicable,,,,,,Not Applicable,,,,,,Not Applicable,,1E-05,0.008804838,14228742.42,102.5460193,1404880464,0,1419109207,0.3,0.000206506,0.002785553,Very Low,42.68622617,2.11764E-07,2.901162378,0,45.58738855,31.64948331,Very Low,2.91367E-08,2.65734E-11,0,30.81944989,34.60028825,28.50058863,Very Low,December 2025,16611.0662,6923690.162
142,06085504319,Census Tract 5043.19,2088417,0,California,Santa Clara County,5980,1175,276,19.6,142,8,20617,T06085503601,California,CA,06,Santa Clara,County,085,06085,503601,06085503601,2993,758363463,0,0.53520285,111,8.526315789,0.535202636,758363463,2993,41004100000,0,41762463463,58,2.071428571,0.381762619,758363334.5,2067.899908,28330228739,0,29088592074,0.000703796,1.09048E-06,0.014568827,Very Low,1105590.002,0.004671079,63993.77766,0,1169583.78,82.80996782,Relatively High,0.001457863,1.56067E-06,0,82.95793504,1416410.827,84.82632324,Relatively High,2,,,,,,,,,,Not Applicable,,,,,,Not Applicable,,,,,,Not Applicable,,0,0,0,0,0,0,0,0.3,0.000206506,0.002785553,No Rating,0,0,0,0,0,0,No Expected Annual Losses,0,0,0,0,0,0,No Rating,December 2025,8353.676633,3312762.474
143,06085504320,Census Tract 5043.20,923882,0,California,Santa Clara County,2990,781,136,26.1,143,4,20618,T06085504314,California,CA,06,Santa Clara,County,085,06085,504314,06085504314,4745,747874551,0,0.57546216,111,8.526315789,0.57546216,747874551,4745,65006500000,0,65754374551,58,2.071428571,0.454999875,747874416.7,51.22615448,701798316.4,0,1449672733,0.000642907,1.09048E-06,0.014568827,Relatively High,995971.6382,0.000115712,1585.25813,0,997556.8963,76.91946356,Relatively Moderate,0.001331736,2.43861E-08,0,84.31195246,1055630.567,74.13696741,Relatively Moderate,2,,,,,,,,,,Not Applicable,,,,,,Not Applicable,,,,,,Not Applicable,,0,0,0,0,0,0,0,0.3,0.000206506,0.002785553,No Rating,0,0,0,0,0,0,No Expected Annual Losses,0,0,0,0,0,0,No Rating,December 2025,4750.99624,1466640.9
144,06085504321,Census Tract 5043.21,1450237,0,California,Santa Clara County,5556,936,249,16.8,144,4,20619,T06085504307,California,CA,06,Santa Clara,County,085,06085,504307,06085504307,5722,910016092,0,0.65921739,111,8.526315789,0.65921709,910016092,5722,78391400000,0,79301416092,58,2.071428571,0.474114929,910015931.2,1155.96804,15836762144,0,16746778075,0.000643655,1.09048E-06,0.014568827,Very Low,1213310.694,0.00261116,35772.89279,0,1249083.587,84.9143904,Relatively High,0.001333285,4.56337E-07,0,82.08774691,1219805.954,79.76050325,Relatively High,2,,,,,,,,,,Not Applicable,,,,,,Not Applicable,,,,,,Not Applicable,,0,0,0,0,0,0,0,0.3,0.000206506,0.002785553,No Rating,0,0,0,0,0,0,No Expected Annual Losses,0,0,0,0,0,0,No Rating,December 2025,6971.44338,2301628.438
145,06085504322,Census Tract 5043.22,3199380,0,California,Santa Clara County,5285,558,215,10.6,145,5,20620,T06085504311,California,CA,06,Santa Clara,County,085,06085,504311,06085504311,8308,1501343305,0,0.84884046,111,8.526315789,0.84884046,1501343305,8308,1.1382E+11,0,1.15321E+11,58,2.071428571,0.484352479,1501342924,199.0907486,2727543256,0,4228886181,0.000791281,1.09048E-06,0.014568827,Relatively Moderate,2460823.032,0.000449716,6161.114981,0,2466984.147,97.22620194,Very High,0.001639081,5.41305E-08,0,90.61230242,3012412.43,97.46946833,Very High,2,,,,,,,,,,Not Applicable,,,,,,Not Applicable,,,,,,Not Applicable,,1E-05,0.017848183,47439776.79,279.196968,3824998462,0,3872438238,0.3,0.000206506,0.002785553,Very Low,142.3193268,5.76558E-07,7.898851124,0,150.2181779,44.25695361,Very Low,9.47947E-08,6.9398E-11,0,42.08435898,183.4300828,45.88966977,Very Low,December 2025,8981.493924,5077795.645
146,06085504323,Census Tract 5043.23,1289173,0,California,Santa Clara County,5814,945,213,16.3,146,8,20621,T06085504316,California,CA,06,Santa Clara,County,085,06085,504316,06085504316,4902,559904018,88623,0.44012436,111,8.526315789,0.44012436,559904018,4902,67157400000,88623,67717392641,58,2.071428571,0.340410188,559903889.3,76.21797912,1044186314,0,1604090203,0.000915021,1.09048E-06,0.014568827,Relatively Moderate,1061241.76,0.000172165,2358.661747,0,1063600.421,79.37149165,Relatively High,0.001895399,3.51214E-08,0,93.70082439,807260.1289,61.54495618,Relatively Moderate,2,,,,,,,,,,Not Applicable,,,,,,Not Applicable,,,,,,Not Applicable,,0,0,0,0,0,0,0,0.3,0.000206506,0.002785553,No Rating,0,0,0,0,0,0,No Expected Annual Losses,0,0,0,0,0,0,No Rating,December 2025,7453.133144,2046315.029
147,06085504410,Census Tract 5044.10,1102136,0,California,Santa Clara County,3960,599,149,15.1,147,6,20622,T06085504315,California,CA,06,Santa Clara,County,085,06085,504315,06085504315,6696,875118006,0,0.61883211,111,8.526315789,0.61883211,875118006,6696,91735200000,0,92610318006,58,2.071428571,0.519598438,875117831.3,1991.874846,27288685384,0,28163803215,0.00079733,1.09048E-06,0.014568827,Very Low,1445355.539,0.004499349,61641.08596,0,1506996.625,89.93470653,Relatively High,0.001651612,6.71946E-07,0,87.48855016,1525150.114,86.92994661,Relatively High,2,,,,,,,,,,Not Applicable,,,,,,Not Applicable,,,,,,Not Applicable,,0.000647162,0.01323151,18683068.31,173.1985868,2372820640,0,2391503708,0.3,0.000206506,0.002785553,Relatively Low,56.04920351,5.05311E-05,692.2767202,0,748.3259238,63.75203644,Very Low,6.40476E-08,7.54647E-09,0,20.88996706,757.3403611,63.19194225,Very Low,December 2025,6008.471454,1749917.595
148,06085504411,Census Tract 5044.11,1364912,0,California,Santa Clara County,5553,828,166,14.9,148,4,20623,T06085504308,California,CA,06,Santa Clara,County,085,06085,504308,06085504308,4598,953704290,115210,7.25914917,108.2288943,8.526968492,7.25914917,953704290,4598,62992600000,115210,63946419500,58,2.071428571,0.871714541,953704106.2,25.12957138,344275127.9,47452.51407,1298026687,0.000604439,1.09048E-06,0.014568827,Relatively High,1194088.069,5.6764E-05,777.6663645,1432.03547,1196297.77,83.5145736,Relatively High,0.001252053,1.23454E-08,0.012429784,81.91394415,1241082.255,80.4276218,Relatively High,2,,,,,,,,,,Not Applicable,,,,,,Not Applicable,,,,,,Not Applicable,,0.007218239,0.20119382,49478123.33,553.9589999,7589238299,0,7638716422,0.3,0.000206506,0.002785553,Relatively Moderate,88126.2361,0.000715268,9799.172291,0,97925.40839,94.68802397,Relatively Moderate,9.24042E-05,1.55561E-07,0,93.31811209,101591.3343,94.39311239,Relatively Moderate,December 2025,6157.059044,2167527.572
149,06085504412,Census Tract 5044.12,970313,0,California,Santa Clara County,4928,526,144,10.7,149,4,20624,T06085504412,California,CA,06,Santa Clara,County,085,06085,504412,06085504412,4703,546641649,0,0.37842207,68.98126068,4.720455681,0.378421867,546641649,4703,64431100000,0,64977741649,58,2.071428571,0.289238847,546641496.8,0,0,0,546641496.8,0.000772796,1.09048E-06,0.014568827,Very High,875059.4983,0,0,0,875059.4983,71.35542664,Relatively Moderate,0.001600792,0,0,90.2071541,1024831.915,72.88953896,Relatively Moderate,2,,,,,,,,,,Not Applicable,,,,,,Not Applicable,,,,,,Not Applicable,,0.000876741,0.027206614,34722146.08,366.9772163,5027587863,0,5062310009,0.3,0.000206506,0.002785553,Relatively Low,83.33315038,0.000139282,1908.166041,0,1991.499192,73.023914,Relatively Low,1.52446E-07,2.96156E-08,0,20.80315841,2332.357896,73.34974374,Relatively Low,December 2025,5203.821745,1541844.088
150,06085504413,Census Tract 5044.13,632752,0,California,Santa Clara County,1963,551,131,28.1,150,4,20625,T06085504413,California,CA,06,Santa Clara,County,085,06085,504413,06085504413,1906,341925134,0,0.2467725,68,4.631578947,0.246771841,341925134,1906,26112200000,0,26454125134,58,2.071428571,0.141452053,339736884.7,588.1243027,8057302947,0,8397039832,0.002358728,1.09048E-06,0.014568827,Relatively Low,1659933.102,0.001328485,18200.25027,0,1678133.353,92.19414238,Relatively High,0.004854668,6.97002E-07,0,99.11571975,1575114.996,87.75641254,Relatively High,2,,,,,,,,,,Not Applicable,,,,,,Not Applicable,,,,,,Not Applicable,,0,0,0,0,0,0,0,0.3,0.000206506,0.002785553,No Rating,0,0,0,0,0,0,No Expected Annual Losses,0,0,0,0,0,0,No Rating,December 2025,4676.291628,1005394.262
151,06085504414,Census Tract 5044.14,1753933,0,California,Santa Clara County,5141,1271,285,24.7,151,5,20626,T06085504412,California,CA,06,Santa Clara,County,085,06085,504412,06085504412,4703,546641649,0,0.37842207,68.98126068,4.720455681,0.378421867,546641649,4703,64431100000,0,64977741649,58,2.071428571,0.289238847,546641496.8,0,0,0,546641496.8,0.000772796,1.09048E-06,0.014568827,Very High,875059.4983,0,0,0,875059.4983,71.35542664,Relatively Moderate,0.001600792,0,0,90.2071541,1024831.915,72.88953896,Relatively Moderate,2,,,,,,,,,,Not Applicable,,,,,,Not Applicable,,,,,,Not Applicable,,0.000876741,0.027206614,34722146.08,366.9772163,5027587863,0,5062310009,0.3,0.000206506,0.002785553,Relatively Low,83.33315038,0.000139282,1908.166041,0,1991.499192,73.023914,Relatively Low,1.52446E-07,2.96156E-08,0,20.80315841,2332.357896,73.34974374,Relatively Low,December 2025,6845.155828,2787096.811
152,06085504415,Census Tract 5044.15,1206869,0,California,Santa Clara County,4885,951,191,19.5,152,4,20627,T06085504411,California,CA,06,Santa Clara,County,085,06085,504411,06085504411,5350,747488711,0,0.53231568,111,8.526315789,0.532315645,747488711,5350,73295000000,0,74042488711,58,2.071428571,0.4482871,747488555.9,10.15944544,139184402.5,0,886672958.4,0.000579288,1.09048E-06,0.014568827,Relatively High,896952.2721,2.29487E-05,314.3968864,0,897266.669,72.44169387,Relatively Moderate,0.001199954,4.28947E-09,0,79.99154473,1105996.704,76.03724448,Relatively Moderate,2,,,,,,,,,,Not Applicable,,,,,,Not Applicable,,,,,,Not Applicable,,0.0052,0.000588752,0,5.275156007,72269637.29,0,72269637.29,0.3,0.000206506,0.002785553,Relatively Low,0,5.66463E-06,77.6053985,0,77.6053985,36.82946262,Very Low,0,1.05881E-09,0,19.41659829,95.65864635,38.24931921,Very Low,December 2025,6641.31891,1917054.862
153,06085504416,Census Tract 5044.16,1122523,0,California,Santa Clara County,3791,425,111,11.2,153,4,20628,T06085504410,California,CA,06,Santa Clara,County,085,06085,504410,06085504410,4282,459000630,0,0.42983304,111,8.526315789,0.429832861,459000630,4282,58663400000,0,59122400630,58,2.071428571,0.322548953,459000534.1,412.8775651,5656422642,0,6115423176,0.00091329,1.09048E-06,0.014568827,Relatively Low,868344.1696,0.000932629,12777.01837,0,881121.188,71.67249924,Relatively Moderate,0.001891815,2.17802E-07,0,92.63804401,894068.0558,66.70947641,Relatively Moderate,2,,,,,,,,,,Not Applicable,,,,,,Not Applicable,,,,,,Not Applicable,,1E-05,0.016105748,15275505.14,177.9722494,2438219817,0,2453495322,0.3,0.000206506,0.002785553,Very Low,45.82651428,3.67523E-07,5.035070088,0,50.86158436,32.62340504,Very Low,9.98398E-08,8.58298E-11,0,40.7263387,51.60892561,31.89088271,Very Low,December 2025,5923.993215,1782825.719
154,06085504418,Census Tract 5044.18,1034808,0,California,Santa Clara County,3951,740,168,18.7,154,4,20629,T06085504415,California,CA,06,Santa Clara,County,085,06085,504415,06085504415,5218,865398833,75330,0.47067891,111,8.526315789,0.47067891,865398833,5218,71486600000,75330,72352074163,58,2.071428571,0.395353475,865398633.3,0,0,0,865398633.3,0.000750251,1.09048E-06,0.014568827,Very High,1344908.248,0,0,0,1344908.248,87.02585903,Relatively High,0.001554091,0,0,89.44852855,1020769.439,72.73256989,Relatively Moderate,2,,,,,,,,,,Not Applicable,,,,,,Not Applicable,,,,,,Not Applicable,,0.004014601,0.01243338,0,146.4487372,2006347700,0,2006347700,0.3,0.000206506,0.002785553,Relatively Low,0,0.000120511,1651.00447,0,1651.00447,71.53032952,Relatively Low,0,2.30953E-08,0,19.91366701,1253.092848,68.19949342,Very Low,December 2025,5248.196214,1644001.539
155,06085504421,Census Tract 5044.21,1595679,0,California,Santa Clara County,5422,1062,248,19.6,155,3,20630,T06085504414,California,CA,06,Santa Clara,County,085,06085,504414,06085504414,5059,1175385780,0,0.68403387,68,4.631578947,0.684032642,1175385780,5059,69308300000,0,70483685780,58,2.071428571,0.492099865,1174127050,948.9264589,13000292488,0,14174419537,0.001757872,1.09048E-06,0.014568827,Relatively Low,4275356.132,0.002143484,29365.72926,0,4304721.861,99.52908847,Very High,0.003637407,4.23697E-07,0,98.8080419,4638909.778,99.31266574,Very High,2,,,,,,,,,,Not Applicable,,,,,,Not Applicable,,,,,,Not Applicable,,0,0,0,0,0,0,0,0.3,0.000206506,0.002785553,No Rating,0,0,0,0,0,0,No Expected Annual Losses,0,0,0,0,0,0,No Rating,December 2025,7555.635673,2536367.018
156,06085504422,Census Tract 5044.22,868140,0,California,Santa Clara County,3440,582,153,16.9,156,4,20631,T06001443301,California,CA,06,Alameda,County,001,06001,443301,06001443301,4134,740448325,0,0.60712548,68,4.631578947,0.607125316,740448325,4134,56635800000,0,57376248325,63,2.25,0.428477182,738246395.1,17.1610513,235106402.7,0,973352797.8,0.00070775,1.09048E-06,0.01448803,Relatively High,1175611.804,4.2106E-05,576.8523677,0,1176188.656,82.96732978,Relatively High,0.001587703,1.01853E-08,0,89.97580854,792911.3041,60.63168159,Relatively Moderate,2,,,,,,,,,,Not Applicable,,,,,,Not Applicable,,,,,,Not Applicable,,0.001425688,0.02903897,26978564.38,251.2157917,3441656346,0,3468634910,0.3,0.000206506,0.002785553,Relatively Low,80.93569108,0.000123819,1696.322635,0,1777.258326,72.12253101,Relatively Low,1.09306E-07,2.99514E-08,0,20.79602345,1198.114103,67.77615259,Very Low,December 2025,5295.707022,1380185.263
157,06085504423,Census Tract 5044.23,556890,0,California,Santa Clara County,2101,355,83,16.9,157,3,20632,T06085504415,California,CA,06,Santa Clara,County,085,06085,504415,06085504415,5218,865398833,75330,0.47067891,111,8.526315789,0.47067891,865398833,5218,71486600000,75330,72352074163,58,2.071428571,0.395353475,865398633.3,0,0,0,865398633.3,0.000750251,1.09048E-06,0.014568827,Very High,1344908.248,0,0,0,1344908.248,87.02585903,Relatively High,0.001554091,0,0,89.44852855,1020769.439,72.73256989,Relatively Moderate,2,,,,,,,,,,Not Applicable,,,,,,Not Applicable,,,,,,Not Applicable,,0.004014601,0.01243338,0,146.4487372,2006347700,0,2006347700,0.3,0.000206506,0.002785553,Relatively Low,0,0.000120511,1651.00447,0,1651.00447,71.53032952,Relatively Low,0,2.30953E-08,0,19.91366701,1253.092848,68.19949342,Very Low,December 2025,4020.949771,884768.772
158,06085504424,Census Tract 5044.24,25455452,119350,California,Santa Clara County,4974,948,198,19.1,158,7,20633,T06001443200,California,CA,06,Alameda,County,001,06001,443200,06001443200,3553,1342490610,0,5.65691997,84.05333533,6.24288419,5.65691997,1342490610,3553,48676100000,0,50018590610,63,2.25,0.874747986,1342432931,8.678954696,118901679.3,0,1461334611,0.000593413,1.09048E-06,0.01448803,Relatively High,1792388.512,2.12945E-05,291.7347824,0,1792680.247,93.33677807,Relatively High,0.001335122,5.99339E-09,0,84.55386711,1812067.838,90.95525192,Relatively High,2,,,,,,,,,,Not Applicable,,,,,,Not Applicable,,,,,,Not Applicable,,0.004853775,0.163234635,92402511.87,624.9186057,8561384898,0,8653787409,0.3,0.000206506,0.002785553,Relatively Moderate,145062.951,0.000598756,8202.953573,0,153265.9045,95.90096679,Relatively Moderate,0.000108055,1.68521E-07,0,95.93783074,154923.4543,95.59059613,Relatively Moderate,December 2025,34018.91113,40651741.36
159,06085504505,Census Tract 5045.05,1930557,0,California,Santa Clara County,11610,951,268,8.2,159,7,20634,T06085504318,California,CA,06,Santa Clara,County,085,06085,504318,06085504318,7427,2862156165,0,1.70213277,111,8.526315789,1.702132329,2862156165,7427,1.0175E+11,0,1.04612E+11,58,2.071428571,1.100186074,2862155604,1922.12533,26333117025,0,29195272629,0.000417053,1.09048E-06,0.014568827,Very Low,2472601.463,0.004341796,59482.59901,0,2532084.062,97.4328863,Very High,0.000863895,5.84596E-07,0,59.33837518,3301233.856,98.0652373,Very High,2,,,,,,,,,,Not Applicable,,,,,,Not Applicable,,,,,,Not Applicable,,8E-06,0.022075082,75919652.53,89.29444722,1223333927,0,1299253579,0.3,0.000206506,0.002785553,Very Low,182.2071656,1.47519E-07,2.021006362,0,184.228172,46.65548857,Very Low,6.36608E-08,1.98625E-11,0,39.23275421,240.1896082,49.1812636,Very Low,December 2025,7920.741218,3065198.41
160,06085504506,Census Tract 5045.06,1801461,0,California,Santa Clara County,7188,866,244,12,160,4,20635,T06085504421,California,CA,06,Santa Clara,County,085,06085,504421,06085504421,4804,924859938,0,0.62231481,68,4.631578947,0.62231481,924859938,4804,65814800000,0,66739659938,58,2.071428571,0.459806549,924859722.6,232.4312912,3184308690,0,4109168413,0.000745151,1.09048E-06,0.014568827,Relatively Moderate,1427545.28,0.000525028,7192.880234,0,1434738.161,88.6981234,Relatively High,0.001543526,1.0929E-07,0,88.85900838,1088949.279,75.39271996,Relatively Moderate,2,,,,,,,,,,Not Applicable,,,,,,Not Applicable,,,,,,Not Applicable,,0,0,0,0,0,0,0,0.3,0.000206506,0.002785553,No Rating,0,0,0,0,0,0,No Expected Annual Losses,0,0,0,0,0,0,No Rating,December 2025,7735.368019,2863373.737
161,06085504507,Census Tract 5045.07,1770770,0,California,Santa Clara County,6052,855,163,14.1,161,7,20636,T06085504413,California,CA,06,Santa Clara,County,085,06085,504413,06085504413,1906,341925134,0,0.2467725,68,4.631578947,0.246771841,341925134,1906,26112200000,0,26454125134,58,2.071428571,0.141452053,339736884.7,588.1243027,8057302947,0,8397039832,0.002358728,1.09048E-06,0.014568827,Relatively Low,1659933.102,0.001328485,18200.25027,0,1678133.353,92.19414238,Relatively High,0.004854668,6.97002E-07,0,99.11571975,1575114.996,87.75641254,Relatively High,2,,,,,,,,,,Not Applicable,,,,,,Not Applicable,,,,,,Not Applicable,,0,0,0,0,0,0,0,0.3,0.000206506,0.002785553,No Rating,0,0,0,0,0,0,No Expected Annual Losses,0,0,0,0,0,0,No Rating,December 2025,7969.962167,2813520.626
162,06085504508,Census Tract 5045.08,952049,0,California,Santa Clara County,3862,319,94,8.3,162,3,20637,T06085504505,California,CA,06,Santa Clara,County,085,06085,504505,06085504505,11204,1962740209,79761,0.75448737,111,8.526315789,0.75448512,1962740209,11204,1.53495E+11,79761,1.55458E+11,58,2.071428571,0.581769224,1962739921,8233.656064,1.12801E+11,0,1.14764E+11,0.001246907,1.09048E-06,0.014568827,Very Low,5069517.728,0.018598606,254800.8989,0,5324318.627,99.76982878,Very High,0.002582878,1.66E-06,0,93.59983089,4041094.808,98.97137693,Very High,2,,,,,,,,,,Not Applicable,,,,,,Not Applicable,,,,,,Not Applicable,,8E-06,0.019118043,21037162.66,178.3726023,2443704651,61860.57511,2464803674,0.3,0.000206506,0.002785553,Very Low,50.48919025,2.9468E-07,4.037117371,0.001378527,54.52768615,33.27863199,Very Low,2.57238E-08,2.63013E-11,1.72832E-08,29.81461002,41.38586829,29.94660673,Very Low,December 2025,5606.138323,1512113.725
163,06085504509,Census Tract 5045.09,3421345,0,California,Santa Clara County,4921,184,114,3.7,163,5,20638,T06085504410,California,CA,06,Santa Clara,County,085,06085,504410,06085504410,4282,459000630,0,0.42983304,111,8.526315789,0.429832861,459000630,4282,58663400000,0,59122400630,58,2.071428571,0.322548953,459000534.1,412.8775651,5656422642,0,6115423176,0.00091329,1.09048E-06,0.014568827,Relatively Low,868344.1696,0.000932629,12777.01837,0,881121.188,71.67249924,Relatively Moderate,0.001891815,2.17802E-07,0,92.63804401,894068.0558,66.70947641,Relatively Moderate,2,,,,,,,,,,Not Applicable,,,,,,Not Applicable,,,,,,Not Applicable,,1E-05,0.016105748,15275505.14,177.9722494,2438219817,0,2453495322,0.3,0.000206506,0.002785553,Very Low,45.82651428,3.67523E-07,5.035070088,0,50.86158436,32.62340504,Very Low,9.98398E-08,8.58298E-11,0,40.7263387,51.60892561,31.89088271,Very Low,December 2025,10690.54045,5434065.442
164,06085504510,Census Tract 5045.10,1709035,0,California,Santa Clara County,3900,368,242,9.4,164,3,20639,T06085504505,California,CA,06,Santa Clara,County,085,06085,504505,06085504505,11204,1962740209,79761,0.75448737,111,8.526315789,0.75448512,1962740209,11204,1.53495E+11,79761,1.55458E+11,58,2.071428571,0.581769224,1962739921,8233.656064,1.12801E+11,0,1.14764E+11,0.001246907,1.09048E-06,0.014568827,Very Low,5069517.728,0.018598606,254800.8989,0,5324318.627,99.76982878,Very High,0.002582878,1.66E-06,0,93.59983089,4041094.808,98.97137693,Very High,2,,,,,,,,,,Not Applicable,,,,,,Not Applicable,,,,,,Not Applicable,,8E-06,0.019118043,21037162.66,178.3726023,2443704651,61860.57511,2464803674,0.3,0.000206506,0.002785553,Very Low,50.48919025,2.9468E-07,4.037117371,0.001378527,54.52768615,33.27863199,Very Low,2.57238E-08,2.63013E-11,1.72832E-08,29.81461002,41.38586829,29.94660673,Very Low,December 2025,7807.76809,2714350.72
165,06085504601,Census Tract 5046.01,18928786,8860135,California,Santa Clara County,1212,300,168,24.8,165,5,20640,T06085504601,California,CA,06,Santa Clara,County,085,06085,504601,06085504601,1031,1770773802,1710164,10.83767919,67.99146365,4.631578947,7.691758577,1770773802,1031,14124700000,1710164,15897183966,58,2.071428571,1.102855888,1769404850,96.35671247,1320086961,1075819.905,3090567631,0.000288234,1.09048E-06,0.014568827,Relatively Moderate,1056434.345,0.000217655,2981.880317,32466.39916,1091882.625,80.35324236,Relatively High,0.000596595,2.11111E-07,0.018984378,35.48277239,1039326.333,73.46984886,Relatively Moderate,2,73,0.342495687,7.691758577,1579329837,0,0,1579329837,6.86578E-05,0,Relatively Moderate,37137.93348,0,0,37137.93348,61.4213198,Relatively Low,2.09727E-05,0,67.76649746,35350.34934,58.8820827,Relatively Low,,6.35767E-05,0.01407409,9992265.689,2.585055893,35415265.73,9411.274312,45416942.69,0.3,0.000206506,0.002785553,Relatively Low,27.94925266,2.76387E-08,0.378650365,0.000209725,28.32811275,27.80730858,Very Low,1.57836E-08,2.68077E-11,1.22634E-10,29.35321608,26.9645774,26.79176626,Very Low,December 2025,40930.61321,30717158.39
166,06085504602,Census Tract 5046.02,58172196,5655714,California,Santa Clara County,1542,207,89,13.4,166,15,20641,T06001441503,California,CA,06,Alameda,County,001,06001,441503,06001441503,7763,10301231399,5018778,33.25560459,57.17276221,4.526919432,29.5396376,10301231399,7763,1.06353E+11,5018778,1.16659E+11,63,2.25,4.381465811,10288372024,178.372867,2443708278,3384860.283,12735465163,0.000308969,1.09048E-06,0.01448803,Relatively Moderate,7152269.971,0.000437652,5995.833758,110339.904,7268605.708,99.90722691,Very High,0.000694312,5.63767E-08,0.021985412,45.57859877,4900029.941,99.42801422,Very High,2,73,0.342495687,29.5396376,1835119927,0,0,1835119927,2.59126E-05,0,Relatively Low,16286.62514,0,0,16286.62514,52.66497462,Relatively Low,1.58104E-06,0,49.80964467,10979.40293,46.78407351,Very Low,,0.000882399,0.271058036,116071796.6,283.2885839,3881053600,848688.3999,3997974085,0.3,0.000206506,0.002785553,Very Low,397.3051907,1.52586E-05,209.0434807,2.890752993,609.2394244,61.5294971,Very Low,3.85687E-08,1.96556E-09,5.75987E-07,24.21723568,410.7103261,55.87742143,Very Low,December 2025,71683.57587,92715896.82
167,06085504700,Census Tract 5047,6713013,0,California,Santa Clara County,845,3,47,0.4,167,5,20642,T06085504601,California,CA,06,Santa Clara,County,085,06085,504601,06085504601,1031,1770773802,1710164,10.83767919,67.99146365,4.631578947,7.691758577,1770773802,1031,14124700000,1710164,15897183966,58,2.071428571,1.102855888,1769404850,96.35671247,1320086961,1075819.905,3090567631,0.000288234,1.09048E-06,0.014568827,Relatively Moderate,1056434.345,0.000217655,2981.880317,32466.39916,1091882.625,80.35324236,Relatively High,0.000596595,2.11111E-07,0.018984378,35.48277239,1039326.333,73.46984886,Relatively Moderate,2,73,0.342495687,7.691758577,1579329837,0,0,1579329837,6.86578E-05,0,Relatively Moderate,37137.93348,0,0,37137.93348,61.4213198,Relatively Low,2.09727E-05,0,67.76649746,35350.34934,58.8820827,Relatively Low,,6.35767E-05,0.01407409,9992265.689,2.585055893,35415265.73,9411.274312,45416942.69,0.3,0.000206506,0.002785553,Relatively Low,27.94925266,2.76387E-08,0.378650365,0.000209725,28.32811275,27.80730858,Very Low,1.57836E-08,2.68077E-11,1.22634E-10,29.35321608,26.9645774,26.79176626,Very Low,December 2025,16308.96941,10660547.81
168,06085504802,Census Tract 5048.02,1830759,0,California,Santa Clara County,4506,727,174,16.1,168,4,20643,T06085504802,California,CA,06,Santa Clara,County,085,06085,504802,06085504802,5393,1211826337,62036,0.71399601,109.7043898,8.408965001,0.713995238,1211826337,5393,73884100000,62036,75095988373,58,2.071428571,0.560763847,1210833041,8,109600000,0,1320433041,0.000698486,1.09048E-06,0.014568827,Relatively High,1751911.758,1.80708E-05,247.5701166,0,1752159.328,92.9903469,Relatively High,0.001445679,3.35079E-09,0,87.34058294,1518746.716,86.82530056,Relatively High,2,,,,,,,,,,Not Applicable,,,,,,Not Applicable,,,,,,Not Applicable,,0,0,0,0,0,0,0,0.3,0.000206506,0.002785553,No Rating,0,0,0,0,0,0,No Expected Annual Losses,0,0,0,0,0,0,No Rating,December 2025,8062.822693,2906097.828
169,06085504805,Census Tract 5048.05,1432608,0,California,Santa Clara County,7409,1284,304,17.3,169,4,20644,T06085504802,California,CA,06,Santa Clara,County,085,06085,504802,06085504802,5393,1211826337,62036,0.71399601,109.7043898,8.408965001,0.713995238,1211826337,5393,73884100000,62036,75095988373,58,2.071428571,0.560763847,1210833041,8,109600000,0,1320433041,0.000698486,1.09048E-06,0.014568827,Relatively High,1751911.758,1.80708E-05,247.5701166,0,1752159.328,92.9903469,Relatively High,0.001445679,3.35079E-09,0,87.34058294,1518746.716,86.82530056,Relatively High,2,,,,,,,,,,Not Applicable,,,,,,Not Applicable,,,,,,Not Applicable,,0,0,0,0,0,0,0,0.3,0.000206506,0.002785553,No Rating,0,0,0,0,0,0,No Expected Annual Losses,0,0,0,0,0,0,No Rating,December 2025,7366.637969,2274250.4
170,06085504806,Census Tract 5048.06,828222,0,California,Santa Clara County,2753,520,123,18.9,170,5,20645,T06085504802,California,CA,06,Santa Clara,County,085,06085,504802,06085504802,5393,1211826337,62036,0.71399601,109.7043898,8.408965001,0.713995238,1211826337,5393,73884100000,62036,75095988373,58,2.071428571,0.560763847,1210833041,8,109600000,0,1320433041,0.000698486,1.09048E-06,0.014568827,Relatively High,1751911.758,1.80708E-05,247.5701166,0,1752159.328,92.9903469,Relatively High,0.001445679,3.35079E-09,0,87.34058294,1518746.716,86.82530056,Relatively High,2,,,,,,,,,,Not Applicable,,,,,,Not Applicable,,,,,,Not Applicable,,0,0,0,0,0,0,0,0.3,0.000206506,0.002785553,No Rating,0,0,0,0,0,0,No Expected Annual Losses,0,0,0,0,0,0,No Rating,December 2025,5207.728769,1314543.6
171,06085504807,Census Tract 5048.07,948372,0,California,Santa Clara County,5920,646,187,10.9,171,5,20646,T06085504805,California,CA,06,Santa Clara,County,085,06085,504805,06085504805,7454,1065639377,0,0.55871712,107.4199899,8.202055213,0.558716519,1065639377,7454,1.0212E+11,0,1.03185E+11,58,2.071428571,0.459303323,1065639134,6749.946954,92474273268,0,93539912402,0.000964756,1.09048E-06,0.014568827,Very Low,2129598.922,0.015247127,208885.6443,0,2338484.567,96.76351082,Very High,0.001998424,2.0455E-06,0,86.86497405,2281031.394,94.82002069,Relatively High,2,,,,,,,,,,Not Applicable,,,,,,Not Applicable,,,,,,Not Applicable,,0,0,0,0,0,0,0,0.3,0.000206506,0.002785553,No Rating,0,0,0,0,0,0,No Expected Annual Losses,0,0,0,0,0,0,No Rating,December 2025,4999.033077,1505450.175
172,06085504808,Census Tract 5048.08,504594,0,California,Santa Clara County,2111,327,119,15.5,172,4,20647,T06085504807,California,CA,06,Santa Clara,County,085,06085,504807,06085504807,5983,1133327620,0,0.36986508,106.159872,8.087920276,0.369864639,1133327620,5983,81967100000,0,83100427620,58,2.071428571,0.299431474,1133327395,1397.007858,19139007659,0,20272335054,0.000627133,1.09048E-06,0.014568827,Very Low,1472260.834,0.003155633,43232.17479,0,1515493.009,90.07562769,Relatively High,0.00129906,5.27433E-07,0,81.09190408,1150241.254,77.59504358,Relatively Moderate,2,,,,,,,,,,Not Applicable,,,,,,Not Applicable,,,,,,Not Applicable,,0,0,0,0,0,0,0,0.3,0.000206506,0.002785553,No Rating,0,0,0,0,0,0,No Expected Annual Losses,0,0,0,0,0,0,No Rating,December 2025,4326.19817,800991.3837
173,06085504902,Census Tract 5049.02,816089,0,California,Santa Clara County,4410,439,184,10,173,4,20648,T06085504902,California,CA,06,Santa Clara,County,085,06085,504902,06085504902,4579,953169178,0,0.31827471,111,8.526315789,0.318274609,953169178,4579,62732300000,0,63685469178,58,2.071428571,0.19483647,953169001.7,0,0,0,953169001.7,0.002236729,1.09048E-06,0.014568827,Very High,4416246.447,0,0,0,4416246.447,99.56549311,Very High,0.004633224,0,0,99.78626958,4689747.853,99.33050313,Very High,2,,,,,,,,,,Not Applicable,,,,,,Not Applicable,,,,,,Not Applicable,,0,0,0,0,0,0,0,0.3,0.000206506,0.002785553,No Rating,0,0,0,0,0,0,No Expected Annual Losses,0,0,0,0,0,0,No Rating,December 2025,5354.740442,1295273.653
174,06085504903,Census Tract 5049.03,593373,0,California,Santa Clara County,5228,224,118,4.3,174,6,20649,T06085504902,California,CA,06,Santa Clara,County,085,06085,504902,06085504902,4579,953169178,0,0.31827471,111,8.526315789,0.318274609,953169178,4579,62732300000,0,63685469178,58,2.071428571,0.19483647,953169001.7,0,0,0,953169001.7,0.002236729,1.09048E-06,0.014568827,Very High,4416246.447,0,0,0,4416246.447,99.56549311,Very High,0.004633224,0,0,99.78626958,4689747.853,99.33050313,Very High,2,,,,,,,,,,Not Applicable,,,,,,Not Applicable,,,,,,Not Applicable,,0,0,0,0,0,0,0,0.3,0.000206506,0.002785553,No Rating,0,0,0,0,0,0,No Expected Annual Losses,0,0,0,0,0,0,No Rating,December 2025,4004.364479,941824.6311
175,06085505006,Census Tract 5050.06,14249042,0,California,Santa Clara County,11179,182,127,1.6,175,7,20650,T06085500100,California,CA,06,Santa Clara,County,085,06085,500100,06085500100,7969,1465033102,0,0.7496268,111,8.526315789,0.749624932,1465033102,7969,1.09175E+11,0,1.1064E+11,58,2.071428571,0.612344953,1465032760,266.4684248,3650617419,0,5115650179,0.001080384,1.09048E-06,0.014568827,Relatively Moderate,3278651.562,0.000601913,8246.202372,0,3286897.764,98.84209785,Very High,0.002237937,7.55318E-08,0,96.0166287,2494716.493,95.86767032,Very High,2,,,,,,,,,,Not Applicable,,,,,,Not Applicable,,,,,,Not Applicable,,1E-05,0.008804838,14228742.42,102.5460193,1404880464,0,1419109207,0.3,0.000206506,0.002785553,Very Low,42.68622617,2.11764E-07,2.901162378,0,45.58738855,31.64948331,Very Low,2.91367E-08,2.65734E-11,0,30.81944989,34.60028825,28.50058863,Very Low,December 2025,25218.93175,22614508.46
176,06085505007,Census Tract 5050.07,3048683,0,California,Santa Clara County,4223,762,141,18,176,4,20651,T06085505006,California,CA,06,Santa Clara,County,085,06085,505006,06085505006,11908,9794953123,409023,5.55712638,111,8.526315789,5.55712638,9794953123,11908,1.6314E+11,409023,1.72935E+11,58,2.071428571,2.837612023,9794951380,24.75874993,339194874,159100.996,10134305355,0.000728298,1.09048E-06,0.014568827,Relatively High,14776841.87,5.59263E-05,766.1908257,4801.39512,14782409.46,99.98708223,Very High,0.001508618,4.69653E-09,0.011738692,88.61474505,11219673.78,99.95362277,Very High,2,,,,,,,,,,Not Applicable,,,,,,Not Applicable,,,,,,Not Applicable,,1E-05,0.032465291,82787229.73,15.16355261,207740670.8,26478.85333,290554379.4,0.3,0.000206506,0.002785553,Relatively Low,248.3616829,3.13136E-08,0.428996939,0.000737582,248.7914174,50.33118095,Very Low,2.53561E-08,2.62963E-12,1.80328E-09,31.90158515,188.8297406,46.2511743,Very Low,December 2025,9033.140981,4837441.506
177,06085505010,Census Tract 5050.10,7795130,0,California,Santa Clara County,4756,491,191,10.3,177,7,20652,T06085504902,California,CA,06,Santa Clara,County,085,06085,504902,06085504902,4579,953169178,0,0.31827471,111,8.526315789,0.318274609,953169178,4579,62732300000,0,63685469178,58,2.071428571,0.19483647,953169001.7,0,0,0,953169001.7,0.002236729,1.09048E-06,0.014568827,Very High,4416246.447,0,0,0,4416246.447,99.56549311,Very High,0.004633224,0,0,99.78626958,4689747.853,99.33050313,Very High,2,,,,,,,,,,Not Applicable,,,,,,Not Applicable,,,,,,Not Applicable,,0,0,0,0,0,0,0,0.3,0.000206506,0.002785553,No Rating,0,0,0,0,0,0,No Expected Annual Losses,0,0,0,0,0,0,No Rating,December 2025,15031.15639,12373591.67
178,06085505011,Census Tract 5050.11,1154015,0,California,Santa Clara County,4828,395,168,8.2,178,4,20653,T06085504902,California,CA,06,Santa Clara,County,085,06085,504902,06085504902,4579,953169178,0,0.31827471,111,8.526315789,0.318274609,953169178,4579,62732300000,0,63685469178,58,2.071428571,0.19483647,953169001.7,0,0,0,953169001.7,0.002236729,1.09048E-06,0.014568827,Very High,4416246.447,0,0,0,4416246.447,99.56549311,Very High,0.004633224,0,0,99.78626958,4689747.853,99.33050313,Very High,2,,,,,,,,,,Not Applicable,,,,,,Not Applicable,,,,,,Not Applicable,,0,0,0,0,0,0,0,0.3,0.000206506,0.002785553,No Rating,0,0,0,0,0,0,No Expected Annual Losses,0,0,0,0,0,0,No Rating,December 2025,6622.8369,1832017.241
179,06085505012,Census Tract 5050.12,1062823,0,California,Santa Clara County,2659,103,98,3.9,179,6,20654,T06085504903,California,CA,06,Santa Clara,County,085,06085,504903,06085504903,5353,843553169,62511,0.23141547,111,8.526315789,0.231414401,843553169,5353,73336100000,62511,74179715680,58,2.071428571,0.183123434,843308500.7,0.207564183,2843629.305,15929.51811,846168059.6,0.002937615,1.09048E-06,0.014568827,Very High,5131582.182,4.68857E-07,6.423336119,480.7255296,5132069.331,99.73459849,Very High,0.006083294,8.75876E-11,0.007690255,99.96007234,3895179.869,98.8631634,Very High,2,,,,,,,,,,Not Applicable,,,,,,Not Applicable,,,,,,Not Applicable,,1E-05,0.019579282,95570684.79,852.9020777,11684758465,31242.09652,11780360391,0.3,0.000206506,0.002785553,Very Low,286.7120471,1.76129E-06,24.12972671,0.000870265,310.8426441,53.02106002,Very Low,3.39886E-07,3.29029E-10,1.39218E-08,59.48176424,235.9258871,48.96483655,Very Low,December 2025,7685.872731,1687273.854
180,06085505013,Census Tract 5050.13,607159,0,California,Santa Clara County,5637,132,115,2.3,180,2,20655,T06085505006,California,CA,06,Santa Clara,County,085,06085,505006,06085505006,11908,9794953123,409023,5.55712638,111,8.526315789,5.55712638,9794953123,11908,1.6314E+11,409023,1.72935E+11,58,2.071428571,2.837612023,9794951380,24.75874993,339194874,159100.996,10134305355,0.000728298,1.09048E-06,0.014568827,Relatively High,14776841.87,5.59263E-05,766.1908257,4801.39512,14782409.46,99.98708223,Very High,0.001508618,4.69653E-09,0.011738692,88.61474505,11219673.78,99.95362277,Very High,2,,,,,,,,,,Not Applicable,,,,,,Not Applicable,,,,,,Not Applicable,,1E-05,0.032465291,82787229.73,15.16355261,207740670.8,26478.85333,290554379.4,0.3,0.000206506,0.002785553,Relatively Low,248.3616829,3.13136E-08,0.428996939,0.000737582,248.7914174,50.33118095,Very Low,2.53561E-08,2.62963E-12,1.80328E-09,31.90158515,188.8297406,46.2511743,Very Low,December 2025,3993.030086,963969.4664
181,06085505014,Census Tract 5050.14,1127742,0,California,Santa Clara County,6478,332,167,5.1,181,4,20656,T06085505012,California,CA,06,Santa Clara,County,085,06085,505012,06085505012,2861,821972997,211853,0.41450097,111,8.526315789,0.414500295,821972997,2861,39195700000,211853,40017884850,58,2.071428571,0.195482928,820904634.5,1563.34732,21417858290,59322.16433,22238822247,0.001104028,1.09048E-06,0.014568827,Very Low,1877339.196,0.003531369,48379.7598,1790.241152,1927509.197,94.50290063,Relatively High,0.002283943,1.23431E-06,0.008450393,94.33027221,1462956.663,85.79548833,Relatively High,2,,,,,,,,,,Not Applicable,,,,,,Not Applicable,,,,,,Not Applicable,,1E-05,0.00829785,17407915.76,17.41441296,238577457.5,34682.1919,256020055.4,0.3,0.000206506,0.002785553,Relatively Low,52.22374597,3.59618E-08,0.492676752,0.000966091,52.71738881,32.95993721,Very Low,6.35346E-08,1.25697E-11,4.56019E-09,39.27080732,40.01187404,29.66120842,Very Low,December 2025,6673.349332,1790780.568
182,06085505015,Census Tract 5050.15,2260681,0,California,Santa Clara County,5169,293,114,5.7,182,3,20657,T06085505006,California,CA,06,Santa Clara,County,085,06085,505006,06085505006,11908,9794953123,409023,5.55712638,111,8.526315789,5.55712638,9794953123,11908,1.6314E+11,409023,1.72935E+11,58,2.071428571,2.837612023,9794951380,24.75874993,339194874,159100.996,10134305355,0.000728298,1.09048E-06,0.014568827,Relatively High,14776841.87,5.59263E-05,766.1908257,4801.39512,14782409.46,99.98708223,Very High,0.001508618,4.69653E-09,0.011738692,88.61474505,11219673.78,99.95362277,Very High,2,,,,,,,,,,Not Applicable,,,,,,Not Applicable,,,,,,Not Applicable,,1E-05,0.032465291,82787229.73,15.16355261,207740670.8,26478.85333,290554379.4,0.3,0.000206506,0.002785553,Relatively Low,248.3616829,3.13136E-08,0.428996939,0.000737582,248.7914174,50.33118095,Very Low,2.53561E-08,2.62963E-12,1.80328E-09,31.90158515,188.8297406,46.2511743,Very Low,December 2025,10910.75987,3590045.268
183,06085505100,Census Tract 5051,6966454,0,California,Santa Clara County,3993,521,177,13,183,7,20658,T06085500100,California,CA,06,Santa Clara,County,085,06085,500100,06085500100,7969,1465033102,0,0.7496268,111,8.526315789,0.749624932,1465033102,7969,1.09175E+11,0,1.1064E+11,58,2.071428571,0.612344953,1465032760,266.4684248,3650617419,0,5115650179,0.001080384,1.09048E-06,0.014568827,Relatively Moderate,3278651.562,0.000601913,8246.202372,0,3286897.764,98.84209785,Very High,0.002237937,7.55318E-08,0,96.0166287,2494716.493,95.86767032,Very High,2,,,,,,,,,,Not Applicable,,,,,,Not Applicable,,,,,,Not Applicable,,1E-05,0.008804838,14228742.42,102.5460193,1404880464,0,1419109207,0.3,0.000206506,0.002785553,Very Low,42.68622617,2.11764E-07,2.901162378,0,45.58738855,31.64948331,Very Low,2.91367E-08,2.65734E-11,0,30.81944989,34.60028825,28.50058863,Very Low,December 2025,15037.55448,11047394.21
184,06085505202,Census Tract 5052.02,9163626,0,California,Santa Clara County,8273,778,225,9.4,184,8,20659,T06085505100,California,CA,06,Santa Clara,County,085,06085,505100,06085505100,4616,2689871671,0,2.71691706,111,8.526315789,2.716916885,2689871671,4616,63239200000,0,65929071671,58,2.071428571,0.776896813,2689871130,987.3572911,13526794889,0,16216666018,0.000809029,1.09048E-06,0.014568827,Relatively Low,4507810.265,0.002230293,30555.01996,0,4538365.285,99.59837471,Very High,0.001675846,4.83166E-07,0,90.78727952,4855018.608,99.40185271,Very High,2,,,,,,,,,,Not Applicable,,,,,,Not Applicable,,,,,,Not Applicable,,1E-05,0.008891341,16152466.85,84.30363844,1154959847,0,1171112314,0.3,0.000206506,0.002785553,Very Low,48.45739933,1.74092E-07,2.385061321,0,50.84246065,32.62102672,Very Low,1.80148E-08,3.77149E-11,0,28.94295601,54.38986883,32.39508639,Very Low,December 2025,20414.3605,14534541.99
185,06085505203,Census Tract 5052.03,1435925,0,California,Santa Clara County,5725,257,98,4.5,185,7,20660,T06085500300,California,CA,06,Santa Clara,County,085,06085,500300,06085500300,4654,1565469400,79762,1.12450455,111,8.526315789,1.12450455,1565469400,4654,63759800000,79762,65325349162,58,2.071428571,0.521855993,1565469031,270.7215227,3708884861,0,5274353892,0.000795729,1.09048E-06,0.014568827,Relatively Moderate,2580355.763,0.00061152,8377.819867,0,2588733.583,97.55971534,Very High,0.001648295,1.31397E-07,0,90.69450642,2730784.656,96.72267608,Very High,2,,,,,,,,,,Not Applicable,,,,,,Not Applicable,,,,,,Not Applicable,,9.41019E-06,0.008001171,8890535.217,67.70999714,927626960.8,0,936517496,0.3,0.000206506,0.002785553,Very Low,24.07175599,1.39825E-07,1.915605283,0,25.98736127,27.23889028,Very Low,1.53767E-08,3.00441E-11,0,27.62061051,27.41336068,26.90949306,Very Low,December 2025,6978.405779,2276122.052
186,06085505301,Census Tract 5053.01,905198,0,California,Santa Clara County,5414,516,152,9.5,186,4,20661,T06085505301,California,CA,06,Santa Clara,County,085,06085,505301,06085505301,5484,541059829,0,0.35302722,111,8.526315789,0.35302722,541059829,5484,75130800000,0,75671859829,58,2.071428571,0.302523666,541059734.1,727.1165697,9961497005,0,10502556739,0.000825379,1.09048E-06,0.014568827,Very Low,925056.9846,0.001642448,22501.54174,0,947558.5263,74.83617916,Relatively Moderate,0.001709713,2.99498E-07,0,89.76677549,884489.7974,66.16365215,Relatively Moderate,2,,,,,,,,,,Not Applicable,,,,,,Not Applicable,,,,,,Not Applicable,,1E-05,0.002911459,3996766.712,61.22920148,838840060.3,0,842836827,0.3,0.000206506,0.002785553,Very Low,11.99029983,1.26442E-07,1.732255011,0,13.72255484,23.85335284,Very Low,2.21608E-08,2.30565E-11,0,27.50764035,12.8091927,23.19336925,Very Low,December 2025,6206.66065,1435654.019
187,06085505302,Census Tract 5053.02,1438914,0,California,Santa Clara County,4958,612,127,12.3,187,5,20662,T06085505202,California,CA,06,Santa Clara,County,085,06085,505202,06085505202,7692,5836675430,0,3.57381414,111,8.526315789,3.57381414,5836675430,7692,1.0538E+11,0,1.11217E+11,58,2.071428571,2.354813743,5835426162,264.9299156,3629539843,0,9464966005,0.000651523,1.09048E-06,0.014568827,Relatively High,7875395.008,0.000598437,8198.59126,0,7883593.6,99.93071377,Very High,0.001349295,7.78E-08,0,84.83570942,9546801.64,99.92151547,Very High,2,,,,,,,,,,Not Applicable,,,,,,Not Applicable,,,,,,Not Applicable,,1E-05,0.000351,1273474.881,0,0,0,1273474.881,0.3,0.000206506,0.002785553,Relatively Low,3.820424545,0,0,0,3.820424545,20.88045378,Very Low,6.54555E-10,0,0,25.90584234,4.626422564,21.00412638,Very Low,December 2025,7038.120513,2281695.743
188,06085505303,Census Tract 5053.03,1084810,0,California,Santa Clara County,5877,701,230,11.9,188,3,20663,T06085505202,California,CA,06,Santa Clara,County,085,06085,505202,06085505202,7692,5836675430,0,3.57381414,111,8.526315789,3.57381414,5836675430,7692,1.0538E+11,0,1.11217E+11,58,2.071428571,2.354813743,5835426162,264.9299156,3629539843,0,9464966005,0.000651523,1.09048E-06,0.014568827,Relatively High,7875395.008,0.000598437,8198.59126,0,7883593.6,99.93071377,Very High,0.001349295,7.78E-08,0,84.83570942,9546801.64,99.92151547,Very High,2,,,,,,,,,,Not Applicable,,,,,,Not Applicable,,,,,,Not Applicable,,1E-05,0.000351,1273474.881,0,0,0,1273474.881,0.3,0.000206506,0.002785553,Relatively Low,3.820424545,0,0,0,3.820424545,20.88045378,Very Low,6.54555E-10,0,0,25.90584234,4.626422564,21.00412638,Very Low,December 2025,5371.233295,1720088.685
189,06085505304,Census Tract 5053.04,1022409,0,California,Santa Clara County,3499,539,129,15.4,189,5,20664,T06085505301,California,CA,06,Santa Clara,County,085,06085,505301,06085505301,5484,541059829,0,0.35302722,111,8.526315789,0.35302722,541059829,5484,75130800000,0,75671859829,58,2.071428571,0.302523666,541059734.1,727.1165697,9961497005,0,10502556739,0.000825379,1.09048E-06,0.014568827,Very Low,925056.9846,0.001642448,22501.54174,0,947558.5263,74.83617916,Relatively Moderate,0.001709713,2.99498E-07,0,89.76677549,884489.7974,66.16365215,Relatively Moderate,2,,,,,,,,,,Not Applicable,,,,,,Not Applicable,,,,,,Not Applicable,,1E-05,0.002911459,3996766.712,61.22920148,838840060.3,0,842836827,0.3,0.000206506,0.002785553,Very Low,11.99029983,1.26442E-07,1.732255011,0,13.72255484,23.85335284,Very Low,2.21608E-08,2.30565E-11,0,27.50764035,12.8091927,23.19336925,Very Low,December 2025,5953.912983,1621195.458
190,06085505305,Census Tract 5053.05,1528585,0,California,Santa Clara County,5672,744,254,13.1,190,3,20665,T06085505304,California,CA,06,Santa Clara,County,085,06085,505304,06085505304,3281,570001005,0,0.39873951,111,8.526315789,0.398738843,570001005,3281,44949700000,0,45519701005,58,2.071428571,0.326641603,570000888.8,0.649472359,8897771.312,0,578898660.1,0.000981185,1.09048E-06,0.014568827,Very High,1158501.539,1.46706E-06,20.09874344,0,1158521.638,82.50228997,Relatively High,0.002032455,4.47139E-10,0,94.97146347,1262174.659,81.04122816,Relatively High,2,,,,,,,,,,Not Applicable,,,,,,Not Applicable,,,,,,Not Applicable,,8E-06,0.007793641,9769744.286,21.9043275,300089286.7,0,309859031,0.3,0.000206506,0.002785553,Very Low,23.44738623,3.6187E-08,0.495761905,0,23.94314813,26.73349744,Very Low,4.11357E-08,1.10293E-11,0,34.61881488,26.08534346,26.6050682,Very Low,December 2025,6549.512398,2423781.754
191,06085505401,Census Tract 5054.01,1169115,0,California,Santa Clara County,6607,700,247,10.6,191,3,20666,T06085505401,California,CA,06,Santa Clara,County,085,06085,505401,06085505401,6492,913782320,0,0.45595485,111,8.526315789,0.45595485,913782320,6492,88940400000,0,89854182320,58,2.071428571,0.387519333,913782123.5,63.43308505,869033265.3,0,1782815389,0.00093353,1.09048E-06,0.014568827,Relatively High,1767018.32,0.000143286,1963.017033,0,1768981.337,93.13596543,Relatively High,0.001933741,2.20712E-08,0,94.09188059,1342635.894,83.178148,Relatively High,2,,,,,,,,,,Not Applicable,,,,,,Not Applicable,,,,,,Not Applicable,,1E-05,0.002468093,3537367.079,28.33820349,388233387.8,0,391770754.9,0.3,0.000206506,0.002785553,Very Low,10.61210097,5.85201E-08,0.80172522,0,11.41382619,23.17672101,Very Low,1.16134E-08,9.01418E-12,0,26.93565457,8.662958961,22.0874508,Very Low,December 2025,5882.073618,1853305.826
192,06085505402,Census Tract 5054.02,1064750,0,California,Santa Clara County,3051,463,144,15.2,192,4,20667,T06085505402,California,CA,06,Santa Clara,County,085,06085,505402,06085505402,3090,512925943,106348,0.4152525,111,8.526315789,0.415251369,512925943,3090,42333000000,106348,42846032291,58,2.071428571,0.30785876,512925808.8,451.636542,6187420625,5910.32842,6700352344,0.001066654,1.09048E-06,0.014568827,Relatively Low,1133308.076,0.00102018,13976.46392,178.3635726,1147462.903,82.18286868,Relatively High,0.002209496,3.30155E-07,0.001677169,95.05014444,1185557.896,78.71761026,Relatively Moderate,2,,,,,,,,,,Not Applicable,,,,,,Not Applicable,,,,,,Not Applicable,,0,0,0,0,0,0,0,0.3,0.000206506,0.002785553,No Rating,0,0,0,0,0,0,No Expected Annual Losses,0,0,0,0,0,0,No Rating,December 2025,5486.149761,1687729.099
193,06085505403,Census Tract 5054.03,1394180,0,California,Santa Clara County,8136,585,166,7.2,193,5,20668,T06085505401,California,CA,06,Santa Clara,County,085,06085,505401,06085505401,6492,913782320,0,0.45595485,111,8.526315789,0.45595485,913782320,6492,88940400000,0,89854182320,58,2.071428571,0.387519333,913782123.5,63.43308505,869033265.3,0,1782815389,0.00093353,1.09048E-06,0.014568827,Relatively High,1767018.32,0.000143286,1963.017033,0,1768981.337,93.13596543,Relatively High,0.001933741,2.20712E-08,0,94.09188059,1342635.894,83.178148,Relatively High,2,,,,,,,,,,Not Applicable,,,,,,Not Applicable,,,,,,Not Applicable,,1E-05,0.002468093,3537367.079,28.33820349,388233387.8,0,391770754.9,0.3,0.000206506,0.002785553,Very Low,10.61210097,5.85201E-08,0.80172522,0,11.41382619,23.17672101,Very Low,1.16134E-08,9.01418E-12,0,26.93565457,8.662958961,22.0874508,Very Low,December 2025,6388.970703,2209663.201
194,06085505500,Census Tract 5055,1364061,0,California,Santa Clara County,4771,545,157,11.4,194,3,20669,T06085505500,California,CA,06,Santa Clara,County,085,06085,505500,06085505500,4197,750265046,0,0.53198379,111,8.526315789,0.53198365,750265046,4197,57498900000,0,58249165046,58,2.071428571,0.429374073,750264879.1,91.26316172,1250305316,0,2000570195,0.001342869,1.09048E-06,0.014568827,Relatively High,2086980.218,0.00020615,2824.253948,0,2089804.471,95.57859877,Very High,0.002781657,4.91184E-08,0,98.0588111,2360685.508,95.22790244,Relatively High,2,,,,,,,,,,Not Applicable,,,,,,Not Applicable,,,,,,Not Applicable,,8E-06,0.020914997,32016836.94,64.99574364,890441687.8,0,922458524.8,0.3,0.000206506,0.002785553,Very Low,76.84040845,1.07376E-07,1.471052406,0,78.31146086,36.91151463,Very Low,1.02418E-07,2.5584E-11,0,44.5399736,88.46221418,37.34317957,Very Low,December 2025,6535.394912,2162230.689
195,06085505600,Census Tract 5056,1036372,0,California,Santa Clara County,4808,536,164,11.1,195,4,20670,T06085505202,California,CA,06,Santa Clara,County,085,06085,505202,06085505202,7692,5836675430,0,3.57381414,111,8.526315789,3.57381414,5836675430,7692,1.0538E+11,0,1.11217E+11,58,2.071428571,2.354813743,5835426162,264.9299156,3629539843,0,9464966005,0.000651523,1.09048E-06,0.014568827,Relatively High,7875395.008,0.000598437,8198.59126,0,7883593.6,99.93071377,Very High,0.001349295,7.78E-08,0,84.83570942,9546801.64,99.92151547,Very High,2,,,,,,,,,,Not Applicable,,,,,,Not Applicable,,,,,,Not Applicable,,1E-05,0.000351,1273474.881,0,0,0,1273474.881,0.3,0.000206506,0.002785553,Relatively Low,3.820424545,0,0,0,3.820424545,20.88045378,Very Low,6.54555E-10,0,0,25.90584234,4.626422564,21.00412638,Very Low,December 2025,7062.608513,1642969.7
196,06085505700,Census Tract 5057,1615785,0,California,Santa Clara County,5636,656,206,11.6,196,6,20671,T06085505203,California,CA,06,Santa Clara,County,085,06085,505203,06085505203,5673,1379717816,0,0.56001114,111,8.526315789,0.56001114,1379717816,5673,77720100000,0,79099817816,58,2.071428571,0.418565675,1379717564,819.1331646,11222124356,0,12601841920,0.000881563,1.09048E-06,0.014568827,Relatively Low,2519495.036,0.0018503,25349.11163,0,2544844.147,97.45989619,Very High,0.001826094,3.26159E-07,0,92.36911948,2281545.074,94.82596649,Relatively High,2,,,,,,,,,,Not Applicable,,,,,,Not Applicable,,,,,,Not Applicable,,0,0,0,0,0,0,0,0.3,0.000206506,0.002785553,No Rating,0,0,0,0,0,0,No Expected Annual Losses,0,0,0,0,0,0,No Rating,December 2025,9966.597664,2560979.2
197,06085505800,Census Tract 5058,1686990,0,California,Santa Clara County,3683,513,127,13.9,197,7,20672,T06085500400,California,CA,06,Santa Clara,County,085,06085,500400,06085500400,2476,609483912,0,0.3920943,111,8.526315789,0.392093844,609483912,2476,33921200000,0,34530683912,58,2.071428571,0.312845868,609483787.3,0,0,0,609483787.3,0.001211032,1.09048E-06,0.014568827,Very High,1528930.482,0,0,0,1528930.482,90.30814759,Relatively High,0.002508566,0,0,97.43523499,1160440.137,77.94584567,Relatively Moderate,2,,,,,,,,,,Not Applicable,,,,,,Not Applicable,,,,,,Not Applicable,,0,0,0,0,0,0,0,0.3,0.000206506,0.002785553,No Rating,0,0,0,0,0,0,No Expected Annual Losses,0,0,0,0,0,0,No Rating,December 2025,8586.692975,2673023.809
198,06085505901,Census Tract 5059.01,1269396,0,California,Santa Clara County,4101,603,204,14.7,198,5,20673,T06085505800,California,CA,06,Santa Clara,County,085,06085,505800,06085505800,4027,1062837967,0,0.6579261,111,8.526315789,0.6579261,1062837967,4027,55169900000,0,56232737967,58,2.071428571,0.540689774,1062837751,3.394530027,46505061.37,0,1109342812,0.001288062,1.09048E-06,0.014568827,Very High,2835787.679,7.66774E-06,105.0480243,0,2835892.727,98.09873876,Very High,0.002668128,1.90408E-09,0,97.88618268,3098795.935,97.66924714,Very High,2,,,,,,,,,,Not Applicable,,,,,,Not Applicable,,,,,,Not Applicable,,0,0,0,0,0,0,0,0.3,0.000206506,0.002785553,No Rating,0,0,0,0,0,0,No Expected Annual Losses,0,0,0,0,0,0,No Rating,December 2025,6812.153333,2011125.327
199,06085505902,Census Tract 5059.02,882189,0,California,Santa Clara County,3893,575,175,14.8,199,5,20674,T06085505700,California,CA,06,Santa Clara,County,085,06085,505700,06085505700,5738,860193723,53170,0.63015615,111,8.526315789,0.63015615,860193723,5738,78610600000,53170,79470846893,58,2.071428571,0.484483187,860193531.2,0,0,0,860193531.2,0.001567783,1.09048E-06,0.014568827,Very High,2793521.78,0,0,0,2793521.78,98.01301172,Very High,0.00324755,0,0,98.90316368,2743190.998,96.76429667,Very High,2,,,,,,,,,,Not Applicable,,,,,,Not Applicable,,,,,,Not Applicable,,9.87385E-06,0.009194181,11314303.08,88.18942632,1208195141,0,1219509444,0.3,0.000206506,0.002785553,Very Low,33.33035273,1.79965E-07,2.465518685,0,35.79587141,29.58985885,Very Low,3.87475E-08,3.13637E-11,0,32.52946143,35.15093849,28.61236964,Very Low,December 2025,5482.715788,1397926.795
200,06085506000,Census Tract 5060,1339295,0,California,Santa Clara County,4988,759,185,15.2,200,4,20675,T06085505700,California,CA,06,Santa Clara,County,085,06085,505700,06085505700,5738,860193723,53170,0.63015615,111,8.526315789,0.63015615,860193723,5738,78610600000,53170,79470846893,58,2.071428571,0.484483187,860193531.2,0,0,0,860193531.2,0.001567783,1.09048E-06,0.014568827,Very High,2793521.78,0,0,0,2793521.78,98.01301172,Very High,0.00324755,0,0,98.90316368,2743190.998,96.76429667,Very High,2,,,,,,,,,,Not Applicable,,,,,,Not Applicable,,,,,,Not Applicable,,9.87385E-06,0.009194181,11314303.08,88.18942632,1208195141,0,1219509444,0.3,0.000206506,0.002785553,Very Low,33.33035273,1.79965E-07,2.465518685,0,35.79587141,29.58985885,Very Low,3.87475E-08,3.13637E-11,0,32.52946143,35.15093849,28.61236964,Very Low,December 2025,7231.769033,2122463.592
201,06085506101,Census Tract 5061.01,1506094,0,California,Santa Clara County,4643,810,202,17.4,201,3,20676,T06085506101,California,CA,06,Santa Clara,County,085,06085,506101,06085506101,4829,782937435,0,0.58737666,111,8.526315789,0.58737666,782937435,4829,66157300000,0,66940237435,58,2.071428571,0.507280419,782937290.2,29.70839159,407004964.8,0,1189942255,0.000941688,1.09048E-06,0.014568827,Relatively High,1527228.043,6.71068E-05,919.3637461,0,1528147.407,90.29522982,Relatively High,0.001950639,1.38966E-08,0,94.27272941,2118014.036,93.76285779,Relatively High,2,,,,,,,,,,Not Applicable,,,,,,Not Applicable,,,,,,Not Applicable,,1E-05,0.000304914,420438.3147,2.616864137,35851038.68,0,36271476.99,0.3,0.000206506,0.002785553,Very Low,1.261314912,5.40398E-09,0.074034544,0,1.335349456,19.85777651,Very Low,1.611E-09,1.11907E-12,0,25.01516179,1.850795858,20.02544802,Very Low,December 2025,6641.251099,2386555.767
202,06085506102,Census Tract 5061.02,1136637,0,California,Santa Clara County,4434,770,200,17.4,202,5,20677,T06085505901,California,CA,06,Santa Clara,County,085,06085,505901,06085505901,3794,789318297,0,0.49506444,111,8.526315789,0.49506444,789318297,3794,51977800000,0,52767118297,58,2.071428571,0.403469639,789318144.4,0,0,0,789318144.4,0.001185484,1.09048E-06,0.014568827,Very High,1938285.65,0,0,0,1938285.65,94.58158161,Relatively High,0.002455645,0,0,97.25438617,1471135.863,85.95721404,Relatively High,2,,,,,,,,,,Not Applicable,,,,,,Not Applicable,,,,,,Not Applicable,,0,0,0,0,0,0,0,0.3,0.000206506,0.002785553,No Rating,0,0,0,0,0,0,No Expected Annual Losses,0,0,0,0,0,0,No Rating,December 2025,6367.931395,1800984.802
203,06085506103,Census Tract 5061.03,1536416,0,California,Santa Clara County,5187,872,188,16.8,203,5,20678,T06085506101,California,CA,06,Santa Clara,County,085,06085,506101,06085506101,4829,782937435,0,0.58737666,111,8.526315789,0.58737666,782937435,4829,66157300000,0,66940237435,58,2.071428571,0.507280419,782937290.2,29.70839159,407004964.8,0,1189942255,0.000941688,1.09048E-06,0.014568827,Relatively High,1527228.043,6.71068E-05,919.3637461,0,1528147.407,90.29522982,Relatively High,0.001950639,1.38966E-08,0,94.27272941,2118014.036,93.76285779,Relatively High,2,,,,,,,,,,Not Applicable,,,,,,Not Applicable,,,,,,Not Applicable,,1E-05,0.000304914,420438.3147,2.616864137,35851038.68,0,36271476.99,0.3,0.000206506,0.002785553,Very Low,1.261314912,5.40398E-09,0.074034544,0,1.335349456,19.85777651,Very Low,1.611E-09,1.11907E-12,0,25.01516179,1.850795858,20.02544802,Very Low,December 2025,6737.707735,2434131.136
204,06085506202,Census Tract 5062.02,2514795,0,California,Santa Clara County,8313,1594,321,19.2,204,5,20679,T06085506202,California,CA,06,Santa Clara,County,085,06085,506202,06085506202,7512,1410003234,0,0.98077005,111,8.526315789,0.98077005,1410003234,7512,1.02914E+11,0,1.04324E+11,58,2.071428571,0.782266102,1410002936,54.11907459,741431321.8,0,2151434258,0.000647091,1.09048E-06,0.014568827,Relatively High,1889972.108,0.000122247,1674.783201,0,1891646.891,94.20814055,Relatively High,0.001340403,1.62736E-08,0,84.61963032,2381525.565,95.33135933,Relatively High,2,,,,,,,,,,Not Applicable,,,,,,Not Applicable,,,,,,Not Applicable,,9.25769E-06,0.023217279,39454478.29,184.8640431,2532637391,0,2572091869,0.3,0.000206506,0.002785553,Very Low,110.217553,3.4335E-07,4.703890469,0,114.9214435,41.2210291,Very Low,7.81683E-08,4.57068E-11,0,40.36721249,144.6825815,42.95958046,Very Low,December 2025,9058.879863,3981468.885
205,06085506203,Census Tract 5062.03,1103068,0,California,Santa Clara County,6717,451,177,6.7,205,4,20680,T06085506203,California,CA,06,Santa Clara,County,085,06085,506203,06085506203,7138,938571168,0,0.43019652,111,8.526315789,0.430194519,938571168,7138,97790600000,0,98729171168,58,2.071428571,0.316168455,938570965.2,0,0,0,938570965.2,0.0005759,1.09048E-06,0.014568827,Relatively High,1119653.957,0,0,0,1119653.957,81.33147004,Relatively High,0.001192935,0,0,79.73788665,1242801.894,80.4775665,Relatively High,2,,,,,,,,,,Not Applicable,,,,,,Not Applicable,,,,,,Not Applicable,,0,0,0,0,0,0,0,0.3,0.000206506,0.002785553,No Rating,0,0,0,0,0,0,No Expected Annual Losses,0,0,0,0,0,0,No Rating,December 2025,6583.388476,1747288.977
206,06085506204,Census Tract 5062.04,1796125,0,California,Santa Clara County,5860,891,218,15.2,206,5,20681,T06085506202,California,CA,06,Santa Clara,County,085,06085,506202,06085506202,7512,1410003234,0,0.98077005,111,8.526315789,0.98077005,1410003234,7512,1.02914E+11,0,1.04324E+11,58,2.071428571,0.782266102,1410002936,54.11907459,741431321.8,0,2151434258,0.000647091,1.09048E-06,0.014568827,Relatively High,1889972.108,0.000122247,1674.783201,0,1891646.891,94.20814055,Relatively High,0.001340403,1.62736E-08,0,84.61963032,2381525.565,95.33135933,Relatively High,2,,,,,,,,,,Not Applicable,,,,,,Not Applicable,,,,,,Not Applicable,,9.25769E-06,0.023217279,39454478.29,184.8640431,2532637391,0,2572091869,0.3,0.000206506,0.002785553,Very Low,110.217553,3.4335E-07,4.703890469,0,114.9214435,41.2210291,Very Low,7.81683E-08,4.57068E-11,0,40.36721249,144.6825815,42.95958046,Very Low,December 2025,7431.426915,2844584.047
207,06085506301,Census Tract 5063.01,1498549,0,California,Santa Clara County,4994,908,264,18.2,207,4,20682,T06085506301,California,CA,06,Santa Clara,County,085,06085,506301,06085506301,5631,997853115,0,0.58443411,111,8.526315789,0.58443411,997853115,5631,77144700000,0,78142553115,58,2.071428571,0.454459585,997852934.3,501.4175739,6869420762,0,7867273696,0.000665409,1.09048E-06,0.014568827,Relatively Low,1375388.7,0.001132628,15517.0009,0,1390905.701,87.92305705,Relatively High,0.001378348,2.01142E-07,0,84.78991005,1248654.411,80.64404885,Relatively High,2,,,,,,,,,,Not Applicable,,,,,,Not Applicable,,,,,,Not Applicable,,0,0,0,0,0,0,0,0.3,0.000206506,0.002785553,No Rating,0,0,0,0,0,0,No Expected Annual Losses,0,0,0,0,0,0,No Rating,December 2025,6933.094119,2373691.897
208,06085506302,Census Tract 5063.02,2014346,0,California,Santa Clara County,6357,828,199,13,208,5,20683,T06085506302,California,CA,06,Santa Clara,County,085,06085,506302,06085506302,6210,1191703245,0,0.78559494,111,8.526315789,0.785594059,1191703245,6210,85077000000,0,86268703245,58,2.071428571,0.659281303,1191703015,210.9664693,2890240629,0,4081943645,0.000614838,1.09048E-06,0.014568827,Relatively Moderate,1517744.064,0.000476542,6528.624174,0,1524272.688,90.23064096,Relatively High,0.001273592,7.67378E-08,0,82.26859572,1156904.926,77.83525383,Relatively Moderate,2,,,,,,,,,,Not Applicable,,,,,,Not Applicable,,,,,,Not Applicable,,0,0,0,0,0,0,0,0.3,0.000206506,0.002785553,No Rating,0,0,0,0,0,0,No Expected Annual Losses,0,0,0,0,0,0,No Rating,December 2025,7419.636204,3189796.746
209,06085506304,Census Tract 5063.04,1079035,0,California,Santa Clara County,5956,629,221,10.6,209,3,20684,T06085506302,California,CA,06,Santa Clara,County,085,06085,506302,06085506302,6210,1191703245,0,0.78559494,111,8.526315789,0.785594059,1191703245,6210,85077000000,0,86268703245,58,2.071428571,0.659281303,1191703015,210.9664693,2890240629,0,4081943645,0.000614838,1.09048E-06,0.014568827,Relatively Moderate,1517744.064,0.000476542,6528.624174,0,1524272.688,90.23064096,Relatively High,0.001273592,7.67378E-08,0,82.26859572,1156904.926,77.83525383,Relatively Moderate,2,,,,,,,,,,Not Applicable,,,,,,Not Applicable,,,,,,Not Applicable,,0,0,0,0,0,0,0,0.3,0.000206506,0.002785553,No Rating,0,0,0,0,0,0,No Expected Annual Losses,0,0,0,0,0,0,No Rating,December 2025,5212.822417,1708853.13
210,06085506305,Census Tract 5063.05,1092809,0,California,Santa Clara County,5235,664,222,12.7,210,5,20685,T06085506302,California,CA,06,Santa Clara,County,085,06085,506302,06085506302,6210,1191703245,0,0.78559494,111,8.526315789,0.785594059,1191703245,6210,85077000000,0,86268703245,58,2.071428571,0.659281303,1191703015,210.9664693,2890240629,0,4081943645,0.000614838,1.09048E-06,0.014568827,Relatively Moderate,1517744.064,0.000476542,6528.624174,0,1524272.688,90.23064096,Relatively High,0.001273592,7.67378E-08,0,82.26859572,1156904.926,77.83525383,Relatively Moderate,2,,,,,,,,,,Not Applicable,,,,,,Not Applicable,,,,,,Not Applicable,,0,0,0,0,0,0,0,0.3,0.000206506,0.002785553,No Rating,0,0,0,0,0,0,No Expected Annual Losses,0,0,0,0,0,0,No Rating,December 2025,5698.336165,1730307.371
211,06085506401,Census Tract 5064.01,1344401,0,California,Santa Clara County,4758,265,130,5.6,211,4,20686,T06085502001,California,CA,06,Santa Clara,County,085,06085,502001,06085502001,5010,797284879,66469,0.52014105,111,8.526315789,0.52014105,797284879,5010,68637000000,66469,69434351348,58,2.071428571,0.421952318,797284644.5,0,0,0,797284644.5,0.001246357,1.09048E-06,0.014568827,Very High,2058381.094,0,0,0,2058381.094,95.39774996,Relatively High,0.002581739,0,0,97.66188318,2983445.94,97.40525371,Very High,2,,,,,,,,,,Not Applicable,,,,,,Not Applicable,,,,,,Not Applicable,,0,0,0,0,0,0,0,0.3,0.000206506,0.002785553,No Rating,0,0,0,0,0,0,No Expected Annual Losses,0,0,0,0,0,0,No Rating,December 2025,6048.995834,2129335.091
212,06085506402,Census Tract 5064.02,1441356,0,California,Santa Clara County,5257,1005,264,19.1,212,4,20687,T06085502101,California,CA,06,Santa Clara,County,085,06085,502101,06085502101,5101,2071825979,0,0.74667138,111,8.526315789,0.74667138,2071825979,5101,69883700000,0,71955525979,58,2.071428571,0.604625842,2069695807,0,0,0,2069695807,0.000823044,1.09048E-06,0.014568827,Very High,3528577.809,0,0,0,3528577.809,99.07109472,Very High,0.001703125,0,0,91.70561571,3309745.801,98.07356141,Very High,2,,,,,,,,,,Not Applicable,,,,,,Not Applicable,,,,,,Not Applicable,,0,0,0,0,0,0,0,0.3,0.000206506,0.002785553,No Rating,0,0,0,0,0,0,No Expected Annual Losses,0,0,0,0,0,0,No Rating,December 2025,6583.735359,2282018.246
213,06085506502,Census Tract 5065.02,3021395,50285,California,Santa Clara County,5040,430,171,8.5,213,4,20688,T06085502604,California,CA,06,Santa Clara,County,085,06085,502604,06085502604,4494,1292929055,0,0.4996836,111,8.526315789,0.499682617,1292929055,4494,61567800000,0,62860729055,58,2.071428571,0.367971503,1285249881,9.486411439,129963836.7,0,1415213718,0.000674937,1.09048E-06,0.014568827,Relatively High,1796886.479,2.14284E-05,293.5689982,0,1797180.048,93.3814031,Relatively High,0.00138978,4.76822E-09,0,86.00183198,1364038.381,83.65856849,Relatively High,2,,,,,,,,,,Not Applicable,,,,,,Not Applicable,,,,,,Not Applicable,,0,0,0,0,0,0,0,0.3,0.000206506,0.002785553,No Rating,0,0,0,0,0,0,No Expected Annual Losses,0,0,0,0,0,0,No Rating,December 2025,12989.57725,4860237.614
214,06085506503,Census Tract 5065.03,1789486,0,California,Santa Clara County,6623,1658,454,25,214,3,20689,T06085506502,California,CA,06,Santa Clara,County,085,06085,506502,06085506502,4715,1841941951,0,1.1979552,111,8.526315789,1.197952903,1841941951,4715,64595500000,0,66437441951,58,2.071428571,0.750882715,1837832110,105.7389051,1448623000,0,3286455110,0.000508463,1.09048E-06,0.014568827,Relatively Moderate,1935685.613,0.000238848,3272.224134,0,1938957.838,94.58862766,Relatively High,0.001050894,5.06572E-08,0,73.02064495,1698038.037,89.5865292,Relatively High,2,,,,,,,,,,Not Applicable,,,,,,Not Applicable,,,,,,Not Applicable,,0,0,0,0,0,0,0,0.3,0.000206506,0.002785553,No Rating,0,0,0,0,0,0,No Expected Annual Losses,0,0,0,0,0,0,No Rating,December 2025,7410.949433,2831999.507
215,06085506504,Census Tract 5065.04,209658,0,California,Santa Clara County,2136,169,78,7.9,215,3,20690,T06085506402,California,CA,06,Santa Clara,County,085,06085,506402,06085506402,5719,881835119,0,0.56255316,111,8.526315789,0.56255316,881835119,5719,78350300000,0,79232135119,58,2.071428571,0.453899211,881834920.5,0,0,0,881834920.5,0.001026781,1.09048E-06,0.014568827,Very High,1875577.276,0,0,0,1875577.276,94.08131151,Relatively High,0.002126902,0,0,95.59151655,2521687.519,95.98182964,Very High,2,,,,,,,,,,Not Applicable,,,,,,Not Applicable,,,,,,Not Applicable,,1E-05,0.01413184,16807575.58,114.0848397,1562962304,0,1579769880,0.3,0.000206506,0.002785553,Very Low,50.42272548,2.35592E-07,3.227610854,0,53.65033633,33.12760872,Very Low,5.71793E-08,4.11946E-11,0,36.35736625,72.13212979,35.19317898,Very Low,December 2025,2321.89243,331917.425
216,06085506505,Census Tract 5065.05,657483,0,California,Santa Clara County,4187,399,134,9.5,216,5,20691,T06085506402,California,CA,06,Santa Clara,County,085,06085,506402,06085506402,5719,881835119,0,0.56255316,111,8.526315789,0.56255316,881835119,5719,78350300000,0,79232135119,58,2.071428571,0.453899211,881834920.5,0,0,0,881834920.5,0.001026781,1.09048E-06,0.014568827,Very High,1875577.276,0,0,0,1875577.276,94.08131151,Relatively High,0.002126902,0,0,95.59151655,2521687.519,95.98182964,Very High,2,,,,,,,,,,Not Applicable,,,,,,Not Applicable,,,,,,Not Applicable,,1E-05,0.01413184,16807575.58,114.0848397,1562962304,0,1579769880,0.3,0.000206506,0.002785553,Very Low,50.42272548,2.35592E-07,3.227610854,0,53.65033633,33.12760872,Very Low,5.71793E-08,4.11946E-11,0,36.35736625,72.13212979,35.19317898,Very Low,December 2025,4905.114048,1040849.767
217,06085506601,Census Tract 5066.01,1566762,0,California,Santa Clara County,3825,582,143,15.2,217,4,20692,T06085506601,California,CA,06,Santa Clara,County,085,06085,506601,06085506601,4726,923074289,53174,0.61094982,111,8.526315789,0.610949578,923074289,4726,64746200000,53174,65669327463,58,2.071428571,0.486938833,923074079.9,0,0,0,923074079.9,0.000490987,1.09048E-06,0.014568827,Relatively High,938808.1299,0,0,0,938808.1299,74.40049792,Relatively Moderate,0.001017045,0,0,71.35777532,1011048.682,72.33657974,Relatively Moderate,2,,,,,,,,,,Not Applicable,,,,,,Not Applicable,,,,,,Not Applicable,,0,0,0,0,0,0,0,0.3,0.000206506,0.002785553,No Rating,0,0,0,0,0,0,No Expected Annual Losses,0,0,0,0,0,0,No Rating,December 2025,6416.026607,2479984.107
218,06085506603,Census Tract 5066.03,1279780,0,California,Santa Clara County,4295,510,115,11.9,218,5,20693,T06085506503,California,CA,06,Santa Clara,County,085,06085,506503,06085506503,6802,1265784538,0,0.69789954,111,8.526315789,0.69789954,1265784538,6802,93187400000,0,94453184538,58,2.071428571,0.525588269,1265784320,0,0,0,1265784320,0.000392664,1.09048E-06,0.014568827,Relatively High,1029558.237,0,0,0,1029558.237,78.14078023,Relatively High,0.000813376,0,0,56.60098175,1326959.536,82.73815894,Relatively High,2,,,,,,,,,,Not Applicable,,,,,,Not Applicable,,,,,,Not Applicable,,0,0,0,0,0,0,0,0.3,0.000206506,0.002785553,No Rating,0,0,0,0,0,0,No Expected Annual Losses,0,0,0,0,0,0,No Rating,December 2025,5871.52424,2025158.971
219,06085506604,Census Tract 5066.04,2457342,0,California,Santa Clara County,6855,1031,235,15,219,6,20694,T06085506601,California,CA,06,Santa Clara,County,085,06085,506601,06085506601,4726,923074289,53174,0.61094982,111,8.526315789,0.610949578,923074289,4726,64746200000,53174,65669327463,58,2.071428571,0.486938833,923074079.9,0,0,0,923074079.9,0.000490987,1.09048E-06,0.014568827,Relatively High,938808.1299,0,0,0,938808.1299,74.40049792,Relatively Moderate,0.001017045,0,0,71.35777532,1011048.682,72.33657974,Relatively Moderate,2,,,,,,,,,,Not Applicable,,,,,,Not Applicable,,,,,,Not Applicable,,0,0,0,0,0,0,0,0.3,0.000206506,0.002785553,No Rating,0,0,0,0,0,0,No Expected Annual Losses,0,0,0,0,0,0,No Rating,December 2025,11565.10769,3888430.502
220,06085506605,Census Tract 5066.05,999199,0,California,Santa Clara County,4275,686,178,16,220,4,20695,T06085506503,California,CA,06,Santa Clara,County,085,06085,506503,06085506503,6802,1265784538,0,0.69789954,111,8.526315789,0.69789954,1265784538,6802,93187400000,0,94453184538,58,2.071428571,0.525588269,1265784320,0,0,0,1265784320,0.000392664,1.09048E-06,0.014568827,Relatively High,1029558.237,0,0,0,1029558.237,78.14078023,Relatively High,0.000813376,0,0,56.60098175,1326959.536,82.73815894,Relatively High,2,,,,,,,,,,Not Applicable,,,,,,Not Applicable,,,,,,Not Applicable,,0,0,0,0,0,0,0,0.3,0.000206506,0.002785553,No Rating,0,0,0,0,0,0,No Expected Annual Losses,0,0,0,0,0,0,No Rating,December 2025,5201.025243,1581795.029
221,06085506606,Census Tract 5066.06,1199955,0,California,Santa Clara County,4976,856,247,17.2,221,4,20696,T06085506503,California,CA,06,Santa Clara,County,085,06085,506503,06085506503,6802,1265784538,0,0.69789954,111,8.526315789,0.69789954,1265784538,6802,93187400000,0,94453184538,58,2.071428571,0.525588269,1265784320,0,0,0,1265784320,0.000392664,1.09048E-06,0.014568827,Relatively High,1029558.237,0,0,0,1029558.237,78.14078023,Relatively High,0.000813376,0,0,56.60098175,1326959.536,82.73815894,Relatively High,2,,,,,,,,,,Not Applicable,,,,,,Not Applicable,,,,,,Not Applicable,,0,0,0,0,0,0,0,0.3,0.000206506,0.002785553,No Rating,0,0,0,0,0,0,No Expected Annual Losses,0,0,0,0,0,0,No Rating,December 2025,5663.838868,1899242.618
222,06085506701,Census Tract 5067.01,1599574,0,California,Santa Clara County,4620,693,171,15,222,5,20697,T06085506604,California,CA,06,Santa Clara,County,085,06085,506604,06085506604,7694,1447865288,0,0.95842266,111,8.526315789,0.95842266,1447865288,7694,1.05408E+11,0,1.06856E+11,58,2.071428571,0.798443619,1447864994,22.21556862,304353290.1,0,1752218284,0.000554785,1.09048E-06,0.014568827,Relatively High,1663883.792,5.01817E-05,687.4888642,0,1664571.281,92.01681659,Relatively High,0.001149198,6.52218E-09,0,77.97402353,1676320.849,89.2773477,Relatively High,2,,,,,,,,,,Not Applicable,,,,,,Not Applicable,,,,,,Not Applicable,,0,0,0,0,0,0,0,0.3,0.000206506,0.002785553,No Rating,0,0,0,0,0,0,No Expected Annual Losses,0,0,0,0,0,0,No Rating,December 2025,6977.683484,2530444.592
223,06085506702,Census Tract 5067.02,1691753,0,California,Santa Clara County,5755,908,273,15.8,223,4,20698,T06085506502,California,CA,06,Santa Clara,County,085,06085,506502,06085506502,4715,1841941951,0,1.1979552,111,8.526315789,1.197952903,1841941951,4715,64595500000,0,66437441951,58,2.071428571,0.750882715,1837832110,105.7389051,1448623000,0,3286455110,0.000508463,1.09048E-06,0.014568827,Relatively Moderate,1935685.613,0.000238848,3272.224134,0,1938957.838,94.58862766,Relatively High,0.001050894,5.06572E-08,0,73.02064495,1698038.037,89.5865292,Relatively High,2,,,,,,,,,,Not Applicable,,,,,,Not Applicable,,,,,,Not Applicable,,0,0,0,0,0,0,0,0.3,0.000206506,0.002785553,No Rating,0,0,0,0,0,0,No Expected Annual Losses,0,0,0,0,0,0,No Rating,December 2025,7273.475148,2676524.099
224,06085506703,Census Tract 5067.03,1354461,0,California,Santa Clara County,3870,718,190,18.6,224,5,20699,T06085506502,California,CA,06,Santa Clara,County,085,06085,506502,06085506502,4715,1841941951,0,1.1979552,111,8.526315789,1.197952903,1841941951,4715,64595500000,0,66437441951,58,2.071428571,0.750882715,1837832110,105.7389051,1448623000,0,3286455110,0.000508463,1.09048E-06,0.014568827,Relatively Moderate,1935685.613,0.000238848,3272.224134,0,1938957.838,94.58862766,Relatively High,0.001050894,5.06572E-08,0,73.02064495,1698038.037,89.5865292,Relatively High,2,,,,,,,,,,Not Applicable,,,,,,Not Applicable,,,,,,Not Applicable,,0,0,0,0,0,0,0,0.3,0.000206506,0.002785553,No Rating,0,0,0,0,0,0,No Expected Annual Losses,0,0,0,0,0,0,No Rating,December 2025,6874.000367,2142350.399
225,06085506801,Census Tract 5068.01,2892436,0,California,Santa Clara County,6216,1106,234,17.8,225,6,20700,T06085502704,California,CA,06,Santa Clara,County,085,06085,502704,06085502704,3998,1121740756,0,0.6362343,111,8.526315789,0.6362343,1121740756,3998,54772600000,0,55894340756,58,2.071428571,0.453024446,1121740511,0,0,0,1121740511,0.000636262,1.09048E-06,0.014568827,Relatively High,1478420.896,0,0,0,1478420.896,89.48493318,Relatively High,0.00131797,0,0,84.04889964,1356297.786,83.47900539,Relatively High,2,,,,,,,,,,Not Applicable,,,,,,Not Applicable,,,,,,Not Applicable,,0,0,0,0,0,0,0,0.3,0.000206506,0.002785553,No Rating,0,0,0,0,0,0,No Expected Annual Losses,0,0,0,0,0,0,No Rating,December 2025,10376.43596,4572263.531
226,06085506802,Census Tract 5068.02,2043844,0,California,Santa Clara County,5761,831,179,14.4,226,5,20701,T06085502704,California,CA,06,Santa Clara,County,085,06085,502704,06085502704,3998,1121740756,0,0.6362343,111,8.526315789,0.6362343,1121740756,3998,54772600000,0,55894340756,58,2.071428571,0.453024446,1121740511,0,0,0,1121740511,0.000636262,1.09048E-06,0.014568827,Relatively High,1478420.896,0,0,0,1478420.896,89.48493318,Relatively High,0.00131797,0,0,84.04889964,1356297.786,83.47900539,Relatively High,2,,,,,,,,,,Not Applicable,,,,,,Not Applicable,,,,,,Not Applicable,,0,0,0,0,0,0,0,0.3,0.000206506,0.002785553,No Rating,0,0,0,0,0,0,No Expected Annual Losses,0,0,0,0,0,0,No Rating,December 2025,9247.903907,3231234.204
227,06085506803,Census Tract 5068.03,2290466,0,California,Santa Clara County,7056,765,190,10.8,227,4,20702,T06085502906,California,CA,06,Santa Clara,County,085,06085,502906,06085502906,4848,847181625,0,0.60227622,111,8.526315789,0.602275822,847181625,4848,66417600000,0,67264781625,58,2.071428571,0.453783445,847181444,0,0,0,847181444,0.000722394,1.09048E-06,0.014568827,Very High,1267712.424,0,0,0,1267712.424,85.36181506,Relatively High,0.001496388,0,0,88.37517909,1630871.813,88.63757982,Relatively High,2,,,,,,,,,,Not Applicable,,,,,,Not Applicable,,,,,,Not Applicable,,1E-05,0.004209251,9763946.592,51.16323362,700936300.6,0,710700247.2,0.3,0.000206506,0.002785553,Very Low,29.29183904,1.05655E-07,1.44747548,0,30.73931452,28.39594259,Very Low,3.45756E-08,2.17936E-11,0,32.41292379,39.54515286,29.56726481,Very Low,December 2025,7655.599159,3620741.591
228,06085506804,Census Tract 5068.04,1542091,0,California,Santa Clara County,4377,723,178,16.5,228,4,20703,T06085506802,California,CA,06,Santa Clara,County,085,06085,506802,06085506802,5533,1285495470,0,0.79709916,111,8.526315789,0.797098782,1285495470,5533,75802100000,0,77087595470,58,2.071428571,0.649539109,1285495206,22.19713934,304100809,0,1589596015,0.00056116,1.09048E-06,0.014568827,Relatively High,1494262.28,5.014E-05,686.9185469,0,1494949.199,89.74328863,Relatively High,0.001162402,9.062E-09,0,78.53183644,1394549.647,84.35779435,Relatively High,2,,,,,,,,,,Not Applicable,,,,,,Not Applicable,,,,,,Not Applicable,,1E-05,0.004914,6733979.483,33.317676,456452161.2,0,463186140.7,0.3,0.000206506,0.002785553,Very Low,20.20193794,6.8803E-08,0.942601076,0,21.14453902,25.9569762,Very Low,1.57153E-08,1.2435E-11,0,28.46491385,19.72448926,24.95808212,Very Low,December 2025,7980.01155,2437525.817
229,06085506900,Census Tract 5069,9390480,0,California,Santa Clara County,8160,1853,388,22.7,229,5,20704,T06085506900,California,CA,06,Santa Clara,County,085,06085,506900,06085506900,8031,2311575802,0,3.66227784,111,8.526315789,3.66227784,2311575802,8031,1.10025E+11,0,1.12336E+11,58,2.071428571,1.624444744,2311575353,12.75441361,174735466.4,0,2486310820,0.000595364,1.09048E-06,0.014568827,Relatively High,2850757.385,2.88103E-05,394.7014579,0,2851152.087,98.1327947,Very High,0.001233253,3.58739E-09,0,81.26100947,2719663.074,96.68581214,Very High,2,,,,,,,,,,Not Applicable,,,,,,Not Applicable,,,,,,Not Applicable,,0.003033083,0.354125636,290652441.9,1069.210248,14648180404,0,14938832846,0.3,0.000206506,0.002785553,Relatively Moderate,209255.1043,0.000589225,8072.383778,0,217327.4881,96.69651457,Relatively High,9.05249E-05,7.33688E-08,0,96.4955466,207304.811,96.28744366,Relatively High,December 2025,19483.08633,14838440.46
230,06085507002,Census Tract 5070.02,13650669,0,California,Santa Clara County,3325,676,155,20.3,230,6,20705,T06085506900,California,CA,06,Santa Clara,County,085,06085,506900,06085506900,8031,2311575802,0,3.66227784,111,8.526315789,3.66227784,2311575802,8031,1.10025E+11,0,1.12336E+11,58,2.071428571,1.624444744,2311575353,12.75441361,174735466.4,0,2486310820,0.000595364,1.09048E-06,0.014568827,Relatively High,2850757.385,2.88103E-05,394.7014579,0,2851152.087,98.1327947,Very High,0.001233253,3.58739E-09,0,81.26100947,2719663.074,96.68581214,Very High,2,,,,,,,,,,Not Applicable,,,,,,Not Applicable,,,,,,Not Applicable,,0.003033083,0.354125636,290652441.9,1069.210248,14648180404,0,14938832846,0.3,0.000206506,0.002785553,Relatively Moderate,209255.1043,0.000589225,8072.383778,0,217327.4881,96.69651457,Relatively High,9.05249E-05,7.33688E-08,0,96.4955466,207304.811,96.28744366,Relatively High,December 2025,27871.97107,21559973.94
231,06085507003,Census Tract 5070.03,9531458,0,California,Santa Clara County,2895,778,223,26.9,231,6,20706,T06085507002,California,CA,06,Santa Clara,County,085,06085,507002,06085507002,3012,1009110212,0,5.32407759,98.25042597,7.537429163,5.32407759,1009110212,3012,41264400000,0,42273510212,58,2.071428571,0.798315065,1009109986,3.974954093,54456871.08,0,1063566857,0.000385045,1.09048E-06,0.014568827,Relatively High,804859.3035,8.97883E-06,123.009981,0,804982.3135,67.48831529,Relatively Moderate,0.000797593,2.98102E-09,0,55.11191488,814816.7985,61.98375608,Relatively Moderate,2,,,,,,,,,,Not Applicable,,,,,,Not Applicable,,,,,,Not Applicable,,0.004582557,0.238048767,154229747.9,608.9885086,8343142568,0,8497372316,0.3,0.000206506,0.002785553,Relatively Moderate,182945.528,0.000496902,6807.5597,0,189753.0877,96.39684635,Relatively High,0.000181294,1.64974E-07,0,97.64070731,192071.3049,96.1126372,Relatively Moderate,December 2025,27552.32617,15058183.93
232,06085507004,Census Tract 5070.04,2423643,0,California,Santa Clara County,3844,806,175,21,232,7,20707,T06085506801,California,CA,06,Santa Clara,County,085,06085,506801,06085506801,6446,1607394366,0,1.12805043,111,8.526315789,1.128050329,1607394366,6446,88310200000,0,89917594366,58,2.071428571,0.89919326,1607394017,18.68411075,255972317.3,0,1863366334,0.000451928,1.09048E-06,0.014568827,Relatively High,1504738.863,4.22046E-05,578.2034345,0,1505317.066,89.90534796,Relatively High,0.000936135,6.54741E-09,0,66.14721563,1392529.27,84.31022796,Relatively High,2,,,,,,,,,,Not Applicable,,,,,,Not Applicable,,,,,,Not Applicable,,1E-05,0.000800834,1524140.575,9.457064544,129561784.3,0,131085924.8,0.3,0.000206506,0.002785553,Very Low,4.572421611,1.95294E-08,0.267552851,0,4.839974462,21.23125587,Very Low,2.84462E-09,3.02969E-12,0,25.27558774,4.477333219,20.95893832,Very Low,December 2025,15692.49013,3829586.666
233,06085507100,Census Tract 5071,1576070,206446,California,Santa Clara County,2820,392,109,13.9,233,5,20708,T06085506801,California,CA,06,Santa Clara,County,085,06085,506801,06085506801,6446,1607394366,0,1.12805043,111,8.526315789,1.128050329,1607394366,6446,88310200000,0,89917594366,58,2.071428571,0.89919326,1607394017,18.68411075,255972317.3,0,1863366334,0.000451928,1.09048E-06,0.014568827,Relatively High,1504738.863,4.22046E-05,578.2034345,0,1505317.066,89.90534796,Relatively High,0.000936135,6.54741E-09,0,66.14721563,1392529.27,84.31022796,Relatively High,2,,,,,,,,,,Not Applicable,,,,,,Not Applicable,,,,,,Not Applicable,,1E-05,0.000800834,1524140.575,9.457064544,129561784.3,0,131085924.8,0.3,0.000206506,0.002785553,Very Low,4.572421611,1.95294E-08,0.267552851,0,4.839974462,21.23125587,Very Low,2.84462E-09,3.02969E-12,0,25.27558774,4.477333219,20.95893832,Very Low,December 2025,12846.06904,2817291.027
234,06085507203,Census Tract 5072.03,1808386,0,California,Santa Clara County,3097,432,123,13.9,234,5,20709,T06085502703,California,CA,06,Santa Clara,County,085,06085,502703,06085502703,4744,1064926704,0,0.54558543,111,8.526315789,0.54558543,1064926704,4744,64992800000,0,66057726704,58,2.071428571,0.454405868,1064926524,0,0,0,1064926524,0.000634168,1.09048E-06,0.014568827,Relatively High,1398922.908,0,0,0,1398922.908,88.09216244,Relatively High,0.001313633,0,0,83.88449163,1537933.051,87.15707609,Relatively High,2,,,,,,,,,,Not Applicable,,,,,,Not Applicable,,,,,,Not Applicable,,8E-06,0.019751073,52135341.23,264.5834859,3624793757,0,3676929099,0.3,0.000206506,0.002785553,Very Low,125.1248186,4.37105E-07,5.988333262,0,131.1131519,42.70391115,Very Low,1.17496E-07,9.21384E-11,0,45.17141736,144.1417883,42.91914904,Very Low,December 2025,10208.70419,2859316.604
235,06085507205,Census Tract 5072.05,3377650,0,California,Santa Clara County,4459,888,153,19.9,235,6,20710,T06085506701,California,CA,06,Santa Clara,County,085,06085,506701,06085506701,4093,879572567,0,0.62383386,111,8.526315789,0.62383386,879572567,4093,56074100000,0,56953672567,58,2.071428571,0.489414484,879572391.5,74.53913503,1021186150,0,1900758541,0.000588603,1.09048E-06,0.014568827,Relatively Moderate,1072417.643,0.000168373,2306.707794,0,1074724.351,79.76489654,Relatively High,0.001219249,4.11368E-08,0,80.61512084,1269240.052,81.22911538,Relatively High,2,,,,,,,,,,Not Applicable,,,,,,Not Applicable,,,,,,Not Applicable,,1E-05,0.009031833,18497481.96,69.58615561,953330331.8,0,971827813.7,0.3,0.000206506,0.002785553,Very Low,55.49244446,1.437E-07,1.968684285,0,57.46112875,33.79234895,Very Low,6.30902E-08,3.51086E-11,0,38.24337341,67.86109015,34.53200623,Very Low,December 2025,12317.21768,5341434.694
236,06085507206,Census Tract 5072.06,3237430,0,California,Santa Clara County,2826,738,164,26.1,236,7,20711,T06085507003,California,CA,06,Santa Clara,County,085,06085,507003,06085507003,2793,1174276511,0,3.71664735,97.26237754,7.460793818,3.71664735,1174276511,2793,38264100000,0,39438376511,58,2.071428571,0.869673109,1174276238,0,0,0,1174276238,0.000380513,1.09048E-06,0.014568827,Relatively High,925571.8351,0,0,0,925571.8351,73.80510604,Relatively Moderate,0.000788206,0,0,54.23585504,804857.7595,61.39036543,Relatively Moderate,1,,,,,,,,,,Not Applicable,,,,,,Not Applicable,,,,,,Not Applicable,,0.005690702,0.098255609,93098970.41,266.2925932,3648208527,0,3741307497,0.3,0.000206506,0.002785553,Relatively High,171013.9796,0.000286873,3930.1564,0,174944.136,96.21133745,Relatively Moderate,0.000145633,1.02711E-07,0,98.04858906,152127.7334,95.54540806,Relatively Moderate,December 2025,16176.55303,5117808.426
237,06085507301,Census Tract 5073.01,8439990,0,California,Santa Clara County,6387,1808,330,28.3,237,7,20712,T06085506604,California,CA,06,Santa Clara,County,085,06085,506604,06085506604,7694,1447865288,0,0.95842266,111,8.526315789,0.95842266,1447865288,7694,1.05408E+11,0,1.06856E+11,58,2.071428571,0.798443619,1447864994,22.21556862,304353290.1,0,1752218284,0.000554785,1.09048E-06,0.014568827,Relatively High,1663883.792,5.01817E-05,687.4888642,0,1664571.281,92.01681659,Relatively High,0.001149198,6.52218E-09,0,77.97402353,1676320.849,89.2773477,Relatively High,2,,,,,,,,,,Not Applicable,,,,,,Not Applicable,,,,,,Not Applicable,,0,0,0,0,0,0,0,0.3,0.000206506,0.002785553,No Rating,0,0,0,0,0,0,No Expected Annual Losses,0,0,0,0,0,0,No Rating,December 2025,14845.42012,13347477.86
238,06085507302,Census Tract 5073.02,11872459,0,California,Santa Clara County,2654,764,157,28.8,238,7,20713,T06085507003,California,CA,06,Santa Clara,County,085,06085,507003,06085507003,2793,1174276511,0,3.71664735,97.26237754,7.460793818,3.71664735,1174276511,2793,38264100000,0,39438376511,58,2.071428571,0.869673109,1174276238,0,0,0,1174276238,0.000380513,1.09048E-06,0.014568827,Relatively High,925571.8351,0,0,0,925571.8351,73.80510604,Relatively Moderate,0.000788206,0,0,54.23585504,804857.7595,61.39036543,Relatively Moderate,1,,,,,,,,,,Not Applicable,,,,,,Not Applicable,,,,,,Not Applicable,,0.005690702,0.098255609,93098970.41,266.2925932,3648208527,0,3741307497,0.3,0.000206506,0.002785553,Relatively High,171013.9796,0.000286873,3930.1564,0,174944.136,96.21133745,Relatively Moderate,0.000145633,1.02711E-07,0,98.04858906,152127.7334,95.54540806,Relatively Moderate,December 2025,20898.47381,18765653.4
239,06085507401,Census Tract 5074.01,3227766,0,California,Santa Clara County,5800,1535,310,26.5,239,4,20714,T06085507401,California,CA,06,Santa Clara,County,085,06085,507401,06085507401,5709,1625218884,0,1.25882874,111,8.526315789,1.25882874,1625218884,5709,78213300000,0,79838518884,58,2.071428571,1.01916119,1625218554,27.25681848,373418413.2,0,1998636967,0.00113634,1.09048E-06,0.014568827,Very High,3825516.064,6.15691E-05,843.4967161,0,3826359.561,99.31066069,Very High,0.002353847,1.07846E-08,0,96.78347465,4035243.713,98.97018777,Very High,1,,,,,,,,,,Not Applicable,,,,,,Not Applicable,,,,,,Not Applicable,,1E-05,0.019394749,24912606.01,91.17804714,1249139246,0,1274051852,0.3,0.000206506,0.002785553,Very Low,74.73781614,1.88288E-07,2.579547426,0,77.31736357,36.79497699,Very Low,4.59863E-08,3.29809E-11,0,35.22647545,81.53818277,36.48222801,Very Low,December 2025,10652.18789,5108521.541
240,06085507402,Census Tract 5074.02,2417399,0,California,Santa Clara County,3922,1113,217,28.4,240,5,20715,T06085506202,California,CA,06,Santa Clara,County,085,06085,506202,06085506202,7512,1410003234,0,0.98077005,111,8.526315789,0.98077005,1410003234,7512,1.02914E+11,0,1.04324E+11,58,2.071428571,0.782266102,1410002936,54.11907459,741431321.8,0,2151434258,0.000647091,1.09048E-06,0.014568827,Relatively High,1889972.108,0.000122247,1674.783201,0,1891646.891,94.20814055,Relatively High,0.001340403,1.62736E-08,0,84.61963032,2381525.565,95.33135933,Relatively High,2,,,,,,,,,,Not Applicable,,,,,,Not Applicable,,,,,,Not Applicable,,9.25769E-06,0.023217279,39454478.29,184.8640431,2532637391,0,2572091869,0.3,0.000206506,0.002785553,Very Low,110.217553,3.4335E-07,4.703890469,0,114.9214435,41.2210291,Very Low,7.81683E-08,4.57068E-11,0,40.36721249,144.6825815,42.95958046,Very Low,December 2025,11490.28544,3825294.005
241,06085507500,Census Tract 5075,3692256,0,California,Santa Clara County,5955,1529,341,25.7,241,4,20716,T06085507301,California,CA,06,Santa Clara,County,085,06085,507301,06085507301,6719,2733795672,0,3.2915961,111,8.526315789,3.2915961,2733795672,6719,92050300000,0,94784095672,58,2.071428571,2.165870071,2733795172,61.60024137,843923306.8,0,3577718479,0.000418538,1.09048E-06,0.014568827,Relatively Moderate,2370120.176,0.000139146,1906.297367,0,2372026.474,96.90325763,Very High,0.00086697,2.07093E-08,0,60.94722503,2884432.332,97.1757459,Very High,1,,,,,,,,,,Not Applicable,,,,,,Not Applicable,,,,,,Not Applicable,,8.7636E-06,0.173061989,213884336.8,510.4034758,6992527618,0,7206411955,0.3,0.000206506,0.002785553,Very Low,561.4396381,9.40966E-07,12.89124014,0,574.3308782,60.84216284,Very Low,2.0537E-07,1.40046E-10,0,54.79528617,698.398004,62.29650506,Very Low,December 2025,10894.22291,5841538.667
242,06085507600,Census Tract 5076,13873391,0,California,Santa Clara County,6144,1382,251,22.5,242,6,20717,T06085507302,California,CA,06,Santa Clara,County,085,06085,507302,06085507302,2873,1324403425,0,4.6302594,97.68016112,7.493198099,4.630258425,1324403425,2873,39360100000,0,40684503425,58,2.071428571,1.057902975,1324403130,11.11927403,152334054.2,0,1476737184,0.000389698,1.09048E-06,0.014568827,Relatively High,1069100.51,2.51168E-05,344.0999961,0,1069444.609,79.57817601,Relatively High,0.000807232,8.74236E-09,0,56.07017873,1172060.763,78.29189112,Relatively Moderate,1,,,,,,,,,,Not Applicable,,,,,,Not Applicable,,,,,,Not Applicable,,0.004940652,0.276986832,255453101.3,670.5205851,9186132015,0,9441585116,0.3,0.000206506,0.002785553,Relatively High,351151.5577,0.00067195,9205.715196,0,360357.2729,97.64903143,Relatively High,0.000265139,2.33884E-07,0,98.63127728,394934.5449,97.56935773,Relatively High,December 2025,24725.05303,21947318.74
243,06085507701,Census Tract 5077.01,2641025,2520,California,Santa Clara County,3788,846,150,22.3,243,7,20718,T06085507701,California,CA,06,Santa Clara,County,085,06085,507701,06085507701,4092,1709429785,0,1.03098255,110.9322397,8.520172382,1.030981306,1709429785,4092,56060400000,0,57769829785,58,2.071428571,0.737198169,1709429456,220.9187575,3026586977,0,4736016433,0.000496845,1.09048E-06,0.014568827,Relatively Moderate,1759308.162,0.000499023,6836.610317,0,1766144.772,93.10190948,Relatively High,0.001029178,1.21951E-07,0,71.76292364,1340482.975,83.11750086,Relatively High,1,,,,,,,,,,Not Applicable,,,,,,Not Applicable,,,,,,Not Applicable,,1E-05,0.008690613,30127094.73,20.55248137,281568994.8,0,311696089.5,0.3,0.000206506,0.002785553,Relatively Low,90.38128191,4.24421E-08,0.581456854,0,90.96273876,38.55731155,Very Low,5.28722E-08,1.0372E-11,0,37.48350041,69.0396419,34.72108261,Very Low,December 2025,12896.93081,4187417.35
244,06085507702,Census Tract 5077.02,7698491,177023,California,Santa Clara County,6464,1235,227,19.1,244,8,20719,T06085507401,California,CA,06,Santa Clara,County,085,06085,507401,06085507401,5709,1625218884,0,1.25882874,111,8.526315789,1.25882874,1625218884,5709,78213300000,0,79838518884,58,2.071428571,1.01916119,1625218554,27.25681848,373418413.2,0,1998636967,0.00113634,1.09048E-06,0.014568827,Very High,3825516.064,6.15691E-05,843.4967161,0,3826359.561,99.31066069,Very High,0.002353847,1.07846E-08,0,96.78347465,4035243.713,98.97018777,Very High,1,,,,,,,,,,Not Applicable,,,,,,Not Applicable,,,,,,Not Applicable,,1E-05,0.019394749,24912606.01,91.17804714,1249139246,0,1274051852,0.3,0.000206506,0.002785553,Very Low,74.73781614,1.88288E-07,2.579547426,0,77.31736357,36.79497699,Very Low,4.59863E-08,3.29809E-11,0,35.22647545,81.53818277,36.48222801,Very Low,December 2025,16935.44568,12467917.98
245,06085507704,Census Tract 5077.04,1325636,0,California,Santa Clara County,3367,703,170,20.9,245,3,20720,T06085507701,California,CA,06,Santa Clara,County,085,06085,507701,06085507701,4092,1709429785,0,1.03098255,110.9322397,8.520172382,1.030981306,1709429785,4092,56060400000,0,57769829785,58,2.071428571,0.737198169,1709429456,220.9187575,3026586977,0,4736016433,0.000496845,1.09048E-06,0.014568827,Relatively Moderate,1759308.162,0.000499023,6836.610317,0,1766144.772,93.10190948,Relatively High,0.001029178,1.21951E-07,0,71.76292364,1340482.975,83.11750086,Relatively High,1,,,,,,,,,,Not Applicable,,,,,,Not Applicable,,,,,,Not Applicable,,1E-05,0.008690613,30127094.73,20.55248137,281568994.8,0,311696089.5,0.3,0.000206506,0.002785553,Relatively Low,90.38128191,4.24421E-08,0.581456854,0,90.96273876,38.55731155,Very Low,5.28722E-08,1.0372E-11,0,37.48350041,69.0396419,34.72108261,Very Low,December 2025,6579.285236,2100209.314
246,06085507705,Census Tract 5077.05,5238599,82312,California,Santa Clara County,3953,863,194,21.8,246,4,20721,T06085507701,California,CA,06,Santa Clara,County,085,06085,507701,06085507701,4092,1709429785,0,1.03098255,110.9322397,8.520172382,1.030981306,1709429785,4092,56060400000,0,57769829785,58,2.071428571,0.737198169,1709429456,220.9187575,3026586977,0,4736016433,0.000496845,1.09048E-06,0.014568827,Relatively Moderate,1759308.162,0.000499023,6836.610317,0,1766144.772,93.10190948,Relatively High,0.001029178,1.21951E-07,0,71.76292364,1340482.975,83.11750086,Relatively High,1,,,,,,,,,,Not Applicable,,,,,,Not Applicable,,,,,,Not Applicable,,1E-05,0.008690613,30127094.73,20.55248137,281568994.8,0,311696089.5,0.3,0.000206506,0.002785553,Relatively Low,90.38128191,4.24421E-08,0.581456854,0,90.96273876,38.55731155,Very Low,5.28722E-08,1.0372E-11,0,37.48350041,69.0396419,34.72108261,Very Low,December 2025,14369.17663,8426144.88
247,06085507805,Census Tract 5078.05,2098242,0,California,Santa Clara County,4888,531,131,10.9,247,6,20722,T06085507701,California,CA,06,Santa Clara,County,085,06085,507701,06085507701,4092,1709429785,0,1.03098255,110.9322397,8.520172382,1.030981306,1709429785,4092,56060400000,0,57769829785,58,2.071428571,0.737198169,1709429456,220.9187575,3026586977,0,4736016433,0.000496845,1.09048E-06,0.014568827,Relatively Moderate,1759308.162,0.000499023,6836.610317,0,1766144.772,93.10190948,Relatively High,0.001029178,1.21951E-07,0,71.76292364,1340482.975,83.11750086,Relatively High,1,,,,,,,,,,Not Applicable,,,,,,Not Applicable,,,,,,Not Applicable,,1E-05,0.008690613,30127094.73,20.55248137,281568994.8,0,311696089.5,0.3,0.000206506,0.002785553,Relatively Low,90.38128191,4.24421E-08,0.581456854,0,90.96273876,38.55731155,Very Low,5.28722E-08,1.0372E-11,0,37.48350041,69.0396419,34.72108261,Very Low,December 2025,12298.67457,3324804.001
248,06085507806,Census Tract 5078.06,1884224,0,California,Santa Clara County,5657,439,105,7.8,248,5,20723,T06085507701,California,CA,06,Santa Clara,County,085,06085,507701,06085507701,4092,1709429785,0,1.03098255,110.9322397,8.520172382,1.030981306,1709429785,4092,56060400000,0,57769829785,58,2.071428571,0.737198169,1709429456,220.9187575,3026586977,0,4736016433,0.000496845,1.09048E-06,0.014568827,Relatively Moderate,1759308.162,0.000499023,6836.610317,0,1766144.772,93.10190948,Relatively High,0.001029178,1.21951E-07,0,71.76292364,1340482.975,83.11750086,Relatively High,1,,,,,,,,,,Not Applicable,,,,,,Not Applicable,,,,,,Not Applicable,,1E-05,0.008690613,30127094.73,20.55248137,281568994.8,0,311696089.5,0.3,0.000206506,0.002785553,Relatively Low,90.38128191,4.24421E-08,0.581456854,0,90.96273876,38.55731155,Very Low,5.28722E-08,1.0372E-11,0,37.48350041,69.0396419,34.72108261,Very Low,December 2025,6950.543433,2985291.738
249,06085507807,Census Tract 5078.07,997039,0,California,Santa Clara County,3115,432,112,13.9,249,4,20724,T06085507807,California,CA,06,Santa Clara,County,085,06085,507807,06085507807,3191,669756268,0,0.38884521,111,8.526315789,0.388844336,669756268,3191,43716700000,0,44386456268,58,2.071428571,0.318412056,669756149.4,10.88744268,149157964.7,0,818914114.1,0.000625373,1.09048E-06,0.014568827,Relatively High,867612.3671,2.45931E-05,336.9256817,0,867949.2928,70.97493952,Relatively Moderate,0.001295415,7.70702E-09,0,83.30906358,770567.716,59.22252744,Relatively Moderate,1,,,,,,,,,,Not Applicable,,,,,,Not Applicable,,,,,,Not Applicable,,1E-05,0.003967594,7873506.116,35.10461042,480933162.8,0,488806668.9,0.3,0.000206506,0.002785553,Very Low,23.62051775,7.24931E-08,0.993155812,0,24.61367356,26.9023581,Very Low,3.52673E-08,2.2718E-11,0,32.78513075,21.85208557,25.5419595,Very Low,December 2025,6162.800504,1578996.625
250,06085507808,Census Tract 5078.08,1701487,0,California,Santa Clara County,5720,629,121,11,250,4,20725,T06085507401,California,CA,06,Santa Clara,County,085,06085,507401,06085507401,5709,1625218884,0,1.25882874,111,8.526315789,1.25882874,1625218884,5709,78213300000,0,79838518884,58,2.071428571,1.01916119,1625218554,27.25681848,373418413.2,0,1998636967,0.00113634,1.09048E-06,0.014568827,Very High,3825516.064,6.15691E-05,843.4967161,0,3826359.561,99.31066069,Very High,0.002353847,1.07846E-08,0,96.78347465,4035243.713,98.97018777,Very High,1,,,,,,,,,,Not Applicable,,,,,,Not Applicable,,,,,,Not Applicable,,1E-05,0.019394749,24912606.01,91.17804714,1249139246,0,1274051852,0.3,0.000206506,0.002785553,Very Low,74.73781614,1.88288E-07,2.579547426,0,77.31736357,36.79497699,Very Low,4.59863E-08,3.29809E-11,0,35.22647545,81.53818277,36.48222801,Very Low,December 2025,6837.909806,2693915.481
251,06085507903,Census Tract 5079.03,1502905,0,California,Santa Clara County,5037,938,199,18.6,251,3,20726,T06085507401,California,CA,06,Santa Clara,County,085,06085,507401,06085507401,5709,1625218884,0,1.25882874,111,8.526315789,1.25882874,1625218884,5709,78213300000,0,79838518884,58,2.071428571,1.01916119,1625218554,27.25681848,373418413.2,0,1998636967,0.00113634,1.09048E-06,0.014568827,Very High,3825516.064,6.15691E-05,843.4967161,0,3826359.561,99.31066069,Very High,0.002353847,1.07846E-08,0,96.78347465,4035243.713,98.97018777,Very High,1,,,,,,,,,,Not Applicable,,,,,,Not Applicable,,,,,,Not Applicable,,1E-05,0.019394749,24912606.01,91.17804714,1249139246,0,1274051852,0.3,0.000206506,0.002785553,Very Low,74.73781614,1.88288E-07,2.579547426,0,77.31736357,36.79497699,Very Low,4.59863E-08,3.29809E-11,0,35.22647545,81.53818277,36.48222801,Very Low,December 2025,6803.593101,2379525.727
252,06085507904,Census Tract 5079.04,1278385,0,California,Santa Clara County,2963,592,136,20,252,4,20727,T06085506202,California,CA,06,Santa Clara,County,085,06085,506202,06085506202,7512,1410003234,0,0.98077005,111,8.526315789,0.98077005,1410003234,7512,1.02914E+11,0,1.04324E+11,58,2.071428571,0.782266102,1410002936,54.11907459,741431321.8,0,2151434258,0.000647091,1.09048E-06,0.014568827,Relatively High,1889972.108,0.000122247,1674.783201,0,1891646.891,94.20814055,Relatively High,0.001340403,1.62736E-08,0,84.61963032,2381525.565,95.33135933,Relatively High,2,,,,,,,,,,Not Applicable,,,,,,Not Applicable,,,,,,Not Applicable,,9.25769E-06,0.023217279,39454478.29,184.8640431,2532637391,0,2572091869,0.3,0.000206506,0.002785553,Very Low,110.217553,3.4335E-07,4.703890469,0,114.9214435,41.2210291,Very Low,7.81683E-08,4.57068E-11,0,40.36721249,144.6825815,42.95958046,Very Low,December 2025,6397.768919,2024002.363
253,06085507905,Census Tract 5079.05,1460207,0,California,Santa Clara County,6596,640,173,9.7,253,3,20728,T06085507401,California,CA,06,Santa Clara,County,085,06085,507401,06085507401,5709,1625218884,0,1.25882874,111,8.526315789,1.25882874,1625218884,5709,78213300000,0,79838518884,58,2.071428571,1.01916119,1625218554,27.25681848,373418413.2,0,1998636967,0.00113634,1.09048E-06,0.014568827,Very High,3825516.064,6.15691E-05,843.4967161,0,3826359.561,99.31066069,Very High,0.002353847,1.07846E-08,0,96.78347465,4035243.713,98.97018777,Very High,1,,,,,,,,,,Not Applicable,,,,,,Not Applicable,,,,,,Not Applicable,,1E-05,0.019394749,24912606.01,91.17804714,1249139246,0,1274051852,0.3,0.000206506,0.002785553,Very Low,74.73781614,1.88288E-07,2.579547426,0,77.31736357,36.79497699,Very Low,4.59863E-08,3.29809E-11,0,35.22647545,81.53818277,36.48222801,Very Low,December 2025,6883.34871,2311915.591
254,06085507906,Census Tract 5079.06,1425952,0,California,Santa Clara County,4499,724,150,16.1,254,4,20729,T06085507401,California,CA,06,Santa Clara,County,085,06085,507401,06085507401,5709,1625218884,0,1.25882874,111,8.526315789,1.25882874,1625218884,5709,78213300000,0,79838518884,58,2.071428571,1.01916119,1625218554,27.25681848,373418413.2,0,1998636967,0.00113634,1.09048E-06,0.014568827,Very High,3825516.064,6.15691E-05,843.4967161,0,3826359.561,99.31066069,Very High,0.002353847,1.07846E-08,0,96.78347465,4035243.713,98.97018777,Very High,1,,,,,,,,,,Not Applicable,,,,,,Not Applicable,,,,,,Not Applicable,,1E-05,0.019394749,24912606.01,91.17804714,1249139246,0,1274051852,0.3,0.000206506,0.002785553,Very Low,74.73781614,1.88288E-07,2.579547426,0,77.31736357,36.79497699,Very Low,4.59863E-08,3.29809E-11,0,35.22647545,81.53818277,36.48222801,Very Low,December 2025,6722.276938,2257643.567
255,06085508003,Census Tract 5080.03,798107,0,California,Santa Clara County,2236,254,79,11.4,255,4,20730,T06085507903,California,CA,06,Santa Clara,County,085,06085,507903,06085507903,4888,999804272,13524,0.58613295,111,8.526315789,0.58613295,999804272,4888,66965600000,13524,67965417796,58,2.071428571,0.495483533,999804075.5,0,0,0,999804075.5,0.001033961,1.09048E-06,0.014568827,Very High,2141356.833,0,0,0,2141356.833,95.84282594,Very High,0.002141776,0,0,95.68898701,1625264.487,88.54958201,Relatively High,1,,,,,,,,,,Not Applicable,,,,,,Not Applicable,,,,,,Not Applicable,,0,0,0,0,0,0,0,0.3,0.000206506,0.002785553,No Rating,0,0,0,0,0,0,No Expected Annual Losses,0,0,0,0,0,0,No Rating,December 2025,5055.012049,1264106.765
256,06085508004,Census Tract 5080.04,1446535,0,California,Santa Clara County,6131,572,149,9.3,256,6,20731,T06085506202,California,CA,06,Santa Clara,County,085,06085,506202,06085506202,7512,1410003234,0,0.98077005,111,8.526315789,0.98077005,1410003234,7512,1.02914E+11,0,1.04324E+11,58,2.071428571,0.782266102,1410002936,54.11907459,741431321.8,0,2151434258,0.000647091,1.09048E-06,0.014568827,Relatively High,1889972.108,0.000122247,1674.783201,0,1891646.891,94.20814055,Relatively High,0.001340403,1.62736E-08,0,84.61963032,2381525.565,95.33135933,Relatively High,2,,,,,,,,,,Not Applicable,,,,,,Not Applicable,,,,,,Not Applicable,,9.25769E-06,0.023217279,39454478.29,184.8640431,2532637391,0,2572091869,0.3,0.000206506,0.002785553,Very Low,110.217553,3.4335E-07,4.703890469,0,114.9214435,41.2210291,Very Low,7.81683E-08,4.57068E-11,0,40.36721249,144.6825815,42.95958046,Very Low,December 2025,6148.938272,2291105.347
257,06085508005,Census Tract 5080.05,1053936,0,California,Santa Clara County,3835,787,173,20.5,257,4,20732,T06085507905,California,CA,06,Santa Clara,County,085,06085,507905,06085507905,6188,1033667227,31553,0.56948073,111,8.526315789,0.569480445,1033667227,6188,84775600000,31553,85809298780,58,2.071428571,0.446587144,1033667034,63.14651459,865107249.9,0,1898774284,0.000884913,1.09048E-06,0.014568827,Relatively High,1894746.884,0.000142639,1954.148747,0,1896701.033,94.24924255,Relatively High,0.001833034,2.30508E-08,0,93.16414966,1439573.631,85.32577028,Relatively High,1,,,,,,,,,,Not Applicable,,,,,,Not Applicable,,,,,,Not Applicable,,8E-06,0.041554718,102774343.5,570.3255435,7813459945,0,7916234289,0.3,0.000206506,0.002785553,Very Low,246.6584237,9.42205E-07,12.90821084,0,259.5666345,50.85797867,Very Low,2.38625E-07,1.52263E-10,0,55.60629303,197.0080029,46.78153949,Very Low,December 2025,5397.857064,1669306.357
258,06085508006,Census Tract 5080.06,1217035,0,California,Santa Clara County,3817,653,200,17.1,258,3,20733,T06085507906,California,CA,06,Santa Clara,County,085,06085,507906,06085507906,4508,876970604,0,0.55612128,111,8.526315789,0.556121077,876970604,4508,61759600000,0,62636570604,58,2.071428571,0.492196917,876970429.8,61.29076962,839683543.8,0,1716653974,0.000972004,1.09048E-06,0.014568827,Relatively High,1765723.989,0.000138447,1896.720373,0,1767620.71,93.11247857,Relatively High,0.002013436,3.07113E-08,0,94.73894356,1341603.194,83.14960817,Relatively High,1,,,,,,,,,,Not Applicable,,,,,,Not Applicable,,,,,,Not Applicable,,0,0,0,0,0,0,0,0.3,0.000206506,0.002785553,No Rating,0,0,0,0,0,0,No Expected Annual Losses,0,0,0,0,0,0,No Rating,December 2025,5731.482585,1927602.117
259,06085508101,Census Tract 5081.01,2652134,0,California,Santa Clara County,6679,799,204,12,259,4,20734,T06085508005,California,CA,06,Santa Clara,County,085,06085,508005,06085508005,4321,1011488494,0,0.41103504,111,8.526315789,0.411034482,1011488494,4321,59197700000,0,60209188494,58,2.071428571,0.338162477,1011488274,41.98247707,575159935.8,0,1586648209,0.00056512,1.09048E-06,0.014568827,Relatively High,1184054.177,9.48322E-05,1299.200843,0,1185353.378,83.18340888,Relatively High,0.001170606,2.19468E-08,0,78.78901754,1315526.29,82.47297635,Relatively High,1,,,,,,,,,,Not Applicable,,,,,,Not Applicable,,,,,,Not Applicable,,1E-05,0.000252592,544353.0096,1.48984653,20410897.47,0,20955250.48,0.3,0.000206506,0.002785553,Very Low,1.633058988,3.07662E-09,0.042149727,0,1.675208714,20.01236726,Very Low,1.61451E-09,7.12016E-13,0,25.64303806,1.859176467,20.02782634,Very Low,December 2025,8223.407232,4202138.396
260,06085508102,Census Tract 5081.02,2722978,0,California,Santa Clara County,3693,386,106,10.5,260,7,20735,T06085506101,California,CA,06,Santa Clara,County,085,06085,506101,06085506101,4829,782937435,0,0.58737666,111,8.526315789,0.58737666,782937435,4829,66157300000,0,66940237435,58,2.071428571,0.507280419,782937290.2,29.70839159,407004964.8,0,1189942255,0.000941688,1.09048E-06,0.014568827,Relatively High,1527228.043,6.71068E-05,919.3637461,0,1528147.407,90.29522982,Relatively High,0.001950639,1.38966E-08,0,94.27272941,2118014.036,93.76285779,Relatively High,2,,,,,,,,,,Not Applicable,,,,,,Not Applicable,,,,,,Not Applicable,,1E-05,0.000304914,420438.3147,2.616864137,35851038.68,0,36271476.99,0.3,0.000206506,0.002785553,Very Low,1.261314912,5.40398E-09,0.074034544,0,1.335349456,19.85777651,Very Low,1.611E-09,1.11907E-12,0,25.01516179,1.850795858,20.02544802,Very Low,December 2025,8345.119621,4314392.309
261,06085508203,Census Tract 5082.03,1563572,0,California,Santa Clara County,5511,866,167,15.7,261,3,20736,T06085508101,California,CA,06,Santa Clara,County,085,06085,508101,06085508101,6726,1633798882,0,1.03433226,111,8.526315789,1.03433226,1633798882,6726,92146200000,0,93779998882,58,2.071428571,0.752250652,1633798545,0,0,0,1633798545,0.000537509,1.09048E-06,0.014568827,Relatively High,1819089.604,0,0,0,1819089.604,93.59513352,Relatively High,0.001113411,0,0,76.36165066,1380667.475,84.04504537,Relatively High,1,,,,,,,,,,Not Applicable,,,,,,Not Applicable,,,,,,Not Applicable,,1E-05,0.020500417,26842649.02,119.2310692,1633465648,0,1660308297,0.3,0.000206506,0.002785553,Very Low,80.52794503,2.46219E-07,3.373204485,0,83.90114952,37.65236108,Very Low,4.92888E-08,3.66071E-11,0,35.640303,63.67997926,33.88986004,Very Low,December 2025,7744.811295,2478349.349
262,06085508204,Census Tract 5082.04,1019067,0,California,Santa Clara County,4725,528,127,11.2,262,6,20737,T06085508101,California,CA,06,Santa Clara,County,085,06085,508101,06085508101,6726,1633798882,0,1.03433226,111,8.526315789,1.03433226,1633798882,6726,92146200000,0,93779998882,58,2.071428571,0.752250652,1633798545,0,0,0,1633798545,0.000537509,1.09048E-06,0.014568827,Relatively High,1819089.604,0,0,0,1819089.604,93.59513352,Relatively High,0.001113411,0,0,76.36165066,1380667.475,84.04504537,Relatively High,1,,,,,,,,,,Not Applicable,,,,,,Not Applicable,,,,,,Not Applicable,,1E-05,0.020500417,26842649.02,119.2310692,1633465648,0,1660308297,0.3,0.000206506,0.002785553,Very Low,80.52794503,2.46219E-07,3.373204485,0,83.90114952,37.65236108,Very Low,4.92888E-08,3.66071E-11,0,35.640303,63.67997926,33.88986004,Very Low,December 2025,5941.166517,1615253.164
263,06085508205,Census Tract 5082.05,1237974,0,California,Santa Clara County,4334,408,127,9.4,263,5,20738,T06085505401,California,CA,06,Santa Clara,County,085,06085,505401,06085505401,6492,913782320,0,0.45595485,111,8.526315789,0.45595485,913782320,6492,88940400000,0,89854182320,58,2.071428571,0.387519333,913782123.5,63.43308505,869033265.3,0,1782815389,0.00093353,1.09048E-06,0.014568827,Relatively High,1767018.32,0.000143286,1963.017033,0,1768981.337,93.13596543,Relatively High,0.001933741,2.20712E-08,0,94.09188059,1342635.894,83.178148,Relatively High,2,,,,,,,,,,Not Applicable,,,,,,Not Applicable,,,,,,Not Applicable,,1E-05,0.002468093,3537367.079,28.33820349,388233387.8,0,391770754.9,0.3,0.000206506,0.002785553,Very Low,10.61210097,5.85201E-08,0.80172522,0,11.41382619,23.17672101,Very Low,1.16134E-08,9.01418E-12,0,26.93565457,8.662958961,22.0874508,Very Low,December 2025,6154.211461,1962447.821
264,06085508206,Census Tract 5082.06,1374759,0,California,Santa Clara County,4048,735,196,18.2,264,5,20739,T06085505403,California,CA,06,Santa Clara,County,085,06085,505403,06085505403,8695,1377017376,0,0.5437302,111,8.526315789,0.5437302,1377017376,8695,1.19122E+11,0,1.20499E+11,58,2.071428571,0.455564082,1377017074,39.48380215,540928089.5,0,1917945163,0.000958969,1.09048E-06,0.014568827,Relatively High,2735355.516,8.9188E-05,1221.876188,0,2736577.392,97.89322874,Very High,0.001986435,1.02574E-08,0,94.60859149,2077029.845,93.4620004,Relatively High,2,,,,,,,,,,Not Applicable,,,,,,Not Applicable,,,,,,Not Applicable,,1E-05,0.027262083,76558968.61,407.4968813,5582707274,0,5659266243,0.3,0.000206506,0.002785553,Very Low,229.6769,8.41505E-07,11.52862519,0,241.2055252,49.95897399,Very Low,1.66793E-07,9.67804E-11,0,50.15518533,183.0721383,45.85756246,Very Low,December 2025,6381.707842,2178871.796
265,06085508301,Census Tract 5083.01,1973643,0,California,Santa Clara County,4461,1092,194,24.5,265,4,20740,T06085507805,California,CA,06,Santa Clara,County,085,06085,507805,06085507805,5180,912949171,0,0.81831477,103.2483267,7.82420435,0.81831477,912949171,5180,70966000000,0,71878949171,58,2.071428571,0.482897093,912948972.6,36.32334603,497629840.6,0,1410578813,0.000670935,1.09048E-06,0.014568827,Relatively High,1268810.994,8.2049E-05,1124.071876,0,1269935.066,85.40291707,Relatively High,0.001389794,1.58396E-08,0,85.92432534,1107344.242,76.09432414,Relatively Moderate,1,,,,,,,,,,Not Applicable,,,,,,Not Applicable,,,,,,Not Applicable,,0,0,0,0,0,0,0,0.3,0.000206506,0.002785553,No Rating,0,0,0,0,0,0,No Expected Annual Losses,0,0,0,0,0,0,No Rating,December 2025,7305.8281,3128308.214
266,06085508303,Census Tract 5083.03,1234338,0,California,Santa Clara County,2647,720,147,27.2,266,4,20741,T06085507805,California,CA,06,Santa Clara,County,085,06085,507805,06085507805,5180,912949171,0,0.81831477,103.2483267,7.82420435,0.81831477,912949171,5180,70966000000,0,71878949171,58,2.071428571,0.482897093,912948972.6,36.32334603,497629840.6,0,1410578813,0.000670935,1.09048E-06,0.014568827,Relatively High,1268810.994,8.2049E-05,1124.071876,0,1269935.066,85.40291707,Relatively High,0.001389794,1.58396E-08,0,85.92432534,1107344.242,76.09432414,Relatively Moderate,1,,,,,,,,,,Not Applicable,,,,,,Not Applicable,,,,,,Not Applicable,,0,0,0,0,0,0,0,0.3,0.000206506,0.002785553,No Rating,0,0,0,0,0,0,No Expected Annual Losses,0,0,0,0,0,0,No Rating,December 2025,6027.037426,1956484.114
267,06085508305,Census Tract 5083.05,426121,0,California,Santa Clara County,5284,414,168,7.8,267,5,20742,T06085507805,California,CA,06,Santa Clara,County,085,06085,507805,06085507805,5180,912949171,0,0.81831477,103.2483267,7.82420435,0.81831477,912949171,5180,70966000000,0,71878949171,58,2.071428571,0.482897093,912948972.6,36.32334603,497629840.6,0,1410578813,0.000670935,1.09048E-06,0.014568827,Relatively High,1268810.994,8.2049E-05,1124.071876,0,1269935.066,85.40291707,Relatively High,0.001389794,1.58396E-08,0,85.92432534,1107344.242,76.09432414,Relatively Moderate,1,,,,,,,,,,Not Applicable,,,,,,Not Applicable,,,,,,Not Applicable,,0,0,0,0,0,0,0,0.3,0.000206506,0.002785553,No Rating,0,0,0,0,0,0,No Expected Annual Losses,0,0,0,0,0,0,No Rating,December 2025,3448.079747,675336.5708
268,06085508306,Census Tract 5083.06,869531,0,California,Santa Clara County,2980,648,239,21.7,268,3,20743,T06085508203,California,CA,06,Santa Clara,County,085,06085,508203,06085508203,5573,1025929639,132934,0.60979308,111,8.526315789,0.609792959,1025929639,5573,76350100000,132934,77376162573,58,2.071428571,0.521821273,1025929445,84.15108521,1152869867,0,2178799313,0.000550798,1.09048E-06,0.014568827,Relatively Moderate,1170522.954,0.000190085,2604.161747,0,1173127.116,82.89804354,Relatively High,0.001140939,3.41082E-08,0,77.46435869,890389.5932,66.48472524,Relatively Moderate,1,,,,,,,,,,Not Applicable,,,,,,Not Applicable,,,,,,Not Applicable,,0,0,0,0,0,0,0,0.3,0.000206506,0.002785553,No Rating,0,0,0,0,0,0,No Expected Annual Losses,0,0,0,0,0,0,No Rating,December 2025,5328.965164,1378333.11
269,06085508401,Census Tract 5084.01,2489807,0,California,Santa Clara County,8061,873,198,10.8,269,7,20744,T06085508301,California,CA,06,Santa Clara,County,085,06085,508301,06085508301,4689,1029804394,0,0.76972077,97.39497482,7.29403679,0.769719678,1029804394,4689,64239300000,0,65269104394,58,2.071428571,0.62949617,1029804195,68.62586141,940174301.3,0,1969978497,0.000883978,1.09048E-06,0.014568827,Relatively High,1885671.303,0.000155016,2123.714063,0,1887795.017,94.17878197,Relatively High,0.001831097,3.30594E-08,0,93.12657068,1940986.241,92.27165162,Relatively High,1,,,,,,,,,,Not Applicable,,,,,,Not Applicable,,,,,,Not Applicable,,8E-06,0.024650854,37214324.45,138.7884693,1901402030,0,1938616354,0.3,0.000206506,0.002785553,Very Low,89.31437845,2.29285E-07,3.141207412,0,92.45558587,38.74044213,Very Low,8.67295E-08,4.88985E-11,0,41.86674277,95.06064931,38.16132139,Very Low,December 2025,8475.994413,3948311.3
270,06085508403,Census Tract 5084.03,1272926,0,California,Santa Clara County,3176,676,157,21.3,270,5,20745,T06085508203,California,CA,06,Santa Clara,County,085,06085,508203,06085508203,5573,1025929639,132934,0.60979308,111,8.526315789,0.609792959,1025929639,5573,76350100000,132934,77376162573,58,2.071428571,0.521821273,1025929445,84.15108521,1152869867,0,2178799313,0.000550798,1.09048E-06,0.014568827,Relatively Moderate,1170522.954,0.000190085,2604.161747,0,1173127.116,82.89804354,Relatively High,0.001140939,3.41082E-08,0,77.46435869,890389.5932,66.48472524,Relatively Moderate,1,,,,,,,,,,Not Applicable,,,,,,Not Applicable,,,,,,Not Applicable,,0,0,0,0,0,0,0,0.3,0.000206506,0.002785553,No Rating,0,0,0,0,0,0,No Expected Annual Losses,0,0,0,0,0,0,No Rating,December 2025,6014.18766,2018224.2
271,06085508404,Census Tract 5084.04,1864478,0,California,Santa Clara County,6312,900,236,14.3,271,6,20746,T06085508403,California,CA,06,Santa Clara,County,085,06085,508403,06085508403,3092,702043701,0,0.49644114,111,8.526315789,0.49644114,702043701,3092,42360400000,0,43062443701,58,2.071428571,0.42404346,702043556.5,0,0,0,702043556.5,0.000527354,1.09048E-06,0.014568827,Relatively High,766895.2172,0,0,0,766895.2172,65.09265566,Relatively Moderate,0.001092375,0,0,75.32000846,915059.0273,67.79755747,Relatively Moderate,1,,,,,,,,,,Not Applicable,,,,,,Not Applicable,,,,,,Not Applicable,,1E-05,0.022448006,38403927.15,159.1089467,2179792570,0,2218196497,0.3,0.000206506,0.002785553,Very Low,115.2117786,3.2857E-07,4.501402331,0,119.7131809,41.69669295,Very Low,1.64109E-07,1.06264E-10,0,50.47506927,142.8417134,42.7966656,Very Low,December 2025,6925.824025,2956822.029
272,06085508503,Census Tract 5085.03,1468402,0,California,Santa Clara County,6020,674,188,11.2,272,7,20747,T06085508203,California,CA,06,Santa Clara,County,085,06085,508203,06085508203,5573,1025929639,132934,0.60979308,111,8.526315789,0.609792959,1025929639,5573,76350100000,132934,77376162573,58,2.071428571,0.521821273,1025929445,84.15108521,1152869867,0,2178799313,0.000550798,1.09048E-06,0.014568827,Relatively Moderate,1170522.954,0.000190085,2604.161747,0,1173127.116,82.89804354,Relatively High,0.001140939,3.41082E-08,0,77.46435869,890389.5932,66.48472524,Relatively Moderate,1,,,,,,,,,,Not Applicable,,,,,,Not Applicable,,,,,,Not Applicable,,0,0,0,0,0,0,0,0.3,0.000206506,0.002785553,No Rating,0,0,0,0,0,0,No Expected Annual Losses,0,0,0,0,0,0,No Rating,December 2025,7235.213969,2328249.724
273,06085508505,Census Tract 5085.05,1161285,0,California,Santa Clara County,4833,755,178,15.6,273,3,20748,T06085508205,California,CA,06,Santa Clara,County,085,06085,508205,06085508205,3862,698518893,0,0.48280986,111,8.526315789,0.48280986,698518893,3862,52909400000,0,53607918893,58,2.071428571,0.360736861,698518743.1,0,0,0,698518743.1,0.000911644,1.09048E-06,0.014568827,Very High,1319087.094,0,0,0,1319087.094,86.5138455,Relatively High,0.001888406,0,0,93.80886394,1001171.489,71.87399665,Relatively Moderate,2,,,,,,,,,,Not Applicable,,,,,,Not Applicable,,,,,,Not Applicable,,0,0,0,0,0,0,0,0.3,0.000206506,0.002785553,No Rating,0,0,0,0,0,0,No Expected Annual Losses,0,0,0,0,0,0,No Rating,December 2025,6042.864873,1841371.898
274,06085508507,Census Tract 5085.07,379886,0,California,Santa Clara County,3388,163,70,4.8,274,4,20749,T06085505305,California,CA,06,Santa Clara,County,085,06085,505305,06085505305,6114,969160188,0,0.59614815,111,8.526315789,0.596147624,969160188,6114,83761800000,0,84730960188,58,2.071428571,0.508581878,969159991.8,5.862118689,80311026.03,0,1049471018,0.000789928,1.09048E-06,0.014568827,Very High,1585817.096,1.32417E-05,181.4106759,0,1585998.507,91.07147051,Relatively High,0.00163628,2.16579E-09,0,90.78610517,1641891.648,88.81119713,Relatively High,2,,,,,,,,,,Not Applicable,,,,,,Not Applicable,,,,,,Not Applicable,,8E-06,0.007182915,5974008.477,52.96338198,725598333.1,0,731572341.5,0.3,0.000206506,0.002785553,Very Low,14.33762031,8.7498E-08,1.198723272,0,15.53634358,24.36706979,Very Low,1.47939E-08,1.43111E-11,0,27.42439918,16.08386934,24.03172678,Very Low,December 2025,3608.983944,602316.8335
275,06085508508,Census Tract 5085.08,1049443,0,California,Santa Clara County,5873,740,178,12.6,275,5,20750,T06085505305,California,CA,06,Santa Clara,County,085,06085,505305,06085505305,6114,969160188,0,0.59614815,111,8.526315789,0.596147624,969160188,6114,83761800000,0,84730960188,58,2.071428571,0.508581878,969159991.8,5.862118689,80311026.03,0,1049471018,0.000789928,1.09048E-06,0.014568827,Very High,1585817.096,1.32417E-05,181.4106759,0,1585998.507,91.07147051,Relatively High,0.00163628,2.16579E-09,0,90.78610517,1641891.648,88.81119713,Relatively High,2,,,,,,,,,,Not Applicable,,,,,,Not Applicable,,,,,,Not Applicable,,8E-06,0.007182915,5974008.477,52.96338198,725598333.1,0,731572341.5,0.3,0.000206506,0.002785553,Very Low,14.33762031,8.7498E-08,1.198723272,0,15.53634358,24.36706979,Very Low,1.47939E-08,1.43111E-11,0,27.42439918,16.08386934,24.03172678,Very Low,December 2025,6917.92427,1664145.238
276,06085508509,Census Tract 5085.09,543785,0,California,Santa Clara County,4240,811,272,19.1,276,2,20751,T06085508509,California,CA,06,Santa Clara,County,085,06085,508509,06085508509,4231,653547105,0,0.21207615,111,8.526315789,0.212075674,653547105,4231,57964700000,0,58618247105,58,2.071428571,0.154066888,653546996.2,51.66584897,707822130.9,0,1361369127,0.000454999,1.09048E-06,0.014568827,Relatively Moderate,615966.3861,0.000116705,1598.865032,0,617565.2511,53.9915917,Relatively Moderate,0.000942497,2.75834E-08,0,66.4032224,774139.0778,59.46630516,Relatively Moderate,1,,,,,,,,,,Not Applicable,,,,,,Not Applicable,,,,,,Not Applicable,,1E-05,3.81377E-14,0.000259283,1.73287E-09,0.023740287,0,0.02399957,0.3,0.000206506,0.002785553,Very Low,7.77848E-10,3.57848E-18,4.90251E-11,0,8.26873E-10,18.84817999,Very Low,1.19019E-18,8.45775E-22,0,24.49668819,1.03651E-09,18.85055831,Very Low,December 2025,4516.400742,862388.794
277,06085508510,Census Tract 5085.10,736752,0,California,Santa Clara County,3606,234,101,6.5,277,2,20752,T06085508505,California,CA,06,Santa Clara,County,085,06085,508505,06085508505,4741,825300970,0,0.45290115,111,8.526315789,0.45290115,825300970,4741,64951700000,0,65777000970,58,2.071428571,0.354457175,825300763.3,0,0,0,825300763.3,0.000693932,1.09048E-06,0.014568827,Relatively High,1186313.184,0,0,0,1186313.184,83.20924443,Relatively High,0.001437431,0,0,87.16090847,1375380.951,83.92256193,Relatively High,2,,,,,,,,,,Not Applicable,,,,,,Not Applicable,,,,,,Not Applicable,,0,0,0,0,0,0,0,0.3,0.000206506,0.002785553,No Rating,0,0,0,0,0,0,No Expected Annual Losses,0,0,0,0,0,0,No Rating,December 2025,5649.493322,1168267.525
278,06085508601,Census Tract 5086.01,1322543,0,California,Santa Clara County,3914,565,135,14.4,278,6,20753,T06085508404,California,CA,06,Santa Clara,County,085,06085,508404,06085508404,6884,1324660918,0,0.72714642,111,8.526315789,0.727145394,1324660918,6884,94310800000,0,95635460918,58,2.071428571,0.60686763,1324660634,0,0,0,1324660634,0.000440067,1.09048E-06,0.014568827,Relatively High,1207517.115,0,0,0,1207517.115,83.79171853,Relatively High,0.000911567,0,0,64.48552035,916491.1959,67.86890704,Relatively Moderate,1,,,,,,,,,,Not Applicable,,,,,,Not Applicable,,,,,,Not Applicable,,1E-05,0.008492976,23540582.9,125.9910063,1726076786,0,1749617369,0.3,0.000206506,0.002785553,Very Low,70.6217469,2.60179E-07,3.564452037,0,74.18619894,36.37401448,Very Low,5.33131E-08,3.77947E-11,0,36.10526441,56.30644678,32.6864305,Very Low,December 2025,5869.776568,2098012.634
279,06085508602,Census Tract 5086.02,1340637,0,California,Santa Clara County,6074,895,322,14.7,279,5,20754,T06085508404,California,CA,06,Santa Clara,County,085,06085,508404,06085508404,6884,1324660918,0,0.72714642,111,8.526315789,0.727145394,1324660918,6884,94310800000,0,95635460918,58,2.071428571,0.60686763,1324660634,0,0,0,1324660634,0.000440067,1.09048E-06,0.014568827,Relatively High,1207517.115,0,0,0,1207517.115,83.79171853,Relatively High,0.000911567,0,0,64.48552035,916491.1959,67.86890704,Relatively Moderate,1,,,,,,,,,,Not Applicable,,,,,,Not Applicable,,,,,,Not Applicable,,1E-05,0.008492976,23540582.9,125.9910063,1726076786,0,1749617369,0.3,0.000206506,0.002785553,Very Low,70.6217469,2.60179E-07,3.564452037,0,74.18619894,36.37401448,Very Low,5.33131E-08,3.77947E-11,0,36.10526441,56.30644678,32.6864305,Very Low,December 2025,5935.421071,2126541.709
280,06085508705,Census Tract 5087.05,609755,0,California,Santa Clara County,4452,167,82,3.8,280,5,20755,T06085508505,California,CA,06,Santa Clara,County,085,06085,508505,06085508505,4741,825300970,0,0.45290115,111,8.526315789,0.45290115,825300970,4741,64951700000,0,65777000970,58,2.071428571,0.354457175,825300763.3,0,0,0,825300763.3,0.000693932,1.09048E-06,0.014568827,Relatively High,1186313.184,0,0,0,1186313.184,83.20924443,Relatively High,0.001437431,0,0,87.16090847,1375380.951,83.92256193,Relatively High,2,,,,,,,,,,Not Applicable,,,,,,Not Applicable,,,,,,Not Applicable,,0,0,0,0,0,0,0,0.3,0.000206506,0.002785553,No Rating,0,0,0,0,0,0,No Expected Annual Losses,0,0,0,0,0,0,No Rating,December 2025,3936.175522,967143.8523
281,06085508706,Census Tract 5087.06,849072,0,California,Santa Clara County,4295,662,219,15.4,281,5,20756,T06085505301,California,CA,06,Santa Clara,County,085,06085,505301,06085505301,5484,541059829,0,0.35302722,111,8.526315789,0.35302722,541059829,5484,75130800000,0,75671859829,58,2.071428571,0.302523666,541059734.1,727.1165697,9961497005,0,10502556739,0.000825379,1.09048E-06,0.014568827,Very Low,925056.9846,0.001642448,22501.54174,0,947558.5263,74.83617916,Relatively Moderate,0.001709713,2.99498E-07,0,89.76677549,884489.7974,66.16365215,Relatively Moderate,2,,,,,,,,,,Not Applicable,,,,,,Not Applicable,,,,,,Not Applicable,,1E-05,0.002911459,3996766.712,61.22920148,838840060.3,0,842836827,0.3,0.000206506,0.002785553,Very Low,11.99029983,1.26442E-07,1.732255011,0,13.72255484,23.85335284,Very Low,2.21608E-08,2.30565E-11,0,27.50764035,12.8091927,23.19336925,Very Low,December 2025,5429.028821,1346694.344
282,06085508707,Census Tract 5087.07,1108538,0,California,Santa Clara County,3907,293,102,7.5,282,5,20757,T06085508602,California,CA,06,Santa Clara,County,085,06085,508602,06085508602,5461,1292517754,0,0.52284843,111,8.526315789,0.52284843,1292517754,5461,74815700000,0,76108217754,58,2.071428571,0.436389445,1292517523,65.50655677,897439827.8,0,2189957350,0.000274125,1.09048E-06,0.014568827,Relatively Low,733929.6606,0.00014797,2027.183237,0,735956.8438,63.0434272,Relatively Moderate,0.000567829,2.70957E-08,0,29.99037039,558582.5322,42.19376167,Relatively Low,1,,,,,,,,,,Not Applicable,,,,,,Not Applicable,,,,,,Not Applicable,,1E-05,0.015566109,23120264.19,87.66171626,1200965513,0,1224085777,0.3,0.000206506,0.002785553,Very Low,69.36079081,1.81027E-07,2.480065779,0,71.84085659,36.03986063,Very Low,5.36633E-08,3.3149E-11,0,36.67011523,54.5263597,32.41054547,Very Low,December 2025,7002.547437,1758711.885
283,06085508708,Census Tract 5087.08,4892338,0,California,Santa Clara County,6682,148,91,2.2,283,7,20758,T06085505202,California,CA,06,Santa Clara,County,085,06085,505202,06085505202,7692,5836675430,0,3.57381414,111,8.526315789,3.57381414,5836675430,7692,1.0538E+11,0,1.11217E+11,58,2.071428571,2.354813743,5835426162,264.9299156,3629539843,0,9464966005,0.000651523,1.09048E-06,0.014568827,Relatively High,7875395.008,0.000598437,8198.59126,0,7883593.6,99.93071377,Very High,0.001349295,7.78E-08,0,84.83570942,9546801.64,99.92151547,Very High,2,,,,,,,,,,Not Applicable,,,,,,Not Applicable,,,,,,Not Applicable,,1E-05,0.000351,1273474.881,0,0,0,1273474.881,0.3,0.000206506,0.002785553,Relatively Low,3.820424545,0,0,0,3.820424545,20.88045378,Very Low,6.54555E-10,0,0,25.90584234,4.626422564,21.00412638,Very Low,December 2025,11714.88106,7761800.815
284,06085508800,Census Tract 5088,695179,0,California,Santa Clara County,3619,322,105,8.9,284,4,20759,T06085508707,California,CA,06,Santa Clara,County,085,06085,508707,06085508707,4095,984006739,35450,0.43232982,111,8.526315789,0.432329274,984006739,4095,56101500000,35450,57085542189,58,2.071428571,0.330132064,984006537.9,1.643773774,22519700.71,0,1006526239,0.000269147,1.09048E-06,0.014568827,Relatively Moderate,548601.2237,3.71304E-06,50.86865812,0,548652.0924,47.77814313,Relatively Moderate,0.000557518,9.06725E-10,0,28.87239589,416420.4432,28.15335402,Relatively Low,2,,,,,,,,,,Not Applicable,,,,,,Not Applicable,,,,,,Not Applicable,,0,0,0,0,0,0,0,0.3,0.000206506,0.002785553,No Rating,0,0,0,0,0,0,No Expected Annual Losses,0,0,0,0,0,0,No Rating,December 2025,4730.208207,1103068.377
285,06085508900,Census Tract 5089,913577,0,California,Santa Clara County,4428,435,114,9.8,285,2,20760,T06085508708,California,CA,06,Santa Clara,County,085,06085,508708,06085508708,4653,3818555520,0,1.90801182,111,8.526315789,1.90801182,3818555520,4653,63746100000,0,67564655520,58,2.071428571,1.224198479,3818554762,228.8874819,3135758502,0,6954313264,0.000362586,1.09048E-06,0.014568827,Relatively Moderate,2868007.112,0.000517023,7083.212573,0,2875090.324,98.18681448,Very High,0.000751071,1.11116E-07,0,50.58364845,2561892.762,96.14355535,Very High,2,,,,,,,,,,Not Applicable,,,,,,Not Applicable,,,,,,Not Applicable,,0,0,0,0,0,0,0,0.3,0.000206506,0.002785553,No Rating,0,0,0,0,0,0,No Expected Annual Losses,0,0,0,0,0,0,No Rating,December 2025,5471.784928,1449832.607
286,06085509001,Census Tract 5090.01,863575,0,California,Santa Clara County,3031,394,124,13,286,3,20761,T06085508800,California,CA,06,Santa Clara,County,085,06085,508800,06085508800,3609,476596931,0,0.27111981,111,8.526315789,0.27111981,476596931,3609,49443300000,0,49919896931,58,2.071428571,0.215160717,476596842.8,0,0,0,476596842.8,0.000388348,1.09048E-06,0.014568827,Relatively High,383391.3681,0,0,0,383391.3681,30.32623247,Relatively Low,0.000804435,0,0,55.8094746,290989.5098,15.03335593,Relatively Low,2,,,,,,,,,,Not Applicable,,,,,,Not Applicable,,,,,,Not Applicable,,0,0,0,0,0,0,0,0.3,0.000206506,0.002785553,No Rating,0,0,0,0,0,0,No Expected Annual Losses,0,0,0,0,0,0,No Rating,December 2025,5060.435908,1370576.053
287,06085509002,Census Tract 5090.02,673032,0,California,Santa Clara County,4097,374,142,9.1,287,6,20762,T06085508707,California,CA,06,Santa Clara,County,085,06085,508707,06085508707,4095,984006739,35450,0.43232982,111,8.526315789,0.432329274,984006739,4095,56101500000,35450,57085542189,58,2.071428571,0.330132064,984006537.9,1.643773774,22519700.71,0,1006526239,0.000269147,1.09048E-06,0.014568827,Relatively Moderate,548601.2237,3.71304E-06,50.86865812,0,548652.0924,47.77814313,Relatively Moderate,0.000557518,9.06725E-10,0,28.87239589,416420.4432,28.15335402,Relatively Low,2,,,,,,,,,,Not Applicable,,,,,,Not Applicable,,,,,,Not Applicable,,0,0,0,0,0,0,0,0.3,0.000206506,0.002785553,No Rating,0,0,0,0,0,0,No Expected Annual Losses,0,0,0,0,0,0,No Rating,December 2025,5149.421549,1068079.375
288,06085509102,Census Tract 5091.02,3131612,0,California,Santa Clara County,4704,447,130,9.5,288,8,20763,T06085508601,California,CA,06,Santa Clara,County,085,06085,508601,06085508601,4169,778826451,110778,0.51579177,111,8.526315789,0.515791501,778826451,4169,57115300000,110778,57894237229,58,2.071428571,0.421689873,778826269.3,2.987376828,40927062.54,0,819753331.8,0.000334661,1.09048E-06,0.014568827,Relatively Moderate,539902.9485,6.74804E-06,92.44815368,0,539995.3967,46.98898466,Relatively Low,0.000693226,1.61862E-09,0,44.65673955,488491.0337,35.42149763,Relatively Low,1,,,,,,,,,,Not Applicable,,,,,,Not Applicable,,,,,,Not Applicable,,0,0,0,0,0,0,0,0.3,0.000206506,0.002785553,No Rating,0,0,0,0,0,0,No Expected Annual Losses,0,0,0,0,0,0,No Rating,December 2025,10687.34988,4969871.013
289,06085509106,Census Tract 5091.06,985274,0,California,Santa Clara County,4123,463,163,11.2,289,4,20764,T06085508401,California,CA,06,Santa Clara,County,085,06085,508401,06085508401,7168,1304463652,0,0.97102473,108.5158396,8.301312896,0.97102473,1304463652,7168,98201600000,0,99506063652,58,2.071428571,0.769289516,1304463380,36.61379158,501608944.7,0,1806072325,0.000474202,1.09048E-06,0.014568827,Relatively High,1281343.094,8.27051E-05,1133.060081,0,1282476.154,85.68123635,Relatively High,0.000982276,1.15381E-08,0,69.1864152,973384.2192,70.60754165,Relatively Moderate,1,,,,,,,,,,Not Applicable,,,,,,Not Applicable,,,,,,Not Applicable,,9.3102E-06,0.032783418,64264435.47,416.0481032,5699859014,0,5764123449,0.3,0.000206506,0.002785553,Very Low,168.5351627,7.45126E-07,10.20822548,0,178.7433882,46.30468648,Very Low,1.29199E-07,1.03952E-10,0,45.96220851,135.6641157,42.20684242,Very Low,December 2025,5236.819155,1563099.535
290,06085509107,Census Tract 5091.07,467507,0,California,Santa Clara County,5107,156,86,3.1,290,4,20765,T06085508401,California,CA,06,Santa Clara,County,085,06085,508401,06085508401,7168,1304463652,0,0.97102473,108.5158396,8.301312896,0.97102473,1304463652,7168,98201600000,0,99506063652,58,2.071428571,0.769289516,1304463380,36.61379158,501608944.7,0,1806072325,0.000474202,1.09048E-06,0.014568827,Relatively High,1281343.094,8.27051E-05,1133.060081,0,1282476.154,85.68123635,Relatively High,0.000982276,1.15381E-08,0,69.1864152,973384.2192,70.60754165,Relatively Moderate,1,,,,,,,,,,Not Applicable,,,,,,Not Applicable,,,,,,Not Applicable,,9.3102E-06,0.032783418,64264435.47,416.0481032,5699859014,0,5764123449,0.3,0.000206506,0.002785553,Very Low,168.5351627,7.45126E-07,10.20822548,0,178.7433882,46.30468648,Very Low,1.29199E-07,1.03952E-10,0,45.96220851,135.6641157,42.20684242,Very Low,December 2025,4009.11293,741701.4114
291,06085509108,Census Tract 5091.08,2296992,0,California,Santa Clara County,4617,593,200,12.8,291,4,20766,T06085504601,California,CA,06,Santa Clara,County,085,06085,504601,06085504601,1031,1770773802,1710164,10.83767919,67.99146365,4.631578947,7.691758577,1770773802,1031,14124700000,1710164,15897183966,58,2.071428571,1.102855888,1769404850,96.35671247,1320086961,1075819.905,3090567631,0.000288234,1.09048E-06,0.014568827,Relatively Moderate,1056434.345,0.000217655,2981.880317,32466.39916,1091882.625,80.35324236,Relatively High,0.000596595,2.11111E-07,0.018984378,35.48277239,1039326.333,73.46984886,Relatively Moderate,2,73,0.342495687,7.691758577,1579329837,0,0,1579329837,6.86578E-05,0,Relatively Moderate,37137.93348,0,0,37137.93348,61.4213198,Relatively Low,2.09727E-05,0,67.76649746,35350.34934,58.8820827,Relatively Low,,6.35767E-05,0.01407409,9992265.689,2.585055893,35415265.73,9411.274312,45416942.69,0.3,0.000206506,0.002785553,Relatively Low,27.94925266,2.76387E-08,0.378650365,0.000209725,28.32811275,27.80730858,Very Low,1.57836E-08,2.68077E-11,1.22634E-10,29.35321608,26.9645774,26.79176626,Very Low,December 2025,9992.21809,3646190.094
292,06085509109,Census Tract 5091.09,2096588,0,California,Santa Clara County,7153,263,122,3.7,292,4,20767,T06085509102,California,CA,06,Santa Clara,County,085,06085,509102,06085509102,5094,2179697887,8864,1.22553678,104.9887617,7.981846595,1.225534428,2179697887,5094,69787800000,8864,71967506751,58,2.071428571,0.707575178,2179697490,0.03188941,436884.9174,0,2180134375,0.000233818,1.09048E-06,0.014568827,Relatively Moderate,1055709.844,7.20334E-08,0.98685812,0,1055710.83,79.08260328,Relatively High,0.000484338,1.41408E-11,0,20.00728093,801272.0227,61.16204678,Relatively Moderate,1,,,,,,,,,,Not Applicable,,,,,,Not Applicable,,,,,,Not Applicable,,0,0,0,0,0,0,0,0.3,0.000206506,0.002785553,No Rating,0,0,0,0,0,0,No Expected Annual Losses,0,0,0,0,0,0,No Rating,December 2025,8002.887611,3327283.937
293,06085509110,Census Tract 5091.10,607736,0,California,Santa Clara County,3317,249,113,7.5,293,4,20768,T06085508401,California,CA,06,Santa Clara,County,085,06085,508401,06085508401,7168,1304463652,0,0.97102473,108.5158396,8.301312896,0.97102473,1304463652,7168,98201600000,0,99506063652,58,2.071428571,0.769289516,1304463380,36.61379158,501608944.7,0,1806072325,0.000474202,1.09048E-06,0.014568827,Relatively High,1281343.094,8.27051E-05,1133.060081,0,1282476.154,85.68123635,Relatively High,0.000982276,1.15381E-08,0,69.1864152,973384.2192,70.60754165,Relatively Moderate,1,,,,,,,,,,Not Applicable,,,,,,Not Applicable,,,,,,Not Applicable,,9.3102E-06,0.032783418,64264435.47,416.0481032,5699859014,0,5764123449,0.3,0.000206506,0.002785553,Very Low,168.5351627,7.45126E-07,10.20822548,0,178.7433882,46.30468648,Very Low,1.29199E-07,1.03952E-10,0,45.96220851,135.6641157,42.20684242,Very Low,December 2025,4327.540554,964003.1449
294,06085509111,Census Tract 5091.11,970447,0,California,Santa Clara County,4643,704,205,15.2,294,6,20769,T06085509102,California,CA,06,Santa Clara,County,085,06085,509102,06085509102,5094,2179697887,8864,1.22553678,104.9887617,7.981846595,1.225534428,2179697887,5094,69787800000,8864,71967506751,58,2.071428571,0.707575178,2179697490,0.03188941,436884.9174,0,2180134375,0.000233818,1.09048E-06,0.014568827,Relatively Moderate,1055709.844,7.20334E-08,0.98685812,0,1055710.83,79.08260328,Relatively High,0.000484338,1.41408E-11,0,20.00728093,801272.0227,61.16204678,Relatively Moderate,1,,,,,,,,,,Not Applicable,,,,,,Not Applicable,,,,,,Not Applicable,,0,0,0,0,0,0,0,0.3,0.000206506,0.002785553,No Rating,0,0,0,0,0,0,No Expected Annual Losses,0,0,0,0,0,0,No Rating,December 2025,5902.182381,1539702.322
295,06085509201,Census Tract 5092.01,1569209,0,California,Santa Clara County,5287,651,227,12.3,295,5,20770,T06085504601,California,CA,06,Santa Clara,County,085,06085,504601,06085504601,1031,1770773802,1710164,10.83767919,67.99146365,4.631578947,7.691758577,1770773802,1031,14124700000,1710164,15897183966,58,2.071428571,1.102855888,1769404850,96.35671247,1320086961,1075819.905,3090567631,0.000288234,1.09048E-06,0.014568827,Relatively Moderate,1056434.345,0.000217655,2981.880317,32466.39916,1091882.625,80.35324236,Relatively High,0.000596595,2.11111E-07,0.018984378,35.48277239,1039326.333,73.46984886,Relatively Moderate,2,73,0.342495687,7.691758577,1579329837,0,0,1579329837,6.86578E-05,0,Relatively Moderate,37137.93348,0,0,37137.93348,61.4213198,Relatively Low,2.09727E-05,0,67.76649746,35350.34934,58.8820827,Relatively Low,,6.35767E-05,0.01407409,9992265.689,2.585055893,35415265.73,9411.274312,45416942.69,0.3,0.000206506,0.002785553,Relatively Low,27.94925266,2.76387E-08,0.378650365,0.000209725,28.32811275,27.80730858,Very Low,1.57836E-08,2.68077E-11,1.22634E-10,29.35321608,26.9645774,26.79176626,Very Low,December 2025,7327.243648,2490959.366
296,06085509202,Census Tract 5092.02,1564102,0,California,Santa Clara County,4222,541,131,12.8,296,4,20771,T06085504601,California,CA,06,Santa Clara,County,085,06085,504601,06085504601,1031,1770773802,1710164,10.83767919,67.99146365,4.631578947,7.691758577,1770773802,1031,14124700000,1710164,15897183966,58,2.071428571,1.102855888,1769404850,96.35671247,1320086961,1075819.905,3090567631,0.000288234,1.09048E-06,0.014568827,Relatively Moderate,1056434.345,0.000217655,2981.880317,32466.39916,1091882.625,80.35324236,Relatively High,0.000596595,2.11111E-07,0.018984378,35.48277239,1039326.333,73.46984886,Relatively Moderate,2,73,0.342495687,7.691758577,1579329837,0,0,1579329837,6.86578E-05,0,Relatively Moderate,37137.93348,0,0,37137.93348,61.4213198,Relatively Low,2.09727E-05,0,67.76649746,35350.34934,58.8820827,Relatively Low,,6.35767E-05,0.01407409,9992265.689,2.585055893,35415265.73,9411.274312,45416942.69,0.3,0.000206506,0.002785553,Relatively Low,27.94925266,2.76387E-08,0.378650365,0.000209725,28.32811275,27.80730858,Very Low,1.57836E-08,2.68077E-11,1.22634E-10,29.35321608,26.9645774,26.79176626,Very Low,December 2025,6893.107947,2483171.014
297,06085509302,Census Tract 5093.02,1053380,0,California,Santa Clara County,3508,639,158,18.2,297,3,20772,T06085509302,California,CA,06,Santa Clara,County,085,06085,509302,06085509302,3122,719771369,0,0.4108182,68,4.631578947,0.4108182,719771369,3122,42771400000,0,43491171369,58,2.071428571,0.339148235,719771227.7,0,0,0,719771227.7,0.00064894,1.09048E-06,0.014568827,Relatively High,967539.3988,0,0,0,967539.3988,75.69814689,Relatively Moderate,0.001344232,0,0,84.7887357,1043314.211,73.62325045,Relatively Moderate,1,73,0.329632437,0.6082869,173711390.7,0,0,173711390.7,1.82333E-08,0,Not Applicable,1.044056108,0,0,1.044056108,16.94162437,Not Applicable,7.81711E-10,0,30.83756345,0.927250557,14.5482389,Not Applicable,,0,0,0,0,0,0,0,0.3,0.000206506,0.002785553,No Rating,0,0,0,0,0,0,No Expected Annual Losses,0,0,0,0,0,0,No Rating,December 2025,5466.654706,1672503.274
298,06085509303,Census Tract 5093.03,573576,0,California,Santa Clara County,3565,814,192,22.8,298,3,20773,T06085509202,California,CA,06,Santa Clara,County,085,06085,509202,06085509202,4655,948686011,0,0.60999978,68,4.631578947,0.609997803,948686011,4655,63773500000,0,64722186011,58,2.071428571,0.476741589,948685804.6,8.520846461,116735596.5,0,1065421401,0.000509781,1.09048E-06,0.014568827,Relatively High,1001788.128,1.92473E-05,263.688369,0,1002051.816,77.10031238,Relatively Moderate,0.001055974,4.13476E-09,0,73.36707612,1048625.012,73.85037994,Relatively Moderate,1,73,0.329632437,0.6082869,173711390.7,0,0,173711390.7,1.82333E-08,0,Not Applicable,1.044056108,0,0,1.044056108,16.94162437,Not Applicable,7.81711E-10,0,30.83756345,0.927250557,14.5482389,Not Applicable,,0,0,0,0,0,0,0,0.3,0.000206506,0.002785553,No Rating,0,0,0,0,0,0,No Expected Annual Losses,0,0,0,0,0,0,No Rating,December 2025,4051.417596,910619.3576
299,06085509304,Census Tract 5093.04,1559710,0,California,Santa Clara County,3175,237,78,7.5,299,5,20774,T06085504601,California,CA,06,Santa Clara,County,085,06085,504601,06085504601,1031,1770773802,1710164,10.83767919,67.99146365,4.631578947,7.691758577,1770773802,1031,14124700000,1710164,15897183966,58,2.071428571,1.102855888,1769404850,96.35671247,1320086961,1075819.905,3090567631,0.000288234,1.09048E-06,0.014568827,Relatively Moderate,1056434.345,0.000217655,2981.880317,32466.39916,1091882.625,80.35324236,Relatively High,0.000596595,2.11111E-07,0.018984378,35.48277239,1039326.333,73.46984886,Relatively Moderate,2,73,0.342495687,7.691758577,1579329837,0,0,1579329837,6.86578E-05,0,Relatively Moderate,37137.93348,0,0,37137.93348,61.4213198,Relatively Low,2.09727E-05,0,67.76649746,35350.34934,58.8820827,Relatively Low,,6.35767E-05,0.01407409,9992265.689,2.585055893,35415265.73,9411.274312,45416942.69,0.3,0.000206506,0.002785553,Relatively Low,27.94925266,2.76387E-08,0.378650365,0.000209725,28.32811275,27.80730858,Very Low,1.57836E-08,2.68077E-11,1.22634E-10,29.35321608,26.9645774,26.79176626,Very Low,December 2025,7091.292842,2476961.807
300,06085509401,Census Tract 5094.01,665317,0,California,Santa Clara County,4746,518,178,10.9,300,4,20775,T06085509302,California,CA,06,Santa Clara,County,085,06085,509302,06085509302,3122,719771369,0,0.4108182,68,4.631578947,0.4108182,719771369,3122,42771400000,0,43491171369,58,2.071428571,0.339148235,719771227.7,0,0,0,719771227.7,0.00064894,1.09048E-06,0.014568827,Relatively High,967539.3988,0,0,0,967539.3988,75.69814689,Relatively Moderate,0.001344232,0,0,84.7887357,1043314.211,73.62325045,Relatively Moderate,1,,,,,,,,,,Not Applicable,,,,,,Not Applicable,,,,,,Not Applicable,,0,0,0,0,0,0,0,0.3,0.000206506,0.002785553,No Rating,0,0,0,0,0,0,No Expected Annual Losses,0,0,0,0,0,0,No Rating,December 2025,4295.508377,1056293.323
301,06085509403,Census Tract 5094.03,526424,0,California,Santa Clara County,4115,168,90,4.1,301,3,20776,T06085509303,California,CA,06,Santa Clara,County,085,06085,509303,06085509303,3536,601548664,0,0.22369464,68,4.631578947,0.22369464,601548664,3536,48443200000,0,49044748664,58,2.071428571,0.201910955,601548578.7,2.521178694,34540148.1,0,636088726.8,0.000718528,1.09048E-06,0.014568827,Relatively High,895332.5477,5.69497E-06,78.02106289,0,895410.5688,72.34657209,Relatively Moderate,0.001488379,1.61057E-09,0,88.22721187,904097.6129,67.24221992,Relatively Moderate,1,,,,,,,,,,Not Applicable,,,,,,Not Applicable,,,,,,Not Applicable,,0,0,0,0,0,0,0,0.3,0.000206506,0.002785553,No Rating,0,0,0,0,0,0,No Expected Annual Losses,0,0,0,0,0,0,No Rating,December 2025,3785.23236,835577.8722
302,06085509404,Census Tract 5094.04,1048713,0,California,Santa Clara County,6256,760,281,12.1,302,5,20777,T06085509302,California,CA,06,Santa Clara,County,085,06085,509302,06085509302,3122,719771369,0,0.4108182,68,4.631578947,0.4108182,719771369,3122,42771400000,0,43491171369,58,2.071428571,0.339148235,719771227.7,0,0,0,719771227.7,0.00064894,1.09048E-06,0.014568827,Relatively High,967539.3988,0,0,0,967539.3988,75.69814689,Relatively Moderate,0.001344232,0,0,84.7887357,1043314.211,73.62325045,Relatively Moderate,1,,,,,,,,,,Not Applicable,,,,,,Not Applicable,,,,,,Not Applicable,,0,0,0,0,0,0,0,0.3,0.000206506,0.002785553,No Rating,0,0,0,0,0,0,No Expected Annual Losses,0,0,0,0,0,0,No Rating,December 2025,5193.214613,1664772.034
303,06085509500,Census Tract 5095,982162,0,California,Santa Clara County,5617,409,176,7.3,303,6,20778,T06085509201,California,CA,06,Santa Clara,County,085,06085,509201,06085509201,5324,1026364924,0,0.61199151,68,4.631578947,0.611988016,1026364924,5324,72938800000,0,73965164924,58,2.071428571,0.44328468,1026364707,0.660206862,9044834.012,0,1035409541,0.000442791,1.09048E-06,0.014568827,Relatively High,941391.1553,1.49131E-06,20.43093623,0,941411.5862,74.54024473,Relatively Moderate,0.000917209,2.80111E-10,0,64.88831998,714520.2495,55.22338363,Relatively Moderate,1,,,,,,,,,,Not Applicable,,,,,,Not Applicable,,,,,,Not Applicable,,0,0,0,0,0,0,0,0.3,0.000206506,0.002785553,No Rating,0,0,0,0,0,0,No Expected Annual Losses,0,0,0,0,0,0,No Rating,December 2025,5007.73382,1558809.867
304,06085509600,Census Tract 5096,1048685,0,California,Santa Clara County,3724,302,97,8.1,304,4,20779,T06085509109,California,CA,06,Santa Clara,County,085,06085,509109,06085509109,5663,1653732517,0,0.81766932,78.10836766,5.547148128,0.817669187,1653732517,5663,77583100000,0,79236832517,58,2.071428571,0.551729506,1653732143,28.50769861,390555471,0,2044287614,0.000396155,1.09048E-06,0.014568827,Relatively Moderate,1357063.613,6.43947E-05,882.2067835,0,1357945.82,87.27834277,Relatively High,0.000820606,1.13711E-08,0,57.12121568,1030664.802,73.12261425,Relatively Moderate,1,,,,,,,,,,Not Applicable,,,,,,Not Applicable,,,,,,Not Applicable,,0,0,0,0,0,0,0,0.3,0.000206506,0.002785553,No Rating,0,0,0,0,0,0,No Expected Annual Losses,0,0,0,0,0,0,No Rating,December 2025,6412.550024,1664233.847
305,06085509700,Census Tract 5097,1047255,0,California,Santa Clara County,3064,408,119,13.3,305,5,20780,T06085509109,California,CA,06,Santa Clara,County,085,06085,509109,06085509109,5663,1653732517,0,0.81766932,78.10836766,5.547148128,0.817669187,1653732517,5663,77583100000,0,79236832517,58,2.071428571,0.551729506,1653732143,28.50769861,390555471,0,2044287614,0.000396155,1.09048E-06,0.014568827,Relatively Moderate,1357063.613,6.43947E-05,882.2067835,0,1357945.82,87.27834277,Relatively High,0.000820606,1.13711E-08,0,57.12121568,1030664.802,73.12261425,Relatively Moderate,1,,,,,,,,,,Not Applicable,,,,,,Not Applicable,,,,,,Not Applicable,,0,0,0,0,0,0,0,0.3,0.000206506,0.002785553,No Rating,0,0,0,0,0,0,No Expected Annual Losses,0,0,0,0,0,0,No Rating,December 2025,5739.419809,1661725.057
306,06085509801,Census Tract 5098.01,1686437,0,California,Santa Clara County,5969,699,171,11.7,306,8,20781,T06085509403,California,CA,06,Santa Clara,County,085,06085,509403,06085509403,5095,592189126,70898,0.20530536,68,4.631578947,0.205304428,592189126,5095,69801500000,70898,70393760024,58,2.071428571,0.160020493,592189040.4,0,0,0,592189040.4,0.000522753,1.09048E-06,0.014568827,Relatively High,641249.1534,0,0,0,641249.1534,55.94687272,Relatively Moderate,0.001082845,0,0,74.81151796,486700.5163,35.24074537,Relatively Low,1,,,,,,,,,,Not Applicable,,,,,,Not Applicable,,,,,,Not Applicable,,0,0,0,0,0,0,0,0.3,0.000206506,0.002785553,No Rating,0,0,0,0,0,0,No Expected Annual Losses,0,0,0,0,0,0,No Rating,December 2025,11576.4846,2675856.09
307,06085509802,Census Tract 5098.02,928671,0,California,Santa Clara County,3090,473,124,15.3,307,5,20782,T06085509600,California,CA,06,Santa Clara,County,085,06085,509600,06085509600,3614,1126847459,66467,0.40898715,68,4.631578947,0.408987131,1126847459,3614,49511800000,66467,50638713926,58,2.071428571,0.324838812,1126847158,0,0,0,1126847158,0.000437866,1.09048E-06,0.014568827,Relatively High,1022059.367,0,0,0,1022059.367,77.88242478,Relatively Moderate,0.000907008,0,0,64.10503323,775730.9606,59.55787045,Relatively Moderate,1,,,,,,,,,,Not Applicable,,,,,,Not Applicable,,,,,,Not Applicable,,8E-06,0.000900555,1856443.858,7.413183116,101560608.7,0,103417052.5,0.3,0.000206506,0.002785553,Very Low,4.455465248,1.22469E-08,0.167783,0,4.623248248,21.14920386,Very Low,3.95392E-09,3.38875E-12,0,25.99859679,3.50899069,20.63786522,Very Low,December 2025,4937.116207,1473310.386
308,06085509901,Census Tract 5099.01,1393369,0,California,Santa Clara County,2602,428,93,16.4,308,4,20783,T06085509801,California,CA,06,Santa Clara,County,085,06085,509801,06085509801,6196,1236811743,0,0.65771043,68,4.631578947,0.65771043,1236811743,6196,84885200000,0,86122011743,58,2.071428571,0.57733497,1236811498,67.0474488,918550048.5,0,2155361547,0.000548677,1.09048E-06,0.014568827,Relatively Moderate,1405691.84,0.00015145,2074.868089,0,1407766.708,88.24600136,Relatively High,0.001136545,2.44432E-08,0,77.31991451,1068478.266,74.63403613,Relatively Moderate,1,,,,,,,,,,Not Applicable,,,,,,Not Applicable,,,,,,Not Applicable,,9.08656E-06,0.035196335,78681721.5,337.9345221,4629702952,0,4708384674,0.3,0.000206506,0.002785553,Very Low,214.2509651,6.30796E-07,8.641902581,0,222.8928676,48.96840403,Very Low,1.73228E-07,1.01807E-10,0,51.17072765,169.1730479,44.85034426,Very Low,December 2025,6457.838359,2209993.289
309,06085509902,Census Tract 5099.02,2229055,0,California,Santa Clara County,5161,1081,199,20.9,309,6,20784,T06085508401,California,CA,06,Santa Clara,County,085,06085,508401,06085508401,7168,1304463652,0,0.97102473,108.5158396,8.301312896,0.97102473,1304463652,7168,98201600000,0,99506063652,58,2.071428571,0.769289516,1304463380,36.61379158,501608944.7,0,1806072325,0.000474202,1.09048E-06,0.014568827,Relatively High,1281343.094,8.27051E-05,1133.060081,0,1282476.154,85.68123635,Relatively High,0.000982276,1.15381E-08,0,69.1864152,973384.2192,70.60754165,Relatively Moderate,1,,,,,,,,,,Not Applicable,,,,,,Not Applicable,,,,,,Not Applicable,,9.3102E-06,0.032783418,64264435.47,416.0481032,5699859014,0,5764123449,0.3,0.000206506,0.002785553,Very Low,168.5351627,7.45126E-07,10.20822548,0,178.7433882,46.30468648,Very Low,1.29199E-07,1.03952E-10,0,45.96220851,135.6641157,42.20684242,Very Low,December 2025,8694.220746,3535501.158
310,06085510001,Census Tract 5100.01,3515661,0,California,Santa Clara County,5852,967,204,16.5,310,6,20785,T06085508301,California,CA,06,Santa Clara,County,085,06085,508301,06085508301,4689,1029804394,0,0.76972077,97.39497482,7.29403679,0.769719678,1029804394,4689,64239300000,0,65269104394,58,2.071428571,0.62949617,1029804195,68.62586141,940174301.3,0,1969978497,0.000883978,1.09048E-06,0.014568827,Relatively High,1885671.303,0.000155016,2123.714063,0,1887795.017,94.17878197,Relatively High,0.001831097,3.30594E-08,0,93.12657068,1940986.241,92.27165162,Relatively High,1,,,,,,,,,,Not Applicable,,,,,,Not Applicable,,,,,,Not Applicable,,8E-06,0.024650854,37214324.45,138.7884693,1901402030,0,1938616354,0.3,0.000206506,0.002785553,Very Low,89.31437845,2.29285E-07,3.141207412,0,92.45558587,38.74044213,Very Low,8.67295E-08,4.88985E-11,0,41.86674277,95.06064931,38.16132139,Very Low,December 2025,12280.22481,5574482.741
311,06085510002,Census Tract 5100.02,1914543,0,California,Santa Clara County,4131,690,122,16.7,311,4,20786,T06085507805,California,CA,06,Santa Clara,County,085,06085,507805,06085507805,5180,912949171,0,0.81831477,103.2483267,7.82420435,0.81831477,912949171,5180,70966000000,0,71878949171,58,2.071428571,0.482897093,912948972.6,36.32334603,497629840.6,0,1410578813,0.000670935,1.09048E-06,0.014568827,Relatively High,1268810.994,8.2049E-05,1124.071876,0,1269935.066,85.40291707,Relatively High,0.001389794,1.58396E-08,0,85.92432534,1107344.242,76.09432414,Relatively Moderate,1,,,,,,,,,,Not Applicable,,,,,,Not Applicable,,,,,,Not Applicable,,0,0,0,0,0,0,0,0.3,0.000206506,0.002785553,No Rating,0,0,0,0,0,0,No Expected Annual Losses,0,0,0,0,0,0,No Rating,December 2025,8931.198056,3034779.893
312,06085510100,Census Tract 5101,2024331,0,California,Santa Clara County,2792,860,162,30.8,312,4,20787,T06085507805,California,CA,06,Santa Clara,County,085,06085,507805,06085507805,5180,912949171,0,0.81831477,103.2483267,7.82420435,0.81831477,912949171,5180,70966000000,0,71878949171,58,2.071428571,0.482897093,912948972.6,36.32334603,497629840.6,0,1410578813,0.000670935,1.09048E-06,0.014568827,Relatively High,1268810.994,8.2049E-05,1124.071876,0,1269935.066,85.40291707,Relatively High,0.001389794,1.58396E-08,0,85.92432534,1107344.242,76.09432414,Relatively Moderate,1,,,,,,,,,,Not Applicable,,,,,,Not Applicable,,,,,,Not Applicable,,0,0,0,0,0,0,0,0.3,0.000206506,0.002785553,No Rating,0,0,0,0,0,0,No Expected Annual Losses,0,0,0,0,0,0,No Rating,December 2025,7955.4593,3208311.86
313,06085510200,Census Tract 5102,2686270,0,California,Santa Clara County,4565,996,163,21.8,313,6,20788,T06085509801,California,CA,06,Santa Clara,County,085,06085,509801,06085509801,6196,1236811743,0,0.65771043,68,4.631578947,0.65771043,1236811743,6196,84885200000,0,86122011743,58,2.071428571,0.57733497,1236811498,67.0474488,918550048.5,0,2155361547,0.000548677,1.09048E-06,0.014568827,Relatively Moderate,1405691.84,0.00015145,2074.868089,0,1407766.708,88.24600136,Relatively High,0.001136545,2.44432E-08,0,77.31991451,1068478.266,74.63403613,Relatively Moderate,1,,,,,,,,,,Not Applicable,,,,,,Not Applicable,,,,,,Not Applicable,,9.08656E-06,0.035196335,78681721.5,337.9345221,4629702952,0,4708384674,0.3,0.000206506,0.002785553,Very Low,214.2509651,6.30796E-07,8.641902581,0,222.8928676,48.96840403,Very Low,1.73228E-07,1.01807E-10,0,51.17072765,169.1730479,44.85034426,Very Low,December 2025,12736.15108,4260923.979
314,06085510300,Census Tract 5103,2338622,0,California,Santa Clara County,4649,959,156,20.6,314,4,20789,T06085510200,California,CA,06,Santa Clara,County,085,06085,510200,06085510200,4549,1356144859,0,1.0476453,68,4.631578947,1.0476453,1356144859,4549,62321300000,0,63677444859,58,2.071428571,0.887376681,1356144591,60.5111918,829003327.7,0,2185147918,0.000525352,1.09048E-06,0.014568827,Relatively Moderate,1475796.761,0.000136686,1872.595351,0,1477669.356,89.46731804,Relatively High,0.001088229,3.00474E-08,0,74.96183385,1121533.549,76.5961495,Relatively Moderate,1,,,,,,,,,,Not Applicable,,,,,,Not Applicable,,,,,,Not Applicable,,1E-05,0.0588786,88229732.58,280.9736335,3849338779,0,3937568512,0.3,0.000206506,0.002785553,Very Low,264.6891911,5.80227E-07,7.949115339,0,272.6383064,51.46088259,Very Low,1.95178E-07,1.27551E-10,0,53.56807344,206.9292471,47.40703745,Very Low,December 2025,10306.69628,3710014.378
315,06085510400,Census Tract 5104,1712370,0,California,Santa Clara County,3495,539,119,15.4,315,6,20790,T06085509403,California,CA,06,Santa Clara,County,085,06085,509403,06085509403,5095,592189126,70898,0.20530536,68,4.631578947,0.205304428,592189126,5095,69801500000,70898,70393760024,58,2.071428571,0.160020493,592189040.4,0,0,0,592189040.4,0.000522753,1.09048E-06,0.014568827,Relatively High,641249.1534,0,0,0,641249.1534,55.94687272,Relatively Moderate,0.001082845,0,0,74.81151796,486700.5163,35.24074537,Relatively Low,1,,,,,,,,,,Not Applicable,,,,,,Not Applicable,,,,,,Not Applicable,,0,0,0,0,0,0,0,0.3,0.000206506,0.002785553,No Rating,0,0,0,0,0,0,No Expected Annual Losses,0,0,0,0,0,0,No Rating,December 2025,8492.064148,2717519.459
316,06085510500,Census Tract 5105,2613476,0,California,Santa Clara County,4911,1434,199,29.2,316,6,20791,T06085509401,California,CA,06,Santa Clara,County,085,06085,509401,06085509401,3754,625487794,0,0.25947363,68,4.631578947,0.25947363,625487794,3754,51429800000,0,52055287794,58,2.071428571,0.219530293,625487666.8,18.1644777,248853344.5,0,874341011.3,0.000944442,1.09048E-06,0.014568827,Relatively High,1223669.239,4.10309E-05,562.1227328,0,1224231.362,84.2638044,Relatively High,0.001956344,1.09299E-08,0,94.34553867,1086146.099,75.28450644,Relatively Moderate,1,,,,,,,,,,Not Applicable,,,,,,Not Applicable,,,,,,Not Applicable,,0,0,0,0,0,0,0,0.3,0.000206506,0.002785553,No Rating,0,0,0,0,0,0,No Expected Annual Losses,0,0,0,0,0,0,No Rating,December 2025,10398.9266,4147725.553
317,06085510600,Census Tract 5106,2071917,0,California,Santa Clara County,6602,1278,254,19.4,317,6,20792,T06085509401,California,CA,06,Santa Clara,County,085,06085,509401,06085509401,3754,625487794,0,0.25947363,68,4.631578947,0.25947363,625487794,3754,51429800000,0,52055287794,58,2.071428571,0.219530293,625487666.8,18.1644777,248853344.5,0,874341011.3,0.000944442,1.09048E-06,0.014568827,Relatively High,1223669.239,4.10309E-05,562.1227328,0,1224231.362,84.2638044,Relatively High,0.001956344,1.09299E-08,0,94.34553867,1086146.099,75.28450644,Relatively Moderate,1,,,,,,,,,,Not Applicable,,,,,,Not Applicable,,,,,,Not Applicable,,0,0,0,0,0,0,0,0.3,0.000206506,0.002785553,No Rating,0,0,0,0,0,0,No Expected Annual Losses,0,0,0,0,0,0,No Rating,December 2025,8266.723701,3289642.727
318,06085510700,Census Tract 5107,1442681,0,California,Santa Clara County,4740,777,234,16.4,318,5,20793,T06085509401,California,CA,06,Santa Clara,County,085,06085,509401,06085509401,3754,625487794,0,0.25947363,68,4.631578947,0.25947363,625487794,3754,51429800000,0,52055287794,58,2.071428571,0.219530293,625487666.8,18.1644777,248853344.5,0,874341011.3,0.000944442,1.09048E-06,0.014568827,Relatively High,1223669.239,4.10309E-05,562.1227328,0,1224231.362,84.2638044,Relatively High,0.001956344,1.09299E-08,0,94.34553867,1086146.099,75.28450644,Relatively Moderate,1,,,,,,,,,,Not Applicable,,,,,,Not Applicable,,,,,,Not Applicable,,0,0,0,0,0,0,0,0.3,0.000206506,0.002785553,No Rating,0,0,0,0,0,0,No Expected Annual Losses,0,0,0,0,0,0,No Rating,December 2025,8792.12542,2291106.3
319,06085510801,Census Tract 5108.01,2195030,0,California,Santa Clara County,5244,1204,220,23,319,3,20794,T06085504601,California,CA,06,Santa Clara,County,085,06085,504601,06085504601,1031,1770773802,1710164,10.83767919,67.99146365,4.631578947,7.691758577,1770773802,1031,14124700000,1710164,15897183966,58,2.071428571,1.102855888,1769404850,96.35671247,1320086961,1075819.905,3090567631,0.000288234,1.09048E-06,0.014568827,Relatively Moderate,1056434.345,0.000217655,2981.880317,32466.39916,1091882.625,80.35324236,Relatively High,0.000596595,2.11111E-07,0.018984378,35.48277239,1039326.333,73.46984886,Relatively Moderate,2,73,0.342495687,7.691758577,1579329837,0,0,1579329837,6.86578E-05,0,Relatively Moderate,37137.93348,0,0,37137.93348,61.4213198,Relatively Low,2.09727E-05,0,67.76649746,35350.34934,58.8820827,Relatively Low,,6.35767E-05,0.01407409,9992265.689,2.585055893,35415265.73,9411.274312,45416942.69,0.3,0.000206506,0.002785553,Relatively Low,27.94925266,2.76387E-08,0.378650365,0.000209725,28.32811275,27.80730858,Very Low,1.57836E-08,2.68077E-11,1.22634E-10,29.35321608,26.9645774,26.79176626,Very Low,December 2025,7866.764213,3486791.731
320,06085510802,Census Tract 5108.02,934585,0,California,Santa Clara County,2014,406,102,20.2,320,4,20795,T06085509302,California,CA,06,Santa Clara,County,085,06085,509302,06085509302,3122,719771369,0,0.4108182,68,4.631578947,0.4108182,719771369,3122,42771400000,0,43491171369,58,2.071428571,0.339148235,719771227.7,0,0,0,719771227.7,0.00064894,1.09048E-06,0.014568827,Relatively High,967539.3988,0,0,0,967539.3988,75.69814689,Relatively Moderate,0.001344232,0,0,84.7887357,1043314.211,73.62325045,Relatively Moderate,1,73,0.329632437,0.6082869,173711390.7,0,0,173711390.7,1.82333E-08,0,Not Applicable,1.044056108,0,0,1.044056108,16.94162437,Not Applicable,7.81711E-10,0,30.83756345,0.927250557,14.5482389,Not Applicable,,0,0,0,0,0,0,0,0.3,0.000206506,0.002785553,No Rating,0,0,0,0,0,0,No Expected Annual Losses,0,0,0,0,0,0,No Rating,December 2025,4884.510392,1484090.604
321,06085510803,Census Tract 5108.03,1011446,0,California,Santa Clara County,3406,563,129,16.5,321,3,20796,T06085510801,California,CA,06,Santa Clara,County,085,06085,510801,06085510801,5999,1602012992,0,0.8560617,68,4.631578947,0.856061411,1602012992,5999,82186300000,0,83788312992,58,2.071428571,0.728287254,1602012656,3620.067913,49594930411,0,51196943067,0.001283205,1.09048E-06,0.014568827,Very Low,4258258.786,0.008177196,112027.5794,0,4370286.365,99.54905231,Very High,0.002658068,1.36309E-06,0,95.73596073,4060112.423,98.99159264,Very High,2,73,0.329632437,0.856061411,1874770145,2096.97885,28728610250,30603380395,7.97057E-06,0,Very Low,4925.691873,0,0,4925.691873,43.52791878,Very Low,3.07469E-06,0,53.74365482,4576.098931,39.73966309,Very Low,,0,0,0,0,0,0,0,0.3,0.000206506,0.002785553,No Rating,0,0,0,0,0,0,No Expected Annual Losses,0,0,0,0,0,0,No Rating,December 2025,5036.637184,1606406.946
322,06085510900,Census Tract 5109,1653882,0,California,Santa Clara County,4431,855,304,19.3,322,4,20797,T06085510801,California,CA,06,Santa Clara,County,085,06085,510801,06085510801,5999,1602012992,0,0.8560617,68,4.631578947,0.856061411,1602012992,5999,82186300000,0,83788312992,58,2.071428571,0.728287254,1602012656,3620.067913,49594930411,0,51196943067,0.001283205,1.09048E-06,0.014568827,Very Low,4258258.786,0.008177196,112027.5794,0,4370286.365,99.54905231,Very High,0.002658068,1.36309E-06,0,95.73596073,4060112.423,98.99159264,Very High,2,73,0.329632437,0.856061411,1874770145,2096.97885,28728610250,30603380395,7.97057E-06,0,Very Low,4925.691873,0,0,4925.691873,43.52791878,Very Low,3.07469E-06,0,53.74365482,4576.098931,39.73966309,Very Low,,0,0,0,0,0,0,0,0.3,0.000206506,0.002785553,No Rating,0,0,0,0,0,0,No Expected Annual Losses,0,0,0,0,0,0,No Rating,December 2025,6678.379817,2627229.106
323,06085511000,Census Tract 5110,1986805,0,California,Santa Clara County,7180,1046,219,14.6,323,3,20798,T06085504601,California,CA,06,Santa Clara,County,085,06085,504601,06085504601,1031,1770773802,1710164,10.83767919,67.99146365,4.631578947,7.691758577,1770773802,1031,14124700000,1710164,15897183966,58,2.071428571,1.102855888,1769404850,96.35671247,1320086961,1075819.905,3090567631,0.000288234,1.09048E-06,0.014568827,Relatively Moderate,1056434.345,0.000217655,2981.880317,32466.39916,1091882.625,80.35324236,Relatively High,0.000596595,2.11111E-07,0.018984378,35.48277239,1039326.333,73.46984886,Relatively Moderate,2,73,0.342495687,7.691758577,1579329837,0,0,1579329837,6.86578E-05,0,Relatively Moderate,37137.93348,0,0,37137.93348,61.4213198,Relatively Low,2.09727E-05,0,67.76649746,35350.34934,58.8820827,Relatively Low,,6.35767E-05,0.01407409,9992265.689,2.585055893,35415265.73,9411.274312,45416942.69,0.3,0.000206506,0.002785553,Relatively Low,27.94925266,2.76387E-08,0.378650365,0.000209725,28.32811275,27.80730858,Very Low,1.57836E-08,2.68077E-11,1.22634E-10,29.35321608,26.9645774,26.79176626,Very Low,December 2025,7088.323551,3156916.284
324,06085511100,Census Tract 5111,2194213,0,California,Santa Clara County,5379,1218,255,22.6,324,4,20799,T06081612102,California,CA,06,San Mateo,County,081,06081,612102,06081612102,4187,351914553,0,0.1239303,68,4.631578947,0.1239303,351914553,4187,57361900000,0,57713814553,39,1.392857143,0.088370391,350000038.4,2520.985998,34537508168,0,34887508207,0.000573936,8.86082E-07,0.01462631,Very Low,279794.0583,0.003111365,42625.69672,0,322419.755,23.2378984,Relatively Low,0.000795062,7.43101E-07,0,47.57967917,346207.3374,20.63073026,Relatively Low,2,73,0.342495687,7.691758577,1579329837,0,0,1579329837,6.86578E-05,0,Not Applicable,37137.93348,0,0,37137.93348,61.4213198,Not Applicable,2.09727E-05,0,67.76649746,35350.34934,58.8820827,Not Applicable,,0,0,0,0,0,0,0,0.3,0.000206506,0.002785553,No Rating,0,0,0,0,0,0,No Expected Annual Losses,0,0,0,0,0,0,No Rating,December 2025,7917.682796,3487222.321
325,06085511200,Census Tract 5112,2059515,0,California,Santa Clara County,4765,763,130,16,325,6,20800,T06081612101,California,CA,06,San Mateo,County,081,06081,612101,06081612101,4174,583978771,0,0.25728846,68,4.631578947,0.25728846,583978771,4174,57183800000,0,57767778771,39,1.392857143,0.212337554,583787266.9,219.8450136,3011876686,0,3595663953,0.00086773,8.86082E-07,0.01462631,Relatively Low,705579.0603,0.00027133,3717.214964,0,709296.2753,61.20558048,Relatively Moderate,0.001208227,6.50047E-08,0,79.90934072,938056.8048,68.90942171,Relatively Moderate,2,73,0.329632437,0.855742384,139084366.9,158.322438,2169017401,2308101768,1.63015E-07,0,Not Applicable,7.473718834,0,0,7.473718834,18.97208122,Not Applicable,5.40242E-09,0,32.17005076,5.672464121,16.07963247,Not Applicable,,1E-05,0.025300885,48771182.23,345.1496371,4728550028,0,4777321210,0.3,0.000206506,0.002785553,Very Low,146.313543,7.12755E-07,9.764739275,0,156.0782823,44.67910528,Very Low,2.50546E-07,1.70761E-10,0,55.56348329,206.4162747,47.3701735,Very Low,December 2025,8767.299434,3273629.656
326,06085511301,Census Tract 5113.01,975747,0,California,Santa Clara County,4163,854,149,20.5,326,4,20801,T06085511100,California,CA,06,Santa Clara,County,085,06085,511100,06085511100,5513,1383402601,0,0.85574307,68,4.631578947,0.855742384,1383402601,5513,75528100000,0,76911502601,58,2.071428571,0.74210167,1382333349,2873.135285,39361953400,0,40744286749,0.001128571,1.09048E-06,0.014568827,Very Low,3231554.247,0.006489986,88912.80467,0,3320467.052,98.87145642,Very High,0.002335946,1.17721E-06,0,94.43596308,2520195.185,95.97350552,Very High,2,73,0.329632437,0.855742384,139084366.9,158.322438,2169017401,2308101768,1.63015E-07,0,Very Low,7.473718834,0,0,7.473718834,18.97208122,Very Low,5.40242E-09,0,32.17005076,5.672464121,16.07963247,Very Low,,1E-05,0.005857834,12127702.13,45.16638684,618779499.8,0,630907201.9,0.3,0.000206506,0.002785553,Very Low,36.38310546,9.32713E-08,1.277816761,0,37.66092222,30.00130808,Very Low,2.62997E-08,1.69184E-11,0,31.13219888,28.58419414,27.15089246,Very Low,December 2025,5233.6536,1550632.417
327,06085511302,Census Tract 5113.02,1000469,0,California,Santa Clara County,3880,1142,272,29.4,327,4,20802,T06081612500,California,CA,06,San Mateo,County,081,06081,612500,06081612500,4728,1504614176,181250,0.78053625,68,4.631578947,0.78053625,1504614176,4728,64773600000,181250,66278395426,39,1.392857143,0.60308504,1502828261,13.98979506,191660192.4,0,1694488453,0.000764926,8.86082E-07,0.01462631,Relatively High,1601161.745,1.7266E-05,236.5442577,0,1601398.289,91.26288841,Relatively High,0.001064168,3.65186E-09,0,73.82624422,976568.4696,70.76094324,Relatively Moderate,2,,,,,,,,,,Not Applicable,,,,,,Not Applicable,,,,,,Not Applicable,,1E-05,0.041832326,87619991.1,399.2471893,5469686494,0,5557306485,0.3,0.000206506,0.002785553,Very Low,262.8599666,8.24469E-07,11.29523051,0,274.1551972,51.53461049,Very Low,1.74703E-07,1.7438E-10,0,51.18499756,167.1859669,44.71478006,Very Low,December 2025,5477.092744,1590129.319
328,06085511400,Census Tract 5114,1536652,0,California,Santa Clara County,3608,737,136,20.4,328,4,20803,T06085510900,California,CA,06,Santa Clara,County,085,06085,510900,06085510900,5404,1176527523,66467,0.64501398,68,4.631578947,0.645013758,1176527523,5404,74034800000,66467,75211393990,58,2.071428571,0.567368528,1176527281,81.10908285,1111194435,2281.260209,2287723997,0.00133113,1.09048E-06,0.014568827,Relatively High,3244087.579,0.000183213,2510.023137,68.84451961,3246666.446,98.80099584,Very High,0.002757341,3.39033E-08,0.00103577,98.04941635,3325289.987,98.10685788,Very High,2,73,0.330712057,0.77485395,1247768156,3195.595528,43779658729,45027426884,1.05804E-05,0,Not Applicable,4366.04024,0,0,4366.04024,42.19543147,Not Applicable,3.34534E-06,0,54.50507614,3313.772857,37.21286371,Not Applicable,,1E-05,0.02336484,41951979.03,192.185732,2632944528,66217.03128,2674962724,0.3,0.000206506,0.002785553,Very Low,125.8559339,3.96875E-07,5.43718829,0.00184451,131.2949667,42.72412686,Very Low,1.06972E-07,7.3441E-11,2.77508E-08,44.09998454,134.4744973,42.10219638,Very Low,December 2025,6614.732597,2441542.8
329,06085511501,Census Tract 5115.01,1524240,0,California,Santa Clara County,4680,726,196,15.5,329,5,20804,T06085510700,California,CA,06,Santa Clara,County,085,06085,510700,06085510700,5487,1241242934,0,0.56264559,68,4.631578947,0.562645387,1241242934,5487,75171900000,0,76413142934,58,2.071428571,0.472537993,1241242684,41.1169632,563302395.8,0,1804545079,0.000629476,1.09048E-06,0.014568827,Relatively High,1618474.801,9.28771E-05,1272.416422,0,1619747.218,91.49071095,Relatively High,0.001303915,1.69268E-08,0,83.50048148,1458598.847,85.72294959,Relatively High,1,,,,,,,,,,Not Applicable,,,,,,Not Applicable,,,,,,Not Applicable,,0,0,0,0,0,0,0,0.3,0.000206506,0.002785553,No Rating,0,0,0,0,0,0,No Expected Annual Losses,0,0,0,0,0,0,No Rating,December 2025,9519.772637,2421284.238
330,06085511502,Census Tract 5115.02,1938359,0,California,Santa Clara County,3022,675,126,22.3,330,5,20805,T06085511501,California,CA,06,Santa Clara,County,085,06085,511501,06085511501,4914,1364588280,0,0.5944536,68,4.631578947,0.594452539,1364588280,4914,67321800000,0,68686388280,58,2.071428571,0.485427411,1364588006,0,0,0,1364588006,0.000595845,1.09048E-06,0.014568827,Relatively High,1684244.071,0,0,0,1684244.071,92.26460295,Relatively High,0.001234251,0,0,81.32794701,2190149.51,94.24922407,Relatively High,2,,,,,,,,,,Not Applicable,,,,,,Not Applicable,,,,,,Not Applicable,,1E-05,0.06100908,103417306.5,529.4329878,7253231933,0,7356649239,0.3,0.000206506,0.002785553,Very Low,310.2519115,1.09331E-06,14.97835876,0,325.2302703,53.62634226,Very Low,2.27359E-07,2.22489E-10,0,55.08068448,422.9214337,56.24843923,Very Low,December 2025,8015.333492,3078137.716
331,06085511608,Census Tract 5116.08,2455987,117653,California,Santa Clara County,3316,0,48,0,331,5,20806,T06085511502,California,CA,06,Santa Clara,County,085,06085,511502,06085511502,3176,907304476,0,0.75596001,68,4.631578947,0.75596001,907304476,3176,43511200000,0,44418504476,58,2.071428571,0.512096239,907304257,0,0,0,907304257,0.000397341,1.09048E-06,0.014568827,Relatively High,746769.6709,0,0,0,746769.6709,63.79500669,Relatively Moderate,0.000823064,0,0,57.34434084,754517.2957,58.13801387,Relatively Moderate,2,,,,,,,,,,Not Applicable,,,,,,Not Applicable,,,,,,Not Applicable,,0.000245466,0.084451905,85523833.45,325.0711754,4453475102,0,4538998936,0.3,0.000206506,0.002785553,Very Low,256.5714939,2.63945E-05,361.6044369,0,618.1759307,61.69003365,Very Low,2.82784E-07,8.31061E-09,0,26.16983578,624.5894145,61.07167065,Very Low,December 2025,12134.27865,4088410.761
332,06085511609,Census Tract 5116.09,1537877,0,California,Santa Clara County,3441,840,188,24.4,332,7,20807,T06081612800,California,CA,06,San Mateo,County,081,06081,612800,06081612800,3354,1032696166,0,0.64391301,68,4.631578947,0.64391301,1032696166,3354,45949800000,0,46982496166,39,1.392857143,0.582465463,1031663603,1.15970065,15887898.9,0,1047551502,0.001286178,8.86082E-07,0.01462631,Very High,1848186.234,1.43129E-06,19.60861672,0,1848205.843,93.84409423,Relatively High,0.001789671,4.2674E-10,0,92.80245203,1687409.757,89.43431677,Relatively High,2,,,,,,,,,,Not Applicable,,,,,,Not Applicable,,,,,,Not Applicable,,9.60902E-06,0.133237525,227620563.2,692.6080145,9488729799,0,9716350362,0.3,0.000206506,0.002785553,Very Low,657.2815328,1.37988E-06,18.90434492,0,676.1858777,62.69606269,Very Low,6.36471E-07,4.11413E-10,0,72.28306756,617.3569098,60.92778234,Very Low,December 2025,12130.79755,2443651.394
333,06085511701,Census Tract 5117.01,9190789,0,California,Santa Clara County,4368,969,177,22.2,333,6,20808,T06085510200,California,CA,06,Santa Clara,County,085,06085,510200,06085510200,4549,1356144859,0,1.0476453,68,4.631578947,1.0476453,1356144859,4549,62321300000,0,63677444859,58,2.071428571,0.887376681,1356144591,60.5111918,829003327.7,0,2185147918,0.000525352,1.09048E-06,0.014568827,Relatively Moderate,1475796.761,0.000136686,1872.595351,0,1477669.356,89.46731804,Relatively High,0.001088229,3.00474E-08,0,74.96183385,1121533.549,76.5961495,Relatively Moderate,1,,,,,,,,,,Not Applicable,,,,,,Not Applicable,,,,,,Not Applicable,,1E-05,0.0588786,88229732.58,280.9736335,3849338779,0,3937568512,0.3,0.000206506,0.002785553,Very Low,264.6891911,5.80227E-07,7.949115339,0,272.6383064,51.46088259,Very Low,1.95178E-07,1.27551E-10,0,53.56807344,206.9292471,47.40703745,Very Low,December 2025,22386.62666,14580699.29
334,06085511702,Census Tract 5117.02,2629241,0,California,Santa Clara County,2859,594,109,20.8,334,5,20809,T06085510001,California,CA,06,Santa Clara,County,085,06085,510001,06085510001,6295,1854096164,0,1.37110779,68,4.631578947,1.37110779,1854096164,6295,86241500000,0,88095596164,58,2.071428571,1.157342717,1854095814,23.87382883,327071455,0,2181167269,0.000926028,1.09048E-06,0.014568827,Very High,3556526.47,5.39274E-05,738.8058234,0,3557265.275,99.10515067,Very High,0.0019182,8.56671E-09,0,94.04373253,2699922.233,96.61684088,Very High,1,,,,,,,,,,Not Applicable,,,,,,Not Applicable,,,,,,Not Applicable,,9.94473E-06,0.075131658,116134266,340.1808406,4660477517,0,4776611783,0.3,0.000206506,0.002785553,Very Low,346.7344754,6.99612E-07,9.58468074,0,356.3191561,54.82501516,Very Low,1.8701E-07,1.11138E-10,0,53.01511422,270.4420214,50.63679498,Very Low,December 2025,10053.7373,4168414.566
335,06085511704,Census Tract 5117.04,15393824,0,California,Santa Clara County,4480,1661,319,37.1,335,5,20810,T06085511701,California,CA,06,Santa Clara,County,085,06085,511701,06085511701,4285,1987136881,0,3.58440771,68,4.631578947,3.58440771,1987136881,4285,58704500000,0,60691636881,58,2.071428571,1.867258603,1987136544,136.276152,1866983282,0,3854119826,0.000511683,1.09048E-06,0.014568827,Relatively Moderate,2106193.607,0.000307828,4217.237854,0,2110410.845,95.68898701,Very High,0.001059914,7.18384E-08,0,73.4786387,2004847.592,92.85196152,Relatively High,1,,,,,,,,,,Not Applicable,,,,,,Not Applicable,,,,,,Not Applicable,,9.76534E-06,0.23223544,248626948.4,525.6451963,7201339189,0,7449966137,0.3,0.000206506,0.002785553,Very Low,728.8356296,1.05713E-06,14.48263026,0,743.3182598,63.69020014,Very Low,3.66777E-07,2.46704E-10,0,64.57731321,706.1373036,62.42612346,Very Low,December 2025,31534.14372,24410356.74
336,06085511705,Census Tract 5117.05,12543868,0,California,Santa Clara County,2145,540,166,25.2,336,10,20811,T06081613000,California,CA,06,San Mateo,County,081,06081,613000,06081613000,3279,1611422973,0,1.81483887,68,4.631578947,1.81483887,1611422973,3279,44922300000,0,46533722973,39,1.392857143,0.835559943,1608237374,0,0,0,1608237374,0.000688927,8.86082E-07,0.01462631,Relatively High,1543228.202,0,0,0,1543228.202,90.51952932,Relatively High,0.00095768,0,0,67.65037462,1351934.632,83.38030514,Relatively High,2,,,,,,,,,,Not Applicable,,,,,,Not Applicable,,,,,,Not Applicable,,0.000768619,0.075983668,104896525.8,246.9354367,3383015483,0,3487912009,0.3,0.000206506,0.002785553,Relatively Low,6794.887366,3.669E-05,502.6536339,0,7297.541,82.13882249,Relatively Low,4.2167E-06,1.11894E-08,0,84.15682637,6392.961454,80.34675895,Relatively Low,December 2025,25049.29805,19914617.23
337,06085511707,Census Tract 5117.07,112950381,372433,California,Santa Clara County,3047,1203,206,39.5,337,15,20812,T06081613200,California,CA,06,San Mateo,County,081,06081,613200,06081613200,6837,2735419296,386253,15.7308918,78.6849374,5.71329512,15.7308918,2735419296,6837,93666900000,386253,96402705549,39,1.392857143,2.722736882,2734352418,76.41919639,1046942991,0,3781295409,0.000638438,8.86082E-07,0.01462631,Relatively Moderate,2431531.891,9.43155E-05,1292.122008,0,2432824.013,97.10407027,Very High,0.000888906,1.37949E-08,0,62.71930855,1483590.459,86.20099176,Relatively High,1,73,0.333606797,182.8402551,449154015.5,93.60435629,1282379681,1731533697,0.000363563,0,Not Applicable,54476.55346,0,0,54476.55346,64.78426396,Not Applicable,4.0886E-05,0,73.03299492,59243.84503,64.62480858,Not Applicable,,0.00353636,0.733826344,451167492.8,1653.993582,22659712078,82030.05146,23110961600,0.3,0.000206506,0.002785553,Relatively Moderate,520643.9488,0.00125882,17245.83623,0.371210639,537890.1562,98.2448004,Relatively High,0.000190334,1.84119E-07,9.61056E-07,97.90351159,328017.4396,97.24471716,Relatively High,December 2025,109235.0127,179402378.8
338,06085511800,Census Tract 5118,138681243,2135638,California,Santa Clara County,4289,632,127,14.7,338,10,20813,T06085507002,California,CA,06,Santa Clara,County,085,06085,507002,06085507002,3012,1009110212,0,5.32407759,98.25042597,7.537429163,5.32407759,1009110212,3012,41264400000,0,42273510212,58,2.071428571,0.798315065,1009109986,3.974954093,54456871.08,0,1063566857,0.000385045,1.09048E-06,0.014568827,Relatively High,804859.3035,8.97883E-06,123.009981,0,804982.3135,67.48831529,Relatively Moderate,0.000797593,2.98102E-09,0,55.11191488,814816.7985,61.98375608,Relatively Moderate,2,,,,,,,,,,Not Applicable,,,,,,Not Applicable,,,,,,Not Applicable,,0.004582557,0.238048767,154229747.9,608.9885086,8343142568,0,8497372316,0.3,0.000206506,0.002785553,Relatively Moderate,182945.528,0.000496902,6807.5597,0,189753.0877,96.39684635,Relatively High,0.000181294,1.64974E-07,0,97.64070731,192071.3049,96.1126372,Relatively Moderate,December 2025,83271.19665,222117969.9
339,06085511905,Census Tract 5119.05,1264613,0,California,Santa Clara County,3084,548,127,17.8,339,6,20814,T06085511905,California,CA,06,Santa Clara,County,085,06085,511905,06085511905,3243,786065945,0,0.49319907,111,8.526315789,0.49319907,786065945,3243,44429100000,0,45215165945,58,2.071428571,0.431520073,786065826.6,35.64227715,488299197,0,1274365024,0.000840903,1.09048E-06,0.014568827,Relatively High,1369224.41,8.05106E-05,1102.995339,0,1370327.406,87.5390469,Relatively High,0.00174187,2.4826E-08,0,92.16126077,1500360.495,86.5030383,Relatively High,2,,,,,,,,,,Not Applicable,,,,,,Not Applicable,,,,,,Not Applicable,,9.42767E-06,0.007607954,11476108.51,48.03924687,658137682.1,0,669613790.6,0.3,0.000206506,0.002785553,Very Low,32.44428384,9.32587E-08,1.277644327,0,33.72192817,29.12132996,Very Low,4.12743E-08,2.87569E-11,0,34.08012558,36.92186891,29.02262971,Very Low,December 2025,7028.59136,1997613.394
340,06085511907,Census Tract 5119.07,1738650,0,California,Santa Clara County,4096,707,129,17.3,340,3,20815,T06085511907,California,CA,06,Santa Clara,County,085,06085,511907,06085511907,4033,1086151428,0,0.6780735,111,8.526315789,0.6780735,1086151428,4033,55252100000,0,56338251428,58,2.071428571,0.529666513,1086151198,1293.672981,17723319837,0,18809471036,0.001687668,1.09048E-06,0.014568827,Relatively Low,3797057.181,0.002922215,40034.34633,0,3837091.527,99.31535806,Very High,0.003495882,7.24576E-07,0,98.41228832,2912307.045,97.24233884,Very High,2,,,,,,,,,,Not Applicable,,,,,,Not Applicable,,,,,,Not Applicable,,3.16301E-05,0.039455293,73698358.46,304.3976948,4170248418,0,4243946777,0.3,0.000206506,0.002785553,Very Low,176.8760599,4.42118E-06,60.57023427,0,237.4462941,49.7615735,Very Low,1.62847E-07,1.09625E-09,0,39.15902632,180.2189264,45.64470289,Very Low,December 2025,9329.987363,2746772.855
341,06085511910,Census Tract 5119.10,2268922,0,California,Santa Clara County,2992,677,162,22.6,341,5,20816,T06085511905,California,CA,06,Santa Clara,County,085,06085,511905,06085511905,3243,786065945,0,0.49319907,111,8.526315789,0.49319907,786065945,3243,44429100000,0,45215165945,58,2.071428571,0.431520073,786065826.6,35.64227715,488299197,0,1274365024,0.000840903,1.09048E-06,0.014568827,Relatively High,1369224.41,8.05106E-05,1102.995339,0,1370327.406,87.5390469,Relatively High,0.00174187,2.4826E-08,0,92.16126077,1500360.495,86.5030383,Relatively High,2,,,,,,,,,,Not Applicable,,,,,,Not Applicable,,,,,,Not Applicable,,9.42767E-06,0.007607954,11476108.51,48.03924687,658137682.1,0,669613790.6,0.3,0.000206506,0.002785553,Very Low,32.44428384,9.32587E-08,1.277644327,0,33.72192817,29.12132996,Very Low,4.12743E-08,2.87569E-11,0,34.08012558,36.92186891,29.02262971,Very Low,December 2025,9808.050942,3583877.368
342,06085511911,Census Tract 5119.11,36552039,1630396,California,Santa Clara County,4601,1046,194,22.7,342,15,20817,T06085511800,California,CA,06,Santa Clara,County,085,06085,511800,06085511800,4182,1081781099,0,54.91858359,92.07507433,7.058528852,54.91858359,1081781099,4182,57293400000,0,58375181099,58,2.071428571,1.504867283,1080722982,54.04157573,740369587.5,0,1821092570,0.000309962,1.09048E-06,0.014568827,Relatively Moderate,693892.5205,0.000122072,1672.3849,0,695564.9054,60.14984616,Relatively Moderate,0.000641435,2.91898E-08,0,38.8155577,695618.466,53.77736554,Relatively Moderate,2,,,,,,,,,,Not Applicable,,,,,,Not Applicable,,,,,,Not Applicable,,0.009098016,0.94161269,578545728.9,2444.166761,33485084621,0,34063630349,0.3,0.000206506,0.002785553,Relatively High,1568255.11,0.004454735,61029.87472,0,1629284.985,99.34715137,Very High,0.001449697,1.06522E-06,0,99.25558608,1629410.444,99.24131616,Very High,December 2025,63887.15815,60288066.02
343,06085511912,Census Tract 5119.12,2449060,0,California,Santa Clara County,5286,962,167,18.2,343,3,20818,T06085511911,California,CA,06,Santa Clara,County,085,06085,511911,06085511911,4885,1364863913,483292,14.89114965,102.9246405,7.932383612,14.89114965,1364863913,4885,66924500000,483292,68289847205,58,2.071428571,1.338178172,1364854302,736.3603994,10088137472,55311.15807,11453047085,0.001873994,1.09048E-06,0.014568827,Relatively Moderate,5298152.315,0.001663329,22787.60374,1669.195864,5322609.115,99.76865444,Very High,0.003881817,3.40497E-07,0.003453804,99.1662165,5914250.304,99.68249438,Very High,2,,,,,,,,,,Not Applicable,,,,,,Not Applicable,,,,,,Not Applicable,,0.006315437,0.506576473,197135847.1,1177.075797,16125938422,188024.667,16323262294,0.3,0.000206506,0.002785553,Relatively Moderate,331018.0396,0.001215608,16653.83078,2.920480719,347674.7909,97.58124933,Relatively High,0.000242528,2.48845E-07,6.04289E-06,97.32676917,386321.0117,97.53130463,Relatively High,December 2025,9705.541689,3867673.5
344,06085511913,Census Tract 5119.13,1923809,0,California,Santa Clara County,4282,760,185,17.7,344,4,20819,T06085511910,California,CA,06,Santa Clara,County,085,06085,511910,06085511910,3097,1007273333,0,0.88487958,111,8.526315789,0.88487958,1007273333,3097,42428900000,0,43436173333,58,2.071428571,0.611439826,1006456229,31.72045115,434570180.8,0,1441026410,0.000603632,1.09048E-06,0.014568827,Relatively High,1258453.441,7.16518E-05,981.6294737,0,1259435.07,85.15865373,Relatively High,0.001249366,2.31359E-08,0,81.78006905,955896.3093,69.76086,Relatively Moderate,2,,,,,,,,,,Not Applicable,,,,,,Not Applicable,,,,,,Not Applicable,,0.00059348,0.028235721,30715931.28,118.5369661,1623956436,0,1654672367,0.3,0.000206506,0.002785553,Relatively Low,92.14779153,2.08834E-05,286.1029657,0,378.2507572,55.54802421,Very Low,9.14824E-08,6.74312E-09,0,21.70929804,287.087847,51.3693173,Very Low,December 2025,7743.220121,3039909.176
345,06085511914,Census Tract 5119.14,2776705,0,California,Santa Clara County,6287,1224,205,19.5,345,5,20820,T06085511905,California,CA,06,Santa Clara,County,085,06085,511905,06085511905,3243,786065945,0,0.49319907,111,8.526315789,0.49319907,786065945,3243,44429100000,0,45215165945,58,2.071428571,0.431520073,786065826.6,35.64227715,488299197,0,1274365024,0.000840903,1.09048E-06,0.014568827,Relatively High,1369224.41,8.05106E-05,1102.995339,0,1370327.406,87.5390469,Relatively High,0.00174187,2.4826E-08,0,92.16126077,1500360.495,86.5030383,Relatively High,2,,,,,,,,,,Not Applicable,,,,,,Not Applicable,,,,,,Not Applicable,,9.42767E-06,0.007607954,11476108.51,48.03924687,658137682.1,0,669613790.6,0.3,0.000206506,0.002785553,Very Low,32.44428384,9.32587E-08,1.277644327,0,33.72192817,29.12132996,Very Low,4.12743E-08,2.87569E-11,0,34.08012558,36.92186891,29.02262971,Very Low,December 2025,9723.393239,4387971.695
346,06085511915,Census Tract 5119.15,1051515,74592,California,Santa Clara County,3754,532,212,14.2,346,5,20821,T06085511911,California,CA,06,Santa Clara,County,085,06085,511911,06085511911,4885,1364863913,483292,14.89114965,102.9246405,7.932383612,14.89114965,1364863913,4885,66924500000,483292,68289847205,58,2.071428571,1.338178172,1364854302,736.3603994,10088137472,55311.15807,11453047085,0.001873994,1.09048E-06,0.014568827,Relatively Moderate,5298152.315,0.001663329,22787.60374,1669.195864,5322609.115,99.76865444,Very High,0.003881817,3.40497E-07,0.003453804,99.1662165,5914250.304,99.68249438,Very High,2,,,,,,,,,,Not Applicable,,,,,,Not Applicable,,,,,,Not Applicable,,0.006315437,0.506576473,197135847.1,1177.075797,16125938422,188024.667,16323262294,0.3,0.000206506,0.002785553,Relatively Moderate,331018.0396,0.001215608,16653.83078,2.920480719,347674.7909,97.58124933,Relatively High,0.000242528,2.48845E-07,6.04289E-06,97.32676917,386321.0117,97.53130463,Relatively High,December 2025,6044.738178,1780224.664
347,06085511916,Census Tract 5119.16,1762240,76460,California,Santa Clara County,4483,691,147,15.4,347,4,20822,T06085511913,California,CA,06,Santa Clara,County,085,06085,511913,06085511913,4336,1003602317,0,0.75028551,111,8.526315789,0.750285253,1003602317,4336,59403200000,0,60406802317,58,2.071428571,0.613679756,1003602102,0.01879204,257450.9462,0,1003859553,0.000583659,1.09048E-06,0.014568827,Relatively High,1213362.998,4.24484E-08,0.581543438,0,1213363.58,83.94908049,Relatively High,0.001209008,9.78977E-12,0,80.39551871,920928.5931,68.11030645,Relatively Moderate,2,,,,,,,,,,Not Applicable,,,,,,Not Applicable,,,,,,Not Applicable,,9.42636E-06,0.01909328,31026005.21,139.2332107,1907494987,0,1938520992,0.3,0.000206506,0.002785553,Very Low,87.21214811,2.69402E-07,3.690813509,0,90.90296162,38.55017659,Very Low,8.68991E-08,6.21316E-11,0,41.59918186,68.99427176,34.71394765,Very Low,December 2025,7398.885982,2906125.907
348,06085511917,Census Tract 5119.17,2859293,0,California,Santa Clara County,4379,1026,200,23.4,348,5,20823,T06085511905,California,CA,06,Santa Clara,County,085,06085,511905,06085511905,3243,786065945,0,0.49319907,111,8.526315789,0.49319907,786065945,3243,44429100000,0,45215165945,58,2.071428571,0.431520073,786065826.6,35.64227715,488299197,0,1274365024,0.000840903,1.09048E-06,0.014568827,Relatively High,1369224.41,8.05106E-05,1102.995339,0,1370327.406,87.5390469,Relatively High,0.00174187,2.4826E-08,0,92.16126077,1500360.495,86.5030383,Relatively High,2,,,,,,,,,,Not Applicable,,,,,,Not Applicable,,,,,,Not Applicable,,9.42767E-06,0.007607954,11476108.51,48.03924687,658137682.1,0,669613790.6,0.3,0.000206506,0.002785553,Very Low,32.44428384,9.32587E-08,1.277644327,0,33.72192817,29.12132996,Very Low,4.12743E-08,2.87569E-11,0,34.08012558,36.92186891,29.02262971,Very Low,December 2025,10329.91526,4514986.824
349,06085511918,Census Tract 5119.18,20881422,130818,California,Santa Clara County,3243,661,153,20.4,349,8,20824,T06085511800,California,CA,06,Santa Clara,County,085,06085,511800,06085511800,4182,1081781099,0,54.91858359,92.07507433,7.058528852,54.91858359,1081781099,4182,57293400000,0,58375181099,58,2.071428571,1.504867283,1080722982,54.04157573,740369587.5,0,1821092570,0.000309962,1.09048E-06,0.014568827,Relatively Moderate,693892.5205,0.000122072,1672.3849,0,695564.9054,60.14984616,Relatively Moderate,0.000641435,2.91898E-08,0,38.8155577,695618.466,53.77736554,Relatively Moderate,2,,,,,,,,,,Not Applicable,,,,,,Not Applicable,,,,,,Not Applicable,,0.009098016,0.94161269,578545728.9,2444.166761,33485084621,0,34063630349,0.3,0.000206506,0.002785553,Relatively High,1568255.11,0.004454735,61029.87472,0,1629284.985,99.34715137,Very High,0.001449697,1.06522E-06,0,99.25558608,1629410.444,99.24131616,Very High,December 2025,37054.60761,33170999.65
350,06085512001,Census Tract 5120.01,20047195,0,California,Santa Clara County,6102,833,196,13.7,350,3,20825,T06085503338,California,CA,06,Santa Clara,County,085,06085,503338,06085503338,4726,1445225357,10068,3.66627534,109.3901904,8.525062018,3.666274338,1445225357,4726,64746200000,10068,66191435425,58,2.071428571,0.694681923,1445225080,127.9396704,1752773484,7434.744147,3198005999,0.000633026,1.09048E-06,0.014568827,Relatively Moderate,1895076.85,0.000288997,3959.254888,224.3678241,1899260.473,94.26803204,Relatively High,0.001311267,6.11504E-08,0.022285243,83.62613618,1441516.216,85.36382339,Relatively High,2,,,,,,,,,,Not Applicable,,,,,,Not Applicable,,,,,,Not Applicable,,0.002266471,0.11346198,70826755.92,685.9319962,9397268348,5031.637357,9468100136,0.3,0.000206506,0.002785553,Relatively Moderate,52426.29657,0.000289455,3965.533991,0.028704548,56391.85927,92.83055665,Relatively Moderate,3.62755E-05,6.12474E-08,2.85107E-06,92.90428454,42800.75362,91.13719335,Relatively Moderate,December 2025,28634.24695,31702077.18
351,06085512005,Census Tract 5120.05,2420988,0,California,Santa Clara County,6650,1032,253,15.5,351,5,20826,T06085503124,California,CA,06,Santa Clara,County,085,06085,503124,06085503124,4723,733815465,0,0.61330737,111,8.526315789,0.61330737,733815465,4723,64705100000,0,65438915465,58,2.071428571,0.323077776,733815320.8,431.722694,5914600907,0,6648416228,0.001321738,1.09048E-06,0.014568827,Relatively Low,2009103.313,0.000975197,13360.20471,0,2022463.518,95.17814783,Relatively High,0.002737886,2.06478E-07,0,97.57145877,2165731.005,94.08274173,Relatively High,2,,,,,,,,,,Not Applicable,,,,,,Not Applicable,,,,,,Not Applicable,,8E-06,4.45908E-14,6.94422E-05,2.61387E-10,0.003581,0,0.003650442,0.3,0.000206506,0.002785553,Very Low,1.66661E-10,4.31824E-19,5.91598E-12,0,1.72577E-10,18.77445209,Very Low,2.27116E-19,9.14299E-23,0,24.8320312,1.84802E-10,18.77207378,Very Low,December 2025,8558.627964,3829811.69
352,06085512019,Census Tract 5120.19,1078547,0,California,Santa Clara County,4380,769,182,17.6,352,5,20827,T06085512019,California,CA,06,Santa Clara,County,085,06085,512019,06085512019,4653,766778505,0,0.42063333,111,8.526315789,0.42063333,766778505,4653,63746100000,0,64512878505,58,2.071428571,0.359267754,766778389.5,2.597972182,35592218.89,0,802370608.4,0.002224024,1.09048E-06,0.014568827,Very High,3532477.025,5.86843E-06,80.3975345,0,3532557.423,99.07814078,Very High,0.004606907,1.26121E-09,0,99.78274655,4801235.867,99.37688036,Very High,2,,,,,,,,,,Not Applicable,,,,,,Not Applicable,,,,,,Not Applicable,,0,0,0,0,0,0,0,0.3,0.000206506,0.002785553,No Rating,0,0,0,0,0,0,No Expected Annual Losses,0,0,0,0,0,0,No Rating,December 2025,5757.334498,1706208.752
353,06085512021,Census Tract 5120.21,1597133,12748,California,Santa Clara County,5782,972,268,16.8,353,7,20828,T06085512021,California,CA,06,Santa Clara,County,085,06085,512021,06085512021,6292,1012548691,150648,0.62785359,111,8.526315789,0.627853048,1012548691,6292,86200400000,150648,87213099339,58,2.071428571,0.511687799,1012548457,0,0,0,1012548457,0.001339474,1.09048E-06,0.014568827,Very High,2809441.737,0,0,0,2809441.737,98.04119595,Very High,0.002774624,0,0,98.13044602,2988653.053,97.41357782,Very High,2,,,,,,,,,,Not Applicable,,,,,,Not Applicable,,,,,,Not Applicable,,8E-06,0.024909086,46823962.92,321.6212902,4406211675,25961.85735,4453061600,0.3,0.000206506,0.002785553,Very Low,112.3775107,5.31334E-07,7.279273168,0.000578545,119.6573624,41.68599051,Very Low,1.10985E-07,8.44459E-11,3.84038E-09,43.70280523,127.290179,41.45172607,Very Low,December 2025,7362.826667,2546283.639
354,06085512022,Census Tract 5120.22,1027095,0,California,Santa Clara County,6275,1048,315,16.7,354,5,20829,T06085512022,California,CA,06,Santa Clara,County,085,06085,512022,06085512022,5873,881591356,0,0.40056705,111,8.526315789,0.4005668,881591356,5873,80460100000,0,81341691356,58,2.071428571,0.340468485,881591155.1,0,0,0,881591155.1,0.001056652,1.09048E-06,0.014568827,Very High,1929609.241,0,0,0,1929609.241,94.51934143,Relatively High,0.00218878,0,0,95.96613195,1680089.743,89.3332382,Relatively High,2,,,,,,,,,,Not Applicable,,,,,,Not Applicable,,,,,,Not Applicable,,0,0,0,0,0,0,0,0.3,0.000206506,0.002785553,No Rating,0,0,0,0,0,0,No Expected Annual Losses,0,0,0,0,0,0,No Rating,December 2025,5525.318396,1624147.845
355,06085512023,Census Tract 5120.23,949056,0,California,Santa Clara County,5346,566,159,10.6,355,3,20830,T06085512022,California,CA,06,Santa Clara,County,085,06085,512022,06085512022,5873,881591356,0,0.40056705,111,8.526315789,0.4005668,881591356,5873,80460100000,0,81341691356,58,2.071428571,0.340468485,881591155.1,0,0,0,881591155.1,0.001056652,1.09048E-06,0.014568827,Very High,1929609.241,0,0,0,1929609.241,94.51934143,Relatively High,0.00218878,0,0,95.96613195,1680089.743,89.3332382,Relatively High,2,,,,,,,,,,Not Applicable,,,,,,Not Applicable,,,,,,Not Applicable,,0,0,0,0,0,0,0,0.3,0.000206506,0.002785553,No Rating,0,0,0,0,0,0,No Expected Annual Losses,0,0,0,0,0,0,No Rating,December 2025,4920.975348,1500742.395
356,06085512024,Census Tract 5120.24,1553293,44640,California,Santa Clara County,5288,809,210,15.3,356,3,20831,T06085512024,California,CA,06,Santa Clara,County,085,06085,512024,06085512024,4698,849554200,0,0.62319387,111,8.526315789,0.623193659,849554200,4698,64362600000,0,65212154200,58,2.071428571,0.39930363,848396783.5,33.27703374,455895362.2,0,1304292146,0.001120677,1.09048E-06,0.014568827,Very High,1969470.87,7.51679E-05,1029.79989,0,1970500.67,94.8246706,Relatively High,0.00231824,1.6E-08,0,96.57913897,2420046.819,95.51686823,Relatively High,2,,,,,,,,,,Not Applicable,,,,,,Not Applicable,,,,,,Not Applicable,,0,0,0,0,0,0,0,0.3,0.000206506,0.002785553,No Rating,0,0,0,0,0,0,No Expected Annual Losses,0,0,0,0,0,0,No Rating,December 2025,6425.10454,2527169.338
357,06085512025,Census Tract 5120.25,1247992,0,California,Santa Clara County,3062,666,148,21.8,357,3,20832,T06085512025,California,CA,06,Santa Clara,County,085,06085,512025,06085512025,3232,760116962,79761,0.48671688,111,8.526315789,0.486716151,760116962,3232,44278400000,79761,45038596723,58,2.071428571,0.342608161,760116820.8,35.95298865,492555944.5,0,1252672765,0.001938878,1.09048E-06,0.014568827,Very High,3052816.686,8.12125E-05,1112.610699,0,3053929.297,98.52972262,Very High,0.004016246,2.51276E-08,0,99.53496019,2734841.003,96.73932432,Very High,2,,,,,,,,,,Not Applicable,,,,,,Not Applicable,,,,,,Not Applicable,,0,0,0,0,0,0,0,0.3,0.000206506,0.002785553,No Rating,0,0,0,0,0,0,No Expected Annual Losses,0,0,0,0,0,0,No Rating,December 2025,5773.902549,1973747.906
358,06085512026,Census Tract 5120.26,2206485,0,California,Santa Clara County,3734,368,107,9.9,358,5,20833,T06085512021,California,CA,06,Santa Clara,County,085,06085,512021,06085512021,6292,1012548691,150648,0.62785359,111,8.526315789,0.627853048,1012548691,6292,86200400000,150648,87213099339,58,2.071428571,0.511687799,1012548457,0,0,0,1012548457,0.001339474,1.09048E-06,0.014568827,Very High,2809441.737,0,0,0,2809441.737,98.04119595,Very High,0.002774624,0,0,98.13044602,2988653.053,97.41357782,Very High,2,,,,,,,,,,Not Applicable,,,,,,Not Applicable,,,,,,Not Applicable,,8E-06,0.024909086,46823962.92,321.6212902,4406211675,25961.85735,4453061600,0.3,0.000206506,0.002785553,Very Low,112.3775107,5.31334E-07,7.279273168,0.000578545,119.6573624,41.68599051,Very Low,1.10985E-07,8.44459E-11,3.84038E-09,43.70280523,127.290179,41.45172607,Very Low,December 2025,7995.324212,3489424.253
359,06085512027,Census Tract 5120.27,1674893,68672,California,Santa Clara County,3908,882,265,22.6,359,6,20834,T06085512026,California,CA,06,Santa Clara,County,085,06085,512026,06085512026,3949,565375540,0,0.86052915,111,8.526315789,0.86052915,565375540,3949,54101300000,0,54666675540,58,2.071428571,0.315290296,565375417.7,1.752009101,24002524.68,0,589377942.4,0.001926406,1.09048E-06,0.014568827,Very High,2256080.719,3.95753E-06,54.21813717,0,2256134.937,96.38772107,Very High,0.003990411,1.00216E-09,0,99.54200625,1712379.709,89.75182239,Relatively High,2,,,,,,,,,,Not Applicable,,,,,,Not Applicable,,,,,,Not Applicable,,1E-05,0.010596752,19581885.94,201.0703883,2754664320,0,2774246206,0.3,0.000206506,0.002785553,Very Low,58.74565633,4.15222E-07,5.688546957,0,64.43420329,34.94464462,Very Low,1.03906E-07,1.05146E-10,0,41.68717967,48.90479753,31.40570559,Very Low,December 2025,9596.489078,2756950.4
360,06085512029,Census Tract 5120.29,1903945,0,California,Santa Clara County,8115,1102,291,13.6,360,6,20835,T06085512022,California,CA,06,Santa Clara,County,085,06085,512022,06085512022,5873,881591356,0,0.40056705,111,8.526315789,0.4005668,881591356,5873,80460100000,0,81341691356,58,2.071428571,0.340468485,881591155.1,0,0,0,881591155.1,0.001056652,1.09048E-06,0.014568827,Very High,1929609.241,0,0,0,1929609.241,94.51934143,Relatively High,0.00218878,0,0,95.96613195,1680089.743,89.3332382,Relatively High,2,,,,,,,,,,Not Applicable,,,,,,Not Applicable,,,,,,Not Applicable,,0,0,0,0,0,0,0,0.3,0.000206506,0.002785553,No Rating,0,0,0,0,0,0,No Expected Annual Losses,0,0,0,0,0,0,No Rating,December 2025,7808.799046,3010121.886
361,06085512030,Census Tract 5120.30,1191726,0,California,Santa Clara County,2898,503,86,17.4,361,3,20836,T06085511911,California,CA,06,Santa Clara,County,085,06085,511911,06085511911,4885,1364863913,483292,14.89114965,102.9246405,7.932383612,14.89114965,1364863913,4885,66924500000,483292,68289847205,58,2.071428571,1.338178172,1364854302,736.3603994,10088137472,55311.15807,11453047085,0.001873994,1.09048E-06,0.014568827,Relatively Moderate,5298152.315,0.001663329,22787.60374,1669.195864,5322609.115,99.76865444,Very High,0.003881817,3.40497E-07,0.003453804,99.1662165,5914250.304,99.68249438,Very High,2,,,,,,,,,,Not Applicable,,,,,,Not Applicable,,,,,,Not Applicable,,0.006315437,0.506576473,197135847.1,1177.075797,16125938422,188024.667,16323262294,0.3,0.000206506,0.002785553,Relatively Moderate,331018.0396,0.001215608,16653.83078,2.920480719,347674.7909,97.58124933,Relatively High,0.000242528,2.48845E-07,6.04289E-06,97.32676917,386321.0117,97.53130463,Relatively High,December 2025,6794.764137,1883366.296
362,06085512031,Census Tract 5120.31,1435711,0,California,Santa Clara County,4099,650,179,15.9,362,4,20837,T06085511911,California,CA,06,Santa Clara,County,085,06085,511911,06085511911,4885,1364863913,483292,14.89114965,102.9246405,7.932383612,14.89114965,1364863913,4885,66924500000,483292,68289847205,58,2.071428571,1.338178172,1364854302,736.3603994,10088137472,55311.15807,11453047085,0.001873994,1.09048E-06,0.014568827,Relatively Moderate,5298152.315,0.001663329,22787.60374,1669.195864,5322609.115,99.76865444,Very High,0.003881817,3.40497E-07,0.003453804,99.1662165,5914250.304,99.68249438,Very High,2,,,,,,,,,,Not Applicable,,,,,,Not Applicable,,,,,,Not Applicable,,0.006315437,0.506576473,197135847.1,1177.075797,16125938422,188024.667,16323262294,0.3,0.000206506,0.002785553,Relatively Moderate,331018.0396,0.001215608,16653.83078,2.920480719,347674.7909,97.58124933,Relatively High,0.000242528,2.48845E-07,6.04289E-06,97.32676917,386321.0117,97.53130463,Relatively High,December 2025,6840.073192,2268886.696
363,06085512032,Census Tract 5120.32,2968624,0,California,Santa Clara County,3754,579,129,15.4,363,7,20838,T06085511911,California,CA,06,Santa Clara,County,085,06085,511911,06085511911,4885,1364863913,483292,14.89114965,102.9246405,7.932383612,14.89114965,1364863913,4885,66924500000,483292,68289847205,58,2.071428571,1.338178172,1364854302,736.3603994,10088137472,55311.15807,11453047085,0.001873994,1.09048E-06,0.014568827,Relatively Moderate,5298152.315,0.001663329,22787.60374,1669.195864,5322609.115,99.76865444,Very High,0.003881817,3.40497E-07,0.003453804,99.1662165,5914250.304,99.68249438,Very High,2,,,,,,,,,,Not Applicable,,,,,,Not Applicable,,,,,,Not Applicable,,0.006315437,0.506576473,197135847.1,1177.075797,16125938422,188024.667,16323262294,0.3,0.000206506,0.002785553,Relatively Moderate,331018.0396,0.001215608,16653.83078,2.920480719,347674.7909,97.58124933,Relatively High,0.000242528,2.48845E-07,6.04289E-06,97.32676917,386321.0117,97.53130463,Relatively High,December 2025,10827.23945,4691544.334
364,06085512034,Census Tract 5120.34,1043039,0,California,Santa Clara County,2997,491,152,16.4,364,4,20839,T06085511911,California,CA,06,Santa Clara,County,085,06085,511911,06085511911,4885,1364863913,483292,14.89114965,102.9246405,7.932383612,14.89114965,1364863913,4885,66924500000,483292,68289847205,58,2.071428571,1.338178172,1364854302,736.3603994,10088137472,55311.15807,11453047085,0.001873994,1.09048E-06,0.014568827,Relatively Moderate,5298152.315,0.001663329,22787.60374,1669.195864,5322609.115,99.76865444,Very High,0.003881817,3.40497E-07,0.003453804,99.1662165,5914250.304,99.68249438,Very High,2,,,,,,,,,,Not Applicable,,,,,,Not Applicable,,,,,,Not Applicable,,0.006315437,0.506576473,197135847.1,1177.075797,16125938422,188024.667,16323262294,0.3,0.000206506,0.002785553,Relatively Moderate,331018.0396,0.001215608,16653.83078,2.920480719,347674.7909,97.58124933,Relatively High,0.000242528,2.48845E-07,6.04289E-06,97.32676917,386321.0117,97.53130463,Relatively High,December 2025,6409.815834,1648239.929
365,06085512035,Census Tract 5120.35,2284568,0,California,Santa Clara County,4519,716,162,15.8,365,5,20840,T06085511911,California,CA,06,Santa Clara,County,085,06085,511911,06085511911,4885,1364863913,483292,14.89114965,102.9246405,7.932383612,14.89114965,1364863913,4885,66924500000,483292,68289847205,58,2.071428571,1.338178172,1364854302,736.3603994,10088137472,55311.15807,11453047085,0.001873994,1.09048E-06,0.014568827,Relatively Moderate,5298152.315,0.001663329,22787.60374,1669.195864,5322609.115,99.76865444,Very High,0.003881817,3.40497E-07,0.003453804,99.1662165,5914250.304,99.68249438,Very High,2,,,,,,,,,,Not Applicable,,,,,,Not Applicable,,,,,,Not Applicable,,0.006315437,0.506576473,197135847.1,1177.075797,16125938422,188024.667,16323262294,0.3,0.000206506,0.002785553,Relatively Moderate,331018.0396,0.001215608,16653.83078,2.920480719,347674.7909,97.58124933,Relatively High,0.000242528,2.48845E-07,6.04289E-06,97.32676917,386321.0117,97.53130463,Relatively High,December 2025,11178.6003,3609593.163
366,06085512036,Census Tract 5120.36,830163,0,California,Santa Clara County,4768,329,91,6.9,366,3,20841,T06085512031,California,CA,06,Santa Clara,County,085,06085,512031,06085512031,4447,830847146,0,0.55992729,111,8.526315789,0.55992729,830847146,4447,60923900000,0,61754747146,58,2.071428571,0.443855731,830846963.1,34.53451657,473122877,0,1303969840,0.001240659,1.09048E-06,0.014568827,Very High,2135223.319,7.80083E-05,1068.714287,0,2136292.033,95.81464171,Very High,0.002569935,1.75418E-08,0,97.59259694,1969460.01,92.52969926,Relatively High,2,,,,,,,,,,Not Applicable,,,,,,Not Applicable,,,,,,Not Applicable,,0.004392135,0.006335875,7054719.378,52.3629152,717371938.3,0,724426657.7,0.3,0.000206506,0.002785553,Relatively Moderate,8894.373107,4.90438E-05,671.9001791,0,9566.273286,83.87380638,Relatively Low,1.07052E-05,1.10285E-08,0,88.83022368,8819.202798,82.42897744,Relatively Low,December 2025,4726.169542,1312223.452
367,06085512037,Census Tract 5120.37,1008154,0,California,Santa Clara County,2989,526,125,17.6,367,5,20842,T06085512029,California,CA,06,Santa Clara,County,085,06085,512029,06085512029,6813,1169792714,0,0.74253855,111,8.526315789,0.74253855,1169792714,6813,93338100000,0,94507892714,58,2.071428571,0.619231626,1169792512,0,0,0,1169792512,0.001200042,1.09048E-06,0.014568827,Very High,2907872.287,0,0,0,2907872.287,98.25257768,Very High,0.002485801,0,0,97.37299481,2207040.642,94.36814004,Relatively High,2,,,,,,,,,,Not Applicable,,,,,,Not Applicable,,,,,,Not Applicable,,0,0,0,0,0,0,0,0.3,0.000206506,0.002785553,No Rating,0,0,0,0,0,0,No Expected Annual Losses,0,0,0,0,0,0,No Rating,December 2025,5466.14677,1593611.214
368,06085512038,Census Tract 5120.38,1379835,0,California,Santa Clara County,3217,279,118,8.7,368,4,20843,T06085512001,California,CA,06,Santa Clara,County,085,06085,512001,06085512001,7018,2569729491,0,7.81840605,110.0632807,8.524576143,7.81840605,2569729491,7018,96146600000,0,98716329491,58,2.071428571,1.086098222,2569729003,5.735288551,78573453.15,0,2648302456,0.000424218,1.09048E-06,0.014568827,Relatively High,2258118.488,1.29552E-05,177.4857569,0,2258295.974,96.40533621,Very High,0.000878738,1.84599E-09,0,61.89491979,2033618.498,93.10168504,Relatively High,2,,,,,,,,,,Not Applicable,,,,,,Not Applicable,,,,,,Not Applicable,,0.003136329,0.15059402,53038862.35,1005.775936,13779130327,0,13832169189,0.3,0.000206506,0.002785553,Relatively Moderate,45174.43591,0.000698016,9562.824631,0,54737.26054,92.71877564,Relatively Moderate,1.75795E-05,9.94609E-08,0,83.28755069,49291.45996,91.76150215,Relatively Moderate,December 2025,8189.731119,2180763.334
369,06085512039,Census Tract 5120.39,1391959,0,California,Santa Clara County,5717,465,118,8.1,369,3,20844,T06085512001,California,CA,06,Santa Clara,County,085,06085,512001,06085512001,7018,2569729491,0,7.81840605,110.0632807,8.524576143,7.81840605,2569729491,7018,96146600000,0,98716329491,58,2.071428571,1.086098222,2569729003,5.735288551,78573453.15,0,2648302456,0.000424218,1.09048E-06,0.014568827,Relatively High,2258118.488,1.29552E-05,177.4857569,0,2258295.974,96.40533621,Very High,0.000878738,1.84599E-09,0,61.89491979,2033618.498,93.10168504,Relatively High,2,,,,,,,,,,Not Applicable,,,,,,Not Applicable,,,,,,Not Applicable,,0.003136329,0.15059402,53038862.35,1005.775936,13779130327,0,13832169189,0.3,0.000206506,0.002785553,Relatively Moderate,45174.43591,0.000698016,9562.824631,0,54737.26054,92.71877564,Relatively Moderate,1.75795E-05,9.94609E-08,0,83.28755069,49291.45996,91.76150215,Relatively Moderate,December 2025,8768.173382,2200741.455
370,06085512042,Census Tract 5120.42,663334,0,California,Santa Clara County,2830,414,114,14.6,370,3,20845,T06085512042,California,CA,06,Santa Clara,County,085,06085,512042,06085512042,2972,404980650,0,0.25870026,111,8.526315789,0.2587001,404980650,2972,40716400000,0,41121380650,58,2.071428571,0.208856584,404980577.9,0,0,0,404980577.9,0.001074339,1.09048E-06,0.014568827,Very High,901250.7889,0,0,0,901250.7889,72.64133217,Relatively Moderate,0.002225417,0,0,96.16224722,684038.6798,52.88668498,Relatively Moderate,2,,,,,,,,,,Not Applicable,,,,,,Not Applicable,,,,,,Not Applicable,,1E-05,0.015662377,23778930.72,171.8296887,2354066735,0,2377845666,0.3,0.000206506,0.002785553,Very Low,71.33679037,3.54839E-07,4.861288929,0,76.1980793,36.65822363,Very Low,1.76149E-07,1.19394E-10,0,50.10880811,57.83344016,32.93496486,Very Low,December 2025,4731.727349,1049233.448
371,06085512043,Census Tract 5120.43,922299,0,California,Santa Clara County,5266,976,237,18.5,371,4,20846,T06085512001,California,CA,06,Santa Clara,County,085,06085,512001,06085512001,7018,2569729491,0,7.81840605,110.0632807,8.524576143,7.81840605,2569729491,7018,96146600000,0,98716329491,58,2.071428571,1.086098222,2569729003,5.735288551,78573453.15,0,2648302456,0.000424218,1.09048E-06,0.014568827,Relatively High,2258118.488,1.29552E-05,177.4857569,0,2258295.974,96.40533621,Very High,0.000878738,1.84599E-09,0,61.89491979,2033618.498,93.10168504,Relatively High,2,,,,,,,,,,Not Applicable,,,,,,Not Applicable,,,,,,Not Applicable,,0.003136329,0.15059402,53038862.35,1005.775936,13779130327,0,13832169189,0.3,0.000206506,0.002785553,Relatively Moderate,45174.43591,0.000698016,9562.824631,0,54737.26054,92.71877564,Relatively Moderate,1.75795E-05,9.94609E-08,0,83.28755069,49291.45996,91.76150215,Relatively Moderate,December 2025,5645.052046,1458685.891
372,06085512045,Census Tract 5120.45,2048543,0,California,Santa Clara County,5086,749,163,14.7,372,6,20847,T06085511911,California,CA,06,Santa Clara,County,085,06085,511911,06085511911,4885,1364863913,483292,14.89114965,102.9246405,7.932383612,14.89114965,1364863913,4885,66924500000,483292,68289847205,58,2.071428571,1.338178172,1364854302,736.3603994,10088137472,55311.15807,11453047085,0.001873994,1.09048E-06,0.014568827,Relatively Moderate,5298152.315,0.001663329,22787.60374,1669.195864,5322609.115,99.76865444,Very High,0.003881817,3.40497E-07,0.003453804,99.1662165,5914250.304,99.68249438,Very High,2,,,,,,,,,,Not Applicable,,,,,,Not Applicable,,,,,,Not Applicable,,0.006315437,0.506576473,197135847.1,1177.075797,16125938422,188024.667,16323262294,0.3,0.000206506,0.002785553,Relatively Moderate,331018.0396,0.001215608,16653.83078,2.920480719,347674.7909,97.58124933,Relatively High,0.000242528,2.48845E-07,6.04289E-06,97.32676917,386321.0117,97.53130463,Relatively High,December 2025,8949.219967,3237941.106
373,06085512047,Census Tract 5120.47,1653625,0,California,Santa Clara County,5315,905,178,17,373,4,20848,T06085511911,California,CA,06,Santa Clara,County,085,06085,511911,06085511911,4885,1364863913,483292,14.89114965,102.9246405,7.932383612,14.89114965,1364863913,4885,66924500000,483292,68289847205,58,2.071428571,1.338178172,1364854302,736.3603994,10088137472,55311.15807,11453047085,0.001873994,1.09048E-06,0.014568827,Relatively Moderate,5298152.315,0.001663329,22787.60374,1669.195864,5322609.115,99.76865444,Very High,0.003881817,3.40497E-07,0.003453804,99.1662165,5914250.304,99.68249438,Very High,2,,,,,,,,,,Not Applicable,,,,,,Not Applicable,,,,,,Not Applicable,,0.006315437,0.506576473,197135847.1,1177.075797,16125938422,188024.667,16323262294,0.3,0.000206506,0.002785553,Relatively Moderate,331018.0396,0.001215608,16653.83078,2.920480719,347674.7909,97.58124933,Relatively High,0.000242528,2.48845E-07,6.04289E-06,97.32676917,386321.0117,97.53130463,Relatively High,December 2025,7009.364022,2613913.617
374,06085512052,Census Tract 5120.52,1471610,64209,California,Santa Clara County,4491,777,182,17.3,374,3,20849,T06085511911,California,CA,06,Santa Clara,County,085,06085,511911,06085511911,4885,1364863913,483292,14.89114965,102.9246405,7.932383612,14.89114965,1364863913,4885,66924500000,483292,68289847205,58,2.071428571,1.338178172,1364854302,736.3603994,10088137472,55311.15807,11453047085,0.001873994,1.09048E-06,0.014568827,Relatively Moderate,5298152.315,0.001663329,22787.60374,1669.195864,5322609.115,99.76865444,Very High,0.003881817,3.40497E-07,0.003453804,99.1662165,5914250.304,99.68249438,Very High,2,,,,,,,,,,Not Applicable,,,,,,Not Applicable,,,,,,Not Applicable,,0.006315437,0.506576473,197135847.1,1177.075797,16125938422,188024.667,16323262294,0.3,0.000206506,0.002785553,Relatively Moderate,331018.0396,0.001215608,16653.83078,2.920480719,347674.7909,97.58124933,Relatively High,0.000242528,2.48845E-07,6.04289E-06,97.32676917,386321.0117,97.53130463,Relatively High,December 2025,6975.912897,2428034.944
375,06085512053,Census Tract 5120.53,1092624,0,California,Santa Clara County,4815,729,189,15.1,375,4,20850,T06085511911,California,CA,06,Santa Clara,County,085,06085,511911,06085511911,4885,1364863913,483292,14.89114965,102.9246405,7.932383612,14.89114965,1364863913,4885,66924500000,483292,68289847205,58,2.071428571,1.338178172,1364854302,736.3603994,10088137472,55311.15807,11453047085,0.001873994,1.09048E-06,0.014568827,Relatively Moderate,5298152.315,0.001663329,22787.60374,1669.195864,5322609.115,99.76865444,Very High,0.003881817,3.40497E-07,0.003453804,99.1662165,5914250.304,99.68249438,Very High,2,,,,,,,,,,Not Applicable,,,,,,Not Applicable,,,,,,Not Applicable,,0.006315437,0.506576473,197135847.1,1177.075797,16125938422,188024.667,16323262294,0.3,0.000206506,0.002785553,Relatively Moderate,331018.0396,0.001215608,16653.83078,2.920480719,347674.7909,97.58124933,Relatively High,0.000242528,2.48845E-07,6.04289E-06,97.32676917,386321.0117,97.53130463,Relatively High,December 2025,6507.909358,1727244.242
376,06085512054,Census Tract 5120.54,362238,0,California,Santa Clara County,4457,77,59,1.7,376,5,20851,T06085503218,California,CA,06,Santa Clara,County,085,06085,503218,06085503218,4359,411507130,0,0.23029695,111,8.526315789,0.23029695,411507130,4359,59718300000,0,60129807130,58,2.071428571,0.195985485,411507035.8,0,0,0,411507035.8,0.001457579,1.09048E-06,0.014568827,Very High,1242451.258,0,0,0,1242451.258,84.72649553,Relatively High,0.00301927,0,0,98.57434765,1389373.061,84.23293259,Relatively High,2,,,,,,,,,,Not Applicable,,,,,,Not Applicable,,,,,,Not Applicable,,0,0,0,0,0,0,0,0.3,0.000206506,0.002785553,No Rating,0,0,0,0,0,0,No Expected Annual Losses,0,0,0,0,0,0,No Rating,December 2025,3226.936982,573122.6392
377,06085512055,Census Tract 5120.55,677228,0,California,Santa Clara County,3595,836,226,23.3,377,4,20852,T06085512021,California,CA,06,Santa Clara,County,085,06085,512021,06085512021,6292,1012548691,150648,0.62785359,111,8.526315789,0.627853048,1012548691,6292,86200400000,150648,87213099339,58,2.071428571,0.511687799,1012548457,0,0,0,1012548457,0.001339474,1.09048E-06,0.014568827,Very High,2809441.737,0,0,0,2809441.737,98.04119595,Very High,0.002774624,0,0,98.13044602,2988653.053,97.41357782,Very High,2,,,,,,,,,,Not Applicable,,,,,,Not Applicable,,,,,,Not Applicable,,8E-06,0.024909086,46823962.92,321.6212902,4406211675,25961.85735,4453061600,0.3,0.000206506,0.002785553,Very Low,112.3775107,5.31334E-07,7.279273168,0.000578545,119.6573624,41.68599051,Very Low,1.10985E-07,8.44459E-11,3.84038E-09,43.70280523,127.290179,41.45172607,Very Low,December 2025,4687.921666,1071312.257
378,06085512056,Census Tract 5120.56,945063,0,California,Santa Clara County,3807,479,138,12.6,378,5,20853,T06085503208,California,CA,06,Santa Clara,County,085,06085,503208,06085503208,3737,352757025,151995,0.43848558,111,8.526315789,0.438484952,352757025,3737,51196900000,151995,51549809020,58,2.071428571,0.25783868,352756947.3,0,0,151986.5399,352908933.8,0.001305072,1.09048E-06,0.014568827,Very High,953630.0396,0,0,4586.693041,958216.7326,75.27538342,Relatively Moderate,0.002703362,0,0.030176605,97.98835052,974164.5896,70.64559476,Relatively Moderate,2,,,,,,,,,,Not Applicable,,,,,,Not Applicable,,,,,,Not Applicable,,1E-04,0.003272841,1445909.477,12.75844856,174790745.3,26076.17184,176262731,0.3,0.000206506,0.002785553,Relatively Low,43.37728321,2.6347E-07,3.609533674,0.007263656,46.99408054,31.89920683,Very Low,1.22966E-07,7.0503E-11,4.77888E-08,44.34614058,47.77621557,31.17976526,Very Low,December 2025,5410.416856,1495098.723
379,06085512057,Census Tract 5120.57,1371512,0,California,Santa Clara County,4385,687,216,15.7,379,4,20854,T06085503208,California,CA,06,Santa Clara,County,085,06085,503208,06085503208,3737,352757025,151995,0.43848558,111,8.526315789,0.438484952,352757025,3737,51196900000,151995,51549809020,58,2.071428571,0.25783868,352756947.3,0,0,151986.5399,352908933.8,0.001305072,1.09048E-06,0.014568827,Very High,953630.0396,0,0,4586.693041,958216.7326,75.27538342,Relatively Moderate,0.002703362,0,0.030176605,97.98835052,974164.5896,70.64559476,Relatively Moderate,2,,,,,,,,,,Not Applicable,,,,,,Not Applicable,,,,,,Not Applicable,,1E-04,0.003272841,1445909.477,12.75844856,174790745.3,26076.17184,176262731,0.3,0.000206506,0.002785553,Relatively Low,43.37728321,2.6347E-07,3.609533674,0.007263656,46.99408054,31.89920683,Very Low,1.22966E-07,7.0503E-11,4.77888E-08,44.34614058,47.77621557,31.17976526,Very Low,December 2025,6940.235292,2169847.003
380,06085512058,Census Tract 5120.58,1534463,0,California,Santa Clara County,5561,154,94,2.8,380,4,20855,T06085512032,California,CA,06,Santa Clara,County,085,06085,512032,06085512032,3461,1575818716,0,1.15776336,111,8.526315789,1.157762939,1575818716,3461,47415700000,0,48991518716,58,2.071428571,0.702114361,1575818397,0,0,0,1575818397,0.000490391,1.09048E-06,0.014568827,Relatively High,1600731.218,0,0,0,1600731.218,91.2487963,Relatively High,0.001015809,0,0,71.28026869,1408405.744,84.65508425,Relatively High,2,,,,,,,,,,Not Applicable,,,,,,Not Applicable,,,,,,Not Applicable,,0.004942438,0.042742477,53803556.2,376.2524892,5154659102,0,5208462658,0.3,0.000206506,0.002785553,Relatively Moderate,77036.01151,0.000393208,5386.95538,0,82422.96689,94.15646962,Relatively Moderate,4.88863E-05,1.13611E-07,0,93.89366535,72519.97007,93.21346604,Relatively Moderate,December 2025,6647.75391,2425925.204
381,06085512059,Census Tract 5120.59,2359778,0,California,Santa Clara County,7000,809,155,11.6,381,3,20856,T06085511911,California,CA,06,Santa Clara,County,085,06085,511911,06085511911,4885,1364863913,483292,14.89114965,102.9246405,7.932383612,14.89114965,1364863913,4885,66924500000,483292,68289847205,58,2.071428571,1.338178172,1364854302,736.3603994,10088137472,55311.15807,11453047085,0.001873994,1.09048E-06,0.014568827,Relatively Moderate,5298152.315,0.001663329,22787.60374,1669.195864,5322609.115,99.76865444,Very High,0.003881817,3.40497E-07,0.003453804,99.1662165,5914250.304,99.68249438,Very High,2,,,,,,,,,,Not Applicable,,,,,,Not Applicable,,,,,,Not Applicable,,0.006315437,0.506576473,197135847.1,1177.075797,16125938422,188024.667,16323262294,0.3,0.000206506,0.002785553,Relatively Moderate,331018.0396,0.001215608,16653.83078,2.920480719,347674.7909,97.58124933,Relatively High,0.000242528,2.48845E-07,6.04289E-06,97.32676917,386321.0117,97.53130463,Relatively High,December 2025,9642.518698,3729416.646
382,06085512100,Census Tract 5121,57251607,26337,California,Santa Clara County,1710,252,69,14.7,382,7,20857,T06085511911,California,CA,06,Santa Clara,County,085,06085,511911,06085511911,4885,1364863913,483292,14.89114965,102.9246405,7.932383612,14.89114965,1364863913,4885,66924500000,483292,68289847205,58,2.071428571,1.338178172,1364854302,736.3603994,10088137472,55311.15807,11453047085,0.001873994,1.09048E-06,0.014568827,Relatively Moderate,5298152.315,0.001663329,22787.60374,1669.195864,5322609.115,99.76865444,Very High,0.003881817,3.40497E-07,0.003453804,99.1662165,5914250.304,99.68249438,Very High,2,,,,,,,,,,Not Applicable,,,,,,Not Applicable,,,,,,Not Applicable,,0.006315437,0.506576473,197135847.1,1177.075797,16125938422,188024.667,16323262294,0.3,0.000206506,0.002785553,Relatively Moderate,331018.0396,0.001215608,16653.83078,2.920480719,347674.7909,97.58124933,Relatively High,0.000242528,2.48845E-07,6.04289E-06,97.32676917,386321.0117,97.53130463,Relatively High,December 2025,46189.40421,90386090.6
383,06085512200,Census Tract 5122,262653298,2006686,California,Santa Clara County,5146,1074,181,20.9,383,15,20858,T06069000100,California,CA,06,San Benito,County,069,06069,000100,06069000100,5421,2430364673,124763891,154.2563545,93.06652377,6.69354137,154.2563545,2430364673,5421,74267700000,124763891,76822828564,8,0.285714286,20.71501624,2429169331,804.0625584,11015657050,45868281.3,13490694663,0.005677346,2.12538E-06,0.015185977,Relatively Low,3940352.724,0.000488268,6689.273481,199015.6185,4146057.616,99.4668483,Very High,0.001621301,9.00698E-08,0.001595138,90.41853583,4499770.354,99.240127,Very High,1,,,,,,,,,,Not Applicable,,,,,,Not Applicable,,,,,,Not Applicable,,0.006569185,21.75809255,263087946,2030.157314,27813155206,56169189.15,28132412342,0.3,0.000206506,0.002785553,Relatively Moderate,466055.3214,0.002629194,36019.9551,1040.673902,503115.9504,98.16274839,Relatively High,0.000191764,4.85002E-07,8.34115E-06,95.8094015,546038.2965,98.07356141,Relatively High,December 2025,149909.7535,416262347.5
384,06085512305,Census Tract 5123.05,16740430,40931,California,Santa Clara County,4029,672,140,16.7,384,8,20859,T06085512100,California,CA,06,Santa Clara,County,085,06085,512100,06085512100,1722,1305227610,45028059,22.33839816,105.1415851,8.072061029,22.33839816,1305227610,1722,23591400000,45028059,24941655669,58,2.071428571,2.279969864,1303814946,207.2650132,2839530681,13535180.97,4156880808,0.000398409,1.09048E-06,0.014568827,Relatively Moderate,1076006.314,0.000468181,6414.077936,408468.5421,1490888.934,89.68457148,Relatively High,0.000824382,2.71882E-07,0.009071422,68.88226038,1422365.769,84.97140071,Relatively High,2,,,,,,,,,,Not Applicable,,,,,,Not Applicable,,,,,,Not Applicable,,0.008280278,2.459746498,171776725,584.2238818,8003867181,25971841.64,8201615748,0.3,0.000206506,0.002785553,Relatively High,420005.1725,0.000948932,13000.37008,604.8361115,433610.3787,97.92610562,Relatively High,0.000321787,5.51064E-07,1.34324E-05,98.60749408,413681.0902,97.63832899,Relatively High,December 2025,31599.67506,26444439.84
385,06085512307,Census Tract 5123.07,5467058,0,California,Santa Clara County,6529,1783,341,27.3,385,4,20860,T06085512305,California,CA,06,Santa Clara,County,085,06085,512305,06085512305,4761,1192709018,40569,6.54473079,100.253695,7.69242767,6.54473079,1192709018,4761,65225700000,40569,66418449587,58,2.071428571,1.25681916,1192708802,135.3567719,1854387775,0,3047096577,0.000914123,1.09048E-06,0.014568827,Relatively High,2258441.988,0.000305751,4188.786474,0,2262630.775,96.43352045,Very High,0.00189354,6.42199E-08,0,93.7149165,1717309.973,89.81246953,Relatively High,2,,,,,,,,,,Not Applicable,,,,,,Not Applicable,,,,,,Not Applicable,,0.007081503,0.467808674,167636198.4,1082.233617,14826600546,31300.65215,14994268045,0.3,0.000206506,0.002785553,Relatively Moderate,351048.6189,0.001575524,21584.67354,0.723063569,372634.0155,97.71205689,Relatively High,0.000294329,3.30923E-07,1.78231E-05,97.00331776,282824.8065,96.94623809,Relatively High,December 2025,13472.00957,8609871.57
386,06085512308,Census Tract 5123.08,13975635,933069,California,Santa Clara County,8550,1189,285,13.9,386,4,20861,T06085512308,California,CA,06,Santa Clara,County,085,06085,512308,06085512308,8956,2584327269,2753163,5.81439456,110.0255428,8.527332237,5.81439456,2584327269,8956,1.22697E+11,2753163,1.25284E+11,58,2.071428571,2.047498851,2584326736,29.19226413,399934018.5,7937.26587,2984268692,0.000632398,1.09048E-06,0.014568827,Relatively High,3385381.541,6.5941E-05,903.3915291,239.5330676,3386524.466,98.93604528,Very High,0.001309966,7.36277E-09,8.70029E-05,83.73535007,2570331.98,96.17209518,Very High,2,,,,,,,,,,Not Applicable,,,,,,Not Applicable,,,,,,Not Applicable,,0.004462928,0.308180954,78832143.02,927.6407636,12708678461,670578.2424,12788181182,0.3,0.000206506,0.002785553,Relatively Moderate,122484.5668,0.000829371,11362.38387,5.658732877,133852.6094,95.57038041,Relatively Moderate,4.73951E-05,9.26051E-08,2.05536E-06,92.79607102,101592.546,94.39430155,Relatively Moderate,December 2025,25448.89167,23511459.45
387,06085512309,Census Tract 5123.09,9136346,0,California,Santa Clara County,5110,1026,174,20.1,387,3,20862,T06085512308,California,CA,06,Santa Clara,County,085,06085,512308,06085512308,8956,2584327269,2753163,5.81439456,110.0255428,8.527332237,5.81439456,2584327269,8956,1.22697E+11,2753163,1.25284E+11,58,2.071428571,2.047498851,2584326736,29.19226413,399934018.5,7937.26587,2984268692,0.000632398,1.09048E-06,0.014568827,Relatively High,3385381.541,6.5941E-05,903.3915291,239.5330676,3386524.466,98.93604528,Very High,0.001309966,7.36277E-09,8.70029E-05,83.73535007,2570331.98,96.17209518,Very High,2,,,,,,,,,,Not Applicable,,,,,,Not Applicable,,,,,,Not Applicable,,0.004462928,0.308180954,78832143.02,927.6407636,12708678461,670578.2424,12788181182,0.3,0.000206506,0.002785553,Relatively Moderate,122484.5668,0.000829371,11362.38387,5.658732877,133852.6094,95.57038041,Relatively Moderate,4.73951E-05,9.26051E-08,2.05536E-06,92.79607102,101592.546,94.39430155,Relatively Moderate,December 2025,20514.67098,14399923.25
388,06085512310,Census Tract 5123.10,3971870,0,California,Santa Clara County,5234,644,163,12.3,388,5,20863,T06085512307,California,CA,06,Santa Clara,County,085,06085,512307,06085512307,6841,1532047367,1327725,2.13215262,111,8.526315789,2.13215262,1532047367,6841,93721700000,1327725,95255075092,58,2.071428571,1.123398733,1532047076,584.1742682,8003187475,351446.6946,9535585998,0.001502843,1.09048E-06,0.014568827,Relatively Moderate,4769311.507,0.001319563,18078.01146,10606.05834,4797995.577,99.65474317,Very High,0.003113031,1.9289E-07,0.007988144,98.43812387,6098645.823,99.71103421,Very High,2,,,,,,,,,,Not Applicable,,,,,,Not Applicable,,,,,,Not Applicable,,0.004645767,0.208071044,37715170.33,529.8514887,7258965395,606977.1705,7297287543,0.3,0.000206506,0.002785553,Relatively Moderate,43510.81194,0.000573155,7852.220778,7.520380164,51370.5531,92.48332204,Relatively Moderate,2.84004E-05,8.37823E-08,5.66411E-06,86.92756829,65296.18547,92.82223253,Relatively Moderate,December 2025,14956.03133,6257991.969
389,06085512311,Census Tract 5123.11,5485241,0,California,Santa Clara County,4119,501,135,12.2,389,4,20864,T06085512308,California,CA,06,Santa Clara,County,085,06085,512308,06085512308,8956,2584327269,2753163,5.81439456,110.0255428,8.527332237,5.81439456,2584327269,8956,1.22697E+11,2753163,1.25284E+11,58,2.071428571,2.047498851,2584326736,29.19226413,399934018.5,7937.26587,2984268692,0.000632398,1.09048E-06,0.014568827,Relatively High,3385381.541,6.5941E-05,903.3915291,239.5330676,3386524.466,98.93604528,Very High,0.001309966,7.36277E-09,8.70029E-05,83.73535007,2570331.98,96.17209518,Very High,2,,,,,,,,,,Not Applicable,,,,,,Not Applicable,,,,,,Not Applicable,,0.004462928,0.308180954,78832143.02,927.6407636,12708678461,670578.2424,12788181182,0.3,0.000206506,0.002785553,Relatively Moderate,122484.5668,0.000829371,11362.38387,5.658732877,133852.6094,95.57038041,Relatively Moderate,4.73951E-05,9.26051E-08,2.05536E-06,92.79607102,101592.546,94.39430155,Relatively Moderate,December 2025,13175.03808,8649790.347
390,06085512312,Census Tract 5123.12,1394562,0,California,Santa Clara County,4066,434,112,10.7,390,4,20865,T06085512308,California,CA,06,Santa Clara,County,085,06085,512308,06085512308,8956,2584327269,2753163,5.81439456,110.0255428,8.527332237,5.81439456,2584327269,8956,1.22697E+11,2753163,1.25284E+11,58,2.071428571,2.047498851,2584326736,29.19226413,399934018.5,7937.26587,2984268692,0.000632398,1.09048E-06,0.014568827,Relatively High,3385381.541,6.5941E-05,903.3915291,239.5330676,3386524.466,98.93604528,Very High,0.001309966,7.36277E-09,8.70029E-05,83.73535007,2570331.98,96.17209518,Very High,2,,,,,,,,,,Not Applicable,,,,,,Not Applicable,,,,,,Not Applicable,,0.004462928,0.308180954,78832143.02,927.6407636,12708678461,670578.2424,12788181182,0.3,0.000206506,0.002785553,Relatively Moderate,122484.5668,0.000829371,11362.38387,5.658732877,133852.6094,95.57038041,Relatively Moderate,4.73951E-05,9.26051E-08,2.05536E-06,92.79607102,101592.546,94.39430155,Relatively Moderate,December 2025,6002.848864,2198165.301
391,06085512313,Census Tract 5123.13,2628221,0,California,Santa Clara County,4008,418,123,10.4,391,4,20866,T06085512305,California,CA,06,Santa Clara,County,085,06085,512305,06085512305,4761,1192709018,40569,6.54473079,100.253695,7.69242767,6.54473079,1192709018,4761,65225700000,40569,66418449587,58,2.071428571,1.25681916,1192708802,135.3567719,1854387775,0,3047096577,0.000914123,1.09048E-06,0.014568827,Relatively High,2258441.988,0.000305751,4188.786474,0,2262630.775,96.43352045,Very High,0.00189354,6.42199E-08,0,93.7149165,1717309.973,89.81246953,Relatively High,2,,,,,,,,,,Not Applicable,,,,,,Not Applicable,,,,,,Not Applicable,,0.007081503,0.467808674,167636198.4,1082.233617,14826600546,31300.65215,14994268045,0.3,0.000206506,0.002785553,Relatively Moderate,351048.6189,0.001575524,21584.67354,0.723063569,372634.0155,97.71205689,Relatively High,0.000294329,3.30923E-07,1.78231E-05,97.00331776,282824.8065,96.94623809,Relatively High,December 2025,8590.855308,4140843.361
392,06085512314,Census Tract 5123.14,3727193,0,California,Santa Clara County,7110,1000,247,14.1,392,6,20867,T06085512305,California,CA,06,Santa Clara,County,085,06085,512305,06085512305,4761,1192709018,40569,6.54473079,100.253695,7.69242767,6.54473079,1192709018,4761,65225700000,40569,66418449587,58,2.071428571,1.25681916,1192708802,135.3567719,1854387775,0,3047096577,0.000914123,1.09048E-06,0.014568827,Relatively High,2258441.988,0.000305751,4188.786474,0,2262630.775,96.43352045,Very High,0.00189354,6.42199E-08,0,93.7149165,1717309.973,89.81246953,Relatively High,2,,,,,,,,,,Not Applicable,,,,,,Not Applicable,,,,,,Not Applicable,,0.007081503,0.467808674,167636198.4,1082.233617,14826600546,31300.65215,14994268045,0.3,0.000206506,0.002785553,Relatively Moderate,351048.6189,0.001575524,21584.67354,0.723063569,372634.0155,97.71205689,Relatively High,0.000294329,3.30923E-07,1.78231E-05,97.00331776,282824.8065,96.94623809,Relatively High,December 2025,10523.43816,5874223.724
393,06085512401,Census Tract 5124.01,41363664,9155,California,Santa Clara County,3961,929,236,23.5,393,7,20868,T06085512307,California,CA,06,Santa Clara,County,085,06085,512307,06085512307,6841,1532047367,1327725,2.13215262,111,8.526315789,2.13215262,1532047367,6841,93721700000,1327725,95255075092,58,2.071428571,1.123398733,1532047076,584.1742682,8003187475,351446.6946,9535585998,0.001502843,1.09048E-06,0.014568827,Relatively Moderate,4769311.507,0.001319563,18078.01146,10606.05834,4797995.577,99.65474317,Very High,0.003113031,1.9289E-07,0.007988144,98.43812387,6098645.823,99.71103421,Very High,2,,,,,,,,,,Not Applicable,,,,,,Not Applicable,,,,,,Not Applicable,,0.004645767,0.208071044,37715170.33,529.8514887,7258965395,606977.1705,7297287543,0.3,0.000206506,0.002785553,Relatively Moderate,43510.81194,0.000573155,7852.220778,7.520380164,51370.5531,92.48332204,Relatively Moderate,2.84004E-05,8.37823E-08,5.66411E-06,86.92756829,65296.18547,92.82223253,Relatively Moderate,December 2025,50338.84573,65092036.8
394,06085512402,Census Tract 5124.02,49390719,607393,California,Santa Clara County,5696,1167,243,20.5,394,7,20869,T06085512308,California,CA,06,Santa Clara,County,085,06085,512308,06085512308,8956,2584327269,2753163,5.81439456,110.0255428,8.527332237,5.81439456,2584327269,8956,1.22697E+11,2753163,1.25284E+11,58,2.071428571,2.047498851,2584326736,29.19226413,399934018.5,7937.26587,2984268692,0.000632398,1.09048E-06,0.014568827,Relatively High,3385381.541,6.5941E-05,903.3915291,239.5330676,3386524.466,98.93604528,Very High,0.001309966,7.36277E-09,8.70029E-05,83.73535007,2570331.98,96.17209518,Very High,2,,,,,,,,,,Not Applicable,,,,,,Not Applicable,,,,,,Not Applicable,,0.004462928,0.308180954,78832143.02,927.6407636,12708678461,670578.2424,12788181182,0.3,0.000206506,0.002785553,Relatively Moderate,122484.5668,0.000829371,11362.38387,5.658732877,133852.6094,95.57038041,Relatively Moderate,4.73951E-05,9.26051E-08,2.05536E-06,92.79607102,101592.546,94.39430155,Relatively Moderate,December 2025,60216.09978,78732882.52
395,06085512505,Census Tract 5125.05,2656752,0,California,Santa Clara County,7683,734,250,9.6,395,5,20870,T06085512505,California,CA,06,Santa Clara,County,085,06085,512505,06085512505,7643,1132642110,345197,1.0361325,111,8.526315789,1.036131275,1132642110,7643,1.04709E+11,345197,1.05842E+11,58,2.071428571,0.630058239,1132641844,0,0,0,1132641844,0.000761211,1.09048E-06,0.014568827,Very High,1785943.173,0,0,0,1785943.173,93.2827583,Relatively High,0.001576794,0,0,89.83841041,1611826.654,88.3438574,Relatively High,1,,,,,,,,,,Not Applicable,,,,,,Not Applicable,,,,,,Not Applicable,,0.000970911,0.009171728,0,160.6745163,2201240873,0,2201240873,0.3,0.000206506,0.002785553,Very Low,0,2.29057E-05,313.8075251,0,313.8075251,53.1423543,Very Low,0,2.99695E-09,0,19.67107845,283.2135652,51.20878075,Very Low,December 2025,9179.83699,4175806.504
396,06085512509,Census Tract 5125.09,4848125,0,California,Santa Clara County,7855,809,189,10.3,396,5,20871,T06085512509,California,CA,06,Santa Clara,County,085,06085,512509,06085512509,6469,1310229329,7868891,1.89076875,111,8.526315789,1.89076875,1310229329,6469,88625300000,7868891,89943398220,58,2.071428571,1.00296272,1310229074,545.7138454,7476279682,4880981.917,8791389739,0.00076599,1.09048E-06,0.014568827,Relatively Low,2078932.46,0.001232686,16887.80504,147299.6609,2243119.926,96.34309604,Very High,0.001586694,1.90553E-07,0.01871924,90.02630528,1702501.47,89.64123054,Relatively High,1,,,,,,,,,,Not Applicable,,,,,,Not Applicable,,,,,,Not Applicable,,0.004790355,0.255937098,24493616.31,551.0706128,7549667395,2584190.966,7576745202,0.3,0.000206506,0.002785553,Relatively Moderate,39243.69527,0.000480323,6580.424777,35.02891998,45859.14897,92.0338197,Relatively Moderate,2.99518E-05,7.425E-08,4.45157E-06,87.81705968,34806.55119,90.14067758,Relatively Moderate,December 2025,12981.66268,7612871.385
397,06085512510,Census Tract 5125.10,23158850,0,California,Santa Clara County,7673,1711,337,22.3,397,6,20872,T06085512200,California,CA,06,Santa Clara,County,085,06085,512200,06085512200,4783,1663745931,4299341,103.2173938,94.92097554,7.279730016,103.2173938,1663745931,4783,65527100000,4299341,67195145272,58,2.071428571,2.497356659,1663154262,216.7022096,2968820271,2281722.867,4634256256,0.001523891,1.09048E-06,0.014568827,Relatively High,5249963.781,0.000489498,6706.123911,68858.48184,5325528.387,99.77100312,Very High,0.003155508,1.02341E-07,0.016016055,98.69295629,4933563.677,99.44109498,Very High,2,,,,,,,,,,Not Applicable,,,,,,Not Applicable,,,,,,Not Applicable,,0.010475632,1.498030804,317444664.4,2241.579622,30709640820,1796886.238,31028882371,0.3,0.000206506,0.002785553,Relatively High,977933.8287,0.004173757,57180.47266,46.51811922,1035160.82,98.97137693,Relatively High,0.00058779,8.72623E-07,1.08198E-05,97.75486664,958971.8518,98.74781492,Relatively High,December 2025,32272.16887,36355887.28
398,06085512511,Census Tract 5125.11,1384994,0,California,Santa Clara County,4774,810,199,17,398,5,20873,T06085512510,California,CA,06,Santa Clara,County,085,06085,512510,06085512510,7791,1788551981,7235572,9.0319515,105.1232467,8.070501124,9.0319515,1788551981,7791,1.06737E+11,7235572,1.08532E+11,58,2.071428571,1.343230122,1788503961,15.33349723,210068912.1,4252774.595,2002825648,0.001201173,1.09048E-06,0.014568827,Very High,4450056.721,3.46361E-05,474.5144622,128341.4416,4578872.677,99.60659511,Very High,0.002488078,4.44565E-09,0.017737567,97.4246659,4626994.468,99.30553078,Very High,1,,,,,,,,,,Not Applicable,,,,,,Not Applicable,,,,,,Not Applicable,,0.006305651,0.288999954,48599169.15,526.2604479,7209768137,2254752.675,7260622059,0.3,0.000206506,0.002785553,Relatively Moderate,80070.96912,0.000523576,7172.986958,41.89514141,87285.85122,94.32295197,Relatively Moderate,4.47686E-05,6.72026E-08,5.79016E-06,92.77347698,88203.18431,93.90317862,Relatively Moderate,December 2025,6464.973789,2175933.266
399,06085512512,Census Tract 5125.12,979398,0,California,Santa Clara County,3406,422,136,12.4,399,3,20874,T06085512509,California,CA,06,Santa Clara,County,085,06085,512509,06085512509,6469,1310229329,7868891,1.89076875,111,8.526315789,1.89076875,1310229329,6469,88625300000,7868891,89943398220,58,2.071428571,1.00296272,1310229074,545.7138454,7476279682,4880981.917,8791389739,0.00076599,1.09048E-06,0.014568827,Relatively Low,2078932.46,0.001232686,16887.80504,147299.6609,2243119.926,96.34309604,Very High,0.001586694,1.90553E-07,0.01871924,90.02630528,1702501.47,89.64123054,Relatively High,1,,,,,,,,,,Not Applicable,,,,,,Not Applicable,,,,,,Not Applicable,,0.004790355,0.255937098,24493616.31,551.0706128,7549667395,2584190.966,7576745202,0.3,0.000206506,0.002785553,Relatively Moderate,39243.69527,0.000480323,6580.424777,35.02891998,45859.14897,92.0338197,Relatively Moderate,2.99518E-05,7.425E-08,4.45157E-06,87.81705968,34806.55119,90.14067758,Relatively Moderate,December 2025,5429.891069,1538432.04
400,06085512513,Census Tract 5125.13,1279370,0,California,Santa Clara County,4003,404,126,10.1,400,6,20875,T06085512505,California,CA,06,Santa Clara,County,085,06085,512505,06085512505,7643,1132642110,345197,1.0361325,111,8.526315789,1.036131275,1132642110,7643,1.04709E+11,345197,1.05842E+11,58,2.071428571,0.630058239,1132641844,0,0,0,1132641844,0.000761211,1.09048E-06,0.014568827,Very High,1785943.173,0,0,0,1785943.173,93.2827583,Relatively High,0.001576794,0,0,89.83841041,1611826.654,88.3438574,Relatively High,1,,,,,,,,,,Not Applicable,,,,,,Not Applicable,,,,,,Not Applicable,,0.000970911,0.009171728,0,160.6745163,2201240873,0,2201240873,0.3,0.000206506,0.002785553,Very Low,0,2.29057E-05,313.8075251,0,313.8075251,53.1423543,Very Low,0,2.99695E-09,0,19.67107845,283.2135652,51.20878075,Very Low,December 2025,10355.7746,2010795.767
401,06085512514,Census Tract 5125.14,783270,0,California,Santa Clara County,2899,290,99,10,401,2,20876,T06085512513,California,CA,06,Santa Clara,County,085,06085,512513,06085512513,4133,615757842,2417,0.49895352,111,8.526315789,0.498953442,615757842,4133,56622100000,2417,57237860259,58,2.071428571,0.371450329,615757692.8,0,0,0,615757692.8,0.00070954,1.09048E-06,0.014568827,Very High,905016.474,0,0,0,905016.474,72.83392442,Relatively Moderate,0.00146976,0,0,87.83733001,903281.7013,67.20297766,Relatively Moderate,1,,,,,,,,,,Not Applicable,,,,,,Not Applicable,,,,,,Not Applicable,,1E-05,0.004294272,6642637.389,77.12120872,1056560559,0,1063203197,0.3,0.000206506,0.002785553,Very Low,19.92791166,1.5926E-07,2.181860894,0,22.10977256,26.22572628,Very Low,3.23632E-08,3.85337E-11,0,30.38064999,22.06739164,25.59309336,Very Low,December 2025,5187.076814,1231066.551
402,06085512515,Census Tract 5125.15,10340587,0,California,Santa Clara County,4837,597,133,12.3,402,5,20877,T06085512200,California,CA,06,Santa Clara,County,085,06085,512200,06085512200,4783,1663745931,4299341,103.2173938,94.92097554,7.279730016,103.2173938,1663745931,4783,65527100000,4299341,67195145272,58,2.071428571,2.497356659,1663154262,216.7022096,2968820271,2281722.867,4634256256,0.001523891,1.09048E-06,0.014568827,Relatively High,5249963.781,0.000489498,6706.123911,68858.48184,5325528.387,99.77100312,Very High,0.003155508,1.02341E-07,0.016016055,98.69295629,4933563.677,99.44109498,Very High,2,,,,,,,,,,Not Applicable,,,,,,Not Applicable,,,,,,Not Applicable,,0.010475632,1.498030804,317444664.4,2241.579622,30709640820,1796886.238,31028882371,0.3,0.000206506,0.002785553,Relatively High,977933.8287,0.004173757,57180.47266,46.51811922,1035160.82,98.97137693,Relatively High,0.00058779,8.72623E-07,1.08198E-05,97.75486664,958971.8518,98.74781492,Relatively High,December 2025,20063.75529,16256806.99
403,06085512516,Census Tract 5125.16,3272718,3754,California,Santa Clara County,4322,603,177,14,403,5,20878,T06085512200,California,CA,06,Santa Clara,County,085,06085,512200,06085512200,4783,1663745931,4299341,103.2173938,94.92097554,7.279730016,103.2173938,1663745931,4783,65527100000,4299341,67195145272,58,2.071428571,2.497356659,1663154262,216.7022096,2968820271,2281722.867,4634256256,0.001523891,1.09048E-06,0.014568827,Relatively High,5249963.781,0.000489498,6706.123911,68858.48184,5325528.387,99.77100312,Very High,0.003155508,1.02341E-07,0.016016055,98.69295629,4933563.677,99.44109498,Very High,2,,,,,,,,,,Not Applicable,,,,,,Not Applicable,,,,,,Not Applicable,,0.010475632,1.498030804,317444664.4,2241.579622,30709640820,1796886.238,31028882371,0.3,0.000206506,0.002785553,Relatively High,977933.8287,0.004173757,57180.47266,46.51811922,1035160.82,98.97137693,Relatively High,0.00058779,8.72623E-07,1.08198E-05,97.75486664,958971.8518,98.74781492,Relatively High,December 2025,11215.16402,5149049.812
404,06085512602,Census Tract 5126.02,97183911,26244,California,Santa Clara County,3124,596,218,19.1,404,6,20879,T06069000100,California,CA,06,San Benito,County,069,06069,000100,06069000100,5421,2430364673,124763891,154.2563545,93.06652377,6.69354137,154.2563545,2430364673,5421,74267700000,124763891,76822828564,8,0.285714286,20.71501624,2429169331,804.0625584,11015657050,45868281.3,13490694663,0.005677346,2.12538E-06,0.015185977,Relatively Low,3940352.724,0.000488268,6689.273481,199015.6185,4146057.616,99.4668483,Very High,0.001621301,9.00698E-08,0.001595138,90.41853583,4499770.354,99.240127,Very High,1,,,,,,,,,,Not Applicable,,,,,,Not Applicable,,,,,,Not Applicable,,0.006569185,21.75809255,263087946,2030.157314,27813155206,56169189.15,28132412342,0.3,0.000206506,0.002785553,Relatively Moderate,466055.3214,0.002629194,36019.9551,1040.673902,503115.9504,98.16274839,Relatively High,0.000191764,4.85002E-07,8.34115E-06,95.8094015,546038.2965,98.07356141,Relatively High,December 2025,77798.35395,152734718.2
405,06085512603,Census Tract 5126.03,2088701,0,California,Santa Clara County,4877,423,186,8.7,405,5,20880,T06085512509,California,CA,06,Santa Clara,County,085,06085,512509,06085512509,6469,1310229329,7868891,1.89076875,111,8.526315789,1.89076875,1310229329,6469,88625300000,7868891,89943398220,58,2.071428571,1.00296272,1310229074,545.7138454,7476279682,4880981.917,8791389739,0.00076599,1.09048E-06,0.014568827,Relatively Low,2078932.46,0.001232686,16887.80504,147299.6609,2243119.926,96.34309604,Very High,0.001586694,1.90553E-07,0.01871924,90.02630528,1702501.47,89.64123054,Relatively High,1,,,,,,,,,,Not Applicable,,,,,,Not Applicable,,,,,,Not Applicable,,0.004790355,0.255937098,24493616.31,551.0706128,7549667395,2584190.966,7576745202,0.3,0.000206506,0.002785553,Relatively Moderate,39243.69527,0.000480323,6580.424777,35.02891998,45859.14897,92.0338197,Relatively Moderate,2.99518E-05,7.425E-08,4.45157E-06,87.81705968,34806.55119,90.14067758,Relatively Moderate,December 2025,9458.656787,3281013.681
406,06085512604,Census Tract 5126.04,2218652,0,California,Santa Clara County,4637,545,122,11.8,406,3,20881,T06085512602,California,CA,06,Santa Clara,County,085,06085,512602,06085512602,3531,4388487797,227623617,37.91196045,110.0561785,8.5220549,37.91196045,4388487797,3531,48374700000,227623617,52990811414,58,2.071428571,16.01805243,4388258284,1626.92967,22288936482,170571294.4,26847766060,0.000648038,1.09048E-06,0.014568827,Relatively Moderate,5890646.276,0.003674992,50347.39601,5147549.051,11088542.72,99.9671184,Very High,0.001342295,1.04078E-06,0.022614301,91.71031308,8416072.66,99.88702984,Very High,1,,,,,,,,,,Not Applicable,,,,,,Not Applicable,,,,,,Not Applicable,,0.005882309,7.19616495,265558957.1,990.9211594,13575619884,83281571.48,13924460413,0.3,0.000206506,0.002785553,Relatively Moderate,202924.7027,0.001177876,16136.90787,1353.266153,220414.8768,96.72148693,Relatively High,4.62402E-05,3.33582E-07,5.94519E-06,93.37994839,167292.2822,95.75707847,Relatively Moderate,December 2025,9962.041207,3486782.379
407,06085513000,Census Tract 5130,2759138,0,California,Santa Clara County,12324,17,74,0.1,407,5,20882,T06085511501,California,CA,06,Santa Clara,County,085,06085,511501,06085511501,4914,1364588280,0,0.5944536,68,4.631578947,0.594452539,1364588280,4914,67321800000,0,68686388280,58,2.071428571,0.485427411,1364588006,0,0,0,1364588006,0.000595845,1.09048E-06,0.014568827,Relatively High,1684244.071,0,0,0,1684244.071,92.26460295,Relatively High,0.001234251,0,0,81.32794701,2190149.51,94.24922407,Relatively High,2,,,,,,,,,,Not Applicable,,,,,,Not Applicable,,,,,,Not Applicable,,1E-05,0.06100908,103417306.5,529.4329878,7253231933,0,7356649239,0.3,0.000206506,0.002785553,Very Low,310.2519115,1.09331E-06,14.97835876,0,325.2302703,53.62634226,Very Low,2.27359E-07,2.22489E-10,0,55.08068448,422.9214337,56.24843923,Very Low,December 2025,9642.307979,4383086.903
408,06085513500,Census Tract 5135,1528907498,9778597,California,Santa Clara County,1009,249,128,24.7,408,15,20883,T06001450701,California,CA,06,Alameda,County,001,06001,450701,06001450701,8260,3626194636,772590,104.1992437,107.7582148,8.507205748,104.1992437,3626194636,8260,1.13162E+11,772590,1.16789E+11,63,2.25,2.686803692,3626177638,0,0,25369.26124,3626203007,0.00082833,1.09048E-06,0.01448803,Very High,6758259.234,0,0,826.9888903,6759086.223,99.88843742,Very High,0.001863733,0,0.001070411,93.58456444,5936179.378,99.68844018,Very High,2,,,,,,,,,,Not Applicable,,,,,,Not Applicable,,,,,,Not Applicable,,0.007616438,1.176968169,717881874.9,2382.624107,32641950264,310523.54,33360142662,0.3,0.000206506,0.002785553,Relatively High,1577294.975,0.003122715,42781.19572,6.246913487,1620082.418,99.34358389,Very High,0.000434973,3.78053E-07,8.08568E-06,99.10099533,1422840.236,99.12002188,Very High,December 2025,331160.4309,2432185562
